training_campaigns,training_rows,model_id,family,audit_target_date,audit_rows,hyperparameters_retuned,n,mae,median_absolute_error,rmse,bias,absolute_bias,p90_absolute_error,p95_absolute_error,max_absolute_error,r2_descriptive,precision_weighted_mae,precision_weighted_rmse,b1_mae,b1_skill,mase,mase_available,direction_accuracy,direction_neutral_fraction
5,217,B1_persistence_last_rate,persistence,2023-11-07,88,False,88,6.104172770658447,4.65818584571435,10.470596431765474,1.0242381158204608,1.0242381158204608,11.010434436428532,14.342378433642907,71.02960179557142,0.9129945556349127,5.788317097879457,9.446109430848567,6.104172770658447,0.0,0.652929017761695,True,0.625,0.625
5,217,B3_profile_robust_trend,profile_robust_trend,2023-11-07,88,False,88,8.323925585119087,5.804035871862555,13.291856808545269,-0.41206918503955364,0.41206918503955364,15.932025254514125,23.738426701102146,72.54711741184246,0.8597913215932208,7.760341749442574,12.146561214464084,6.104172770658447,-0.36364514863185926,0.8903634874717005,True,0.5568181818181818,0.625
5,217,B5_fixed_kalman,fixed_kalman,2023-11-07,88,False,88,7.194351417200139,4.096651250384224,12.969706758703834,-0.8303176357725096,0.8303176357725096,12.69544292525629,26.857107389041722,73.30311679054536,0.8665053375669348,6.11768310604861,10.584408129281776,6.104172770658447,-0.17859564063814903,0.7695392939800824,True,0.5795454545454546,0.625
5,217,B6_adaptive_kalman,adaptive_kalman,2023-11-07,88,False,88,6.781303016453992,4.146619788916774,12.104677250195847,-0.48408628025848616,0.48408628025848616,12.134547941792306,21.276615640143085,72.74420010156587,0.8837186631380222,5.887222957368545,10.052742576745038,6.104172770658447,-0.11092907609862812,0.7253578304599846,True,0.5795454545454546,0.625
5,217,B7_two_regime_imm,imm_damped_acceleration,2023-11-07,88,False,88,6.01359264185854,3.5698244416013067,11.358109733379509,0.5020106791250645,0.5020106791250645,11.07082650429994,20.24002192982606,75.19699075955526,0.8976198626097419,5.40401805609524,9.64446665385691,6.104172770658447,0.014839050630301331,0.6432401710091363,True,0.6136363636363636,0.625
5,217,B8_student_t_robust_imm,imm_student_t_robust_observation,2023-11-07,88,False,88,5.805216763856513,3.566255614158262,10.934067745488237,0.33113577560286434,0.33113577560286434,10.5437265805122,17.11349800624586,75.02178563501448,0.9051216532804134,5.172665819482554,9.213678934085141,6.104172770658447,0.048975679102491454,0.6209513757110933,True,0.6363636363636364,0.625
5,217,M1_ridge,ridge,2023-11-07,88,False,88,7.168850524701563,4.311774294840296,12.595306552684614,0.8457320641978469,0.8457320641978469,11.618646779662283,19.24896895800932,71.5950020889079,0.8741013504016968,6.502302049776375,11.07332228344294,6.104172770658447,-0.17441802420154473,0.7668116069835452,True,0.6022727272727273,0.625
5,217,M2_extra_trees,extra_trees,2023-11-07,88,False,88,6.776929995790895,4.262489356719845,11.38672306014817,0.825030925575247,0.825030925575247,12.260811534303098,21.01468657444737,71.15462718957235,0.8971033812040123,6.407667301096216,10.39484387012247,6.104172770658447,-0.11021267752548858,0.7248900730432987,True,0.6136363636363636,0.625
9,423,B1_persistence_last_rate,persistence,2023-11-07,88,False,88,6.104172770658447,4.65818584571435,10.470596431765474,1.0242381158204608,1.0242381158204608,11.010434436428532,14.342378433642907,71.02960179557142,0.9129945556349127,5.788317097879457,9.446109430848567,6.104172770658447,0.0,0.9049950068052359,True,0.625,0.625
9,423,B3_profile_robust_trend,profile_robust_trend,2023-11-07,88,False,88,8.379558993311212,5.804035871862555,13.404262295998144,-0.48102881434214173,0.48102881434214173,16.586438885796507,24.49396306745739,72.54711741184246,0.8574098838513653,7.8034512403649,12.252602282500847,6.104172770658447,-0.3727591449557419,1.2423401717311715,True,0.5568181818181818,0.625
9,423,B5_fixed_kalman,fixed_kalman,2023-11-07,88,False,88,7.194351417200139,4.096651250384224,12.969706758703834,-0.8303176357725096,0.8303176357725096,12.69544292525629,26.857107389041722,73.30311679054536,0.8665053375669348,6.11768310604861,10.584408129281778,6.104172770658447,-0.17859564063814903,1.0666231698199433,True,0.5795454545454546,0.625
9,423,B6_adaptive_kalman,adaptive_kalman,2023-11-07,88,False,88,6.7697654738219315,4.158880500055598,12.07123615190452,-0.46542145052053113,0.46542145052053113,12.099240524056649,21.089769769784592,72.7063263488858,0.884360267061949,5.883179473101243,10.03418893719058,6.104172770658447,-0.1090389686155111,1.0036747289494663,True,0.5909090909090909,0.625
9,423,B7_two_regime_imm,imm_damped_acceleration,2023-11-07,88,False,88,6.015032139526932,3.583877036720498,11.340380768256987,0.5250746874470678,0.5250746874470678,11.096986514609677,20.02983025753636,75.19019919345143,0.8979392251322497,5.412436981927691,9.640563058067462,6.104172770658447,0.014603228722489092,0.8917791577281485,True,0.6136363636363636,0.625
9,423,B8_student_t_robust_imm,imm_student_t_robust_observation,2023-11-07,88,False,88,5.83151260123883,3.579772082232585,10.947076372389832,0.3166794961389288,0.3166794961389288,10.740878208904597,16.775745414056285,75.03578142929929,0.9048957590846146,5.22329543558746,9.257671869425852,6.104172770658447,0.044667832917547945,0.8645708410500446,True,0.625,0.625
9,423,M1_ridge,ridge,2023-11-07,88,False,88,6.709141286703635,4.309399845898913,11.619392366610116,-0.37925888311325867,0.37925888311325867,13.093028204428906,16.366204686040774,71.5355979191863,0.8928553668323389,6.138751814491531,10.206155151307943,6.104172770658447,-0.09910737110082324,0.9946866827890746,True,0.5795454545454546,0.625
9,423,M2_extra_trees,extra_trees,2023-11-07,88,False,88,6.509681350130804,4.4625730152955025,10.974760347518435,0.886997264440824,0.886997264440824,13.059633076210407,21.706771500280514,67.52615448761784,0.9044141341348567,6.302725297557314,10.153595088479046,6.104172770658447,-0.06643137321105264,0.9651150678564537,True,0.625,0.625
14,708,B1_persistence_last_rate,persistence,2023-11-07,88,False,88,6.104172770658447,4.65818584571435,10.470596431765474,1.0242381158204608,1.0242381158204608,11.010434436428532,14.342378433642907,71.02960179557142,0.9129945556349127,5.788317097879457,9.446109430848567,6.104172770658447,0.0,0.9324306914189557,True,0.625,0.625
14,708,B3_profile_robust_trend,profile_robust_trend,2023-11-07,88,False,88,8.456329059266038,5.804035871862555,13.549693823912293,-0.5728712755495565,0.5728712755495565,17.360155175429448,25.157148458571346,72.54711741184246,0.8542989937320619,7.861553516608961,12.3875633213675,6.104172770658447,-0.3853357984744372,1.2917296164189507,True,0.5568181818181818,0.625
14,708,B5_fixed_kalman,fixed_kalman,2023-11-07,88,False,88,7.194351417200139,4.096651250384224,12.969706758703834,-0.8303176357725096,0.8303176357725096,12.69544292525629,26.857107389041722,73.30311679054536,0.8665053375669348,6.11768310604861,10.584408129281778,6.104172770658447,-0.17859564063814903,1.0989587481035965,True,0.5795454545454546,0.625
14,708,B6_adaptive_kalman,adaptive_kalman,2023-11-07,88,False,88,6.7703216033847475,4.15860721497106,12.072327743146028,-0.4652632670003847,0.4652632670003847,12.090658311055797,21.100570114508013,72.72486926129872,0.8843393517181433,5.88294097000804,10.03440694826945,6.104172770658447,-0.10913007507394701,1.0341869227747589,True,0.5909090909090909,0.625
14,708,B7_two_regime_imm,imm_damped_acceleration,2023-11-07,88,False,88,6.017183040711829,3.5916836107121486,11.332915147400438,0.5368871039655585,0.5368871039655585,11.114693652345466,19.924054627843265,75.189668878397,0.8980735585839819,5.417859784202905,9.639802363702119,6.104172770658447,0.014250863010424775,0.9191427493688286,True,0.6136363636363636,0.625
14,708,B8_student_t_robust_imm,imm_student_t_robust_observation,2023-11-07,88,False,88,5.833819728577933,3.587266919748368,10.946512877714946,0.32116726671350065,0.32116726671350065,10.873164057446873,16.604063356996654,75.04466224316357,0.9049055497085612,5.232311203012445,9.267137456001441,6.104172770658447,0.04428987386792982,0.8911334537054236,True,0.625,0.625
14,708,M1_ridge,ridge,2023-11-07,88,False,88,6.80043777284147,4.419478071097703,11.50267164114194,0.5778361521261935,0.5778361521261935,13.525703755039505,17.108028686195983,70.04055258017758,0.8949971631371231,6.07195638465595,10.10757074678278,6.104172770658447,-0.11406377708210225,1.038787257949478,True,0.6022727272727273,0.625
14,708,M2_extra_trees,extra_trees,2023-11-07,88,False,88,6.570397252914355,4.463730841535321,11.193282168185883,0.6425959737931438,0.6425959737931438,12.339007524060433,18.653186518212827,69.70406358429233,0.9005697591413797,6.225067928610093,10.161357297993488,6.104172770658447,-0.07637799580263471,1.0036478788544005,True,0.6136363636363636,0.625
18,823,B1_persistence_last_rate,persistence,2023-11-07,88,False,88,6.104172770658447,4.65818584571435,10.470596431765474,1.0242381158204608,1.0242381158204608,11.010434436428532,14.342378433642907,71.02960179557142,0.9129945556349127,5.788317097879457,9.446109430848567,6.104172770658447,0.0,0.9461383845625098,True,0.625,0.625
18,823,B3_profile_robust_trend,profile_robust_trend,2023-11-07,88,False,88,8.486265911541757,5.804035871862555,13.609277317725407,-0.6144848011775516,0.6144848011775516,17.675995427718128,25.427868674818786,72.54711741184246,0.8530147635671136,7.8856359610941125,12.443935932646307,6.104172770658447,-0.39024012431849253,1.3153595453766813,True,0.5568181818181818,0.625
18,823,B5_fixed_kalman,fixed_kalman,2023-11-07,88,False,88,7.194351417200139,4.096651250384224,12.969706758703834,-0.8303176357725096,0.8303176357725096,12.69544292525629,26.857107389041722,73.30311679054536,0.8665053375669348,6.117683106048611,10.584408129281778,6.104172770658447,-0.17859564063814903,1.1151145754857947,True,0.5795454545454546,0.625
18,823,B6_adaptive_kalman,adaptive_kalman,2023-11-07,88,False,88,6.775352131647586,4.153404953874005,12.086702282509183,-0.47352421008369594,0.47352421008369594,12.107868293150585,21.176945366900082,72.7348537186897,0.8840637531114188,5.885062911459688,10.042771708378243,6.104172770658447,-0.10995418809496438,1.0501702624625617,True,0.5909090909090909,0.625
18,823,B7_two_regime_imm,imm_damped_acceleration,2023-11-07,88,False,88,6.014953289421123,3.583216678876642,11.341166772704678,0.5239698014585852,0.5239698014585852,11.09752541788595,20.03911944814921,75.19063550100879,0.8979250769295285,5.412069841904042,9.64076289919941,6.104172770658447,0.014616146133049401,0.9323094876716569,True,0.6136363636363636,0.625
18,823,B8_student_t_robust_imm,imm_student_t_robust_observation,2023-11-07,88,False,88,5.831074817936809,3.579137660376018,10.946864735809529,0.31653196232962705,0.31653196232962705,10.737018066769634,16.79078039582909,75.03512765017922,0.9048994362932272,5.222168782057045,9.2564562204274,6.104172770658447,0.04473955161203269,0.9038085774742501,True,0.625,0.625
18,823,M1_ridge,ridge,2023-11-07,88,False,88,6.799431759525371,4.171209057789658,11.55272396146604,0.40134170911376105,0.40134170911376105,14.121115337208192,18.10689936175273,69.84963918974782,0.8940813636804724,6.107450024291237,10.21915114068858,6.104172770658447,-0.11389896960467705,1.0539025716676134,True,0.5909090909090909,0.625
18,823,M2_extra_trees,extra_trees,2023-11-07,88,False,88,6.598435523476119,4.719306372706603,11.098389117631523,0.6059073473057018,0.6059073473057018,12.77722947490151,18.87749230349336,67.71724126020835,0.9022484882700019,6.2846490113785585,10.12806963781171,6.104172770658447,-0.08097129150627835,1.0227484315042,True,0.625,0.625
