model_id,family,fold_id,seed,sample_id,y_pred,environment_id,model_spec_sha256,config_sha256,code_sha256,environment_sha256,expected_sample_ids_sha256,selected_parameter_sha256,selected_parameter_json,epoch_count,parameter_count,fit_seconds,inference_seconds,peak_ram_mb,peak_vram_mb,aggregation,distribution_family,distribution_loc,distribution_scale,distribution_df,q025,q10,q25,q50,q75,q90,q975
C04_probabilistic_gru_student_t,irregular_time_probabilistic_recurrent,rolling_origin_2023-07-25,42117,P-H02-W001::C020::C021,28.06321990198294,gate_c_torch,cfcbdc11c6feb4758ee49b08dc482ca665a6bdeac3fc36ccd96efbed7617f16e,340f5e8ac2d6df6696e2ea0267670ec4d5d1ef1265aa1ecb1a2cebed848a9eba,5a84f27899c20bd37e8318cdc99009da9cb2fc71b7090dead1ca57fee9e7db6a,4a1388db6a465b41decad90e9701c9312bb7aa844e8aeb133c461ed0a4bd9258,eee99ecbe76acf0c2c4a815bd89561498ad4893f0703a5e098d5d541405fbae9,468c384ff6f9ead8cd3682297d8fd6a2b9cd215fdd4bd90fabac49cc47852e26,"{""dropout"":0.0,""hidden_size"":32,""layers"":1,""weight_decay"":0.0001}",35,4131,5.785194500000216,0.0026789000257849693,1878.4609375,74.69677734375,single_seed,student_t,28.06321990198294,3.1861799471607037,2.909745454788208,17.743100705980382,22.801078253621732,25.61633515982639,28.06321990198294,30.51010464413949,33.32536155034415,38.3833390979855
C04_probabilistic_gru_student_t,irregular_time_probabilistic_recurrent,rolling_origin_2023-07-25,42117,P-H02-W002::C020::C021,77.18278490054298,gate_c_torch,cfcbdc11c6feb4758ee49b08dc482ca665a6bdeac3fc36ccd96efbed7617f16e,340f5e8ac2d6df6696e2ea0267670ec4d5d1ef1265aa1ecb1a2cebed848a9eba,5a84f27899c20bd37e8318cdc99009da9cb2fc71b7090dead1ca57fee9e7db6a,4a1388db6a465b41decad90e9701c9312bb7aa844e8aeb133c461ed0a4bd9258,eee99ecbe76acf0c2c4a815bd89561498ad4893f0703a5e098d5d541405fbae9,468c384ff6f9ead8cd3682297d8fd6a2b9cd215fdd4bd90fabac49cc47852e26,"{""dropout"":0.0,""hidden_size"":32,""layers"":1,""weight_decay"":0.0001}",35,4131,5.785194500000216,0.0026789000257849693,1878.4609375,74.69677734375,single_seed,student_t,77.18278490054298,10.319303174867684,2.335245132446289,38.36453809610987,58.897097779963815,68.99195516380766,77.18278490054298,85.37361463727831,95.46847202112215,116.00103170497609
C04_probabilistic_gru_student_t,irregular_time_probabilistic_recurrent,rolling_origin_2023-07-25,42117,P-H02-W003::C020::C021,93.68685127234696,gate_c_torch,cfcbdc11c6feb4758ee49b08dc482ca665a6bdeac3fc36ccd96efbed7617f16e,340f5e8ac2d6df6696e2ea0267670ec4d5d1ef1265aa1ecb1a2cebed848a9eba,5a84f27899c20bd37e8318cdc99009da9cb2fc71b7090dead1ca57fee9e7db6a,4a1388db6a465b41decad90e9701c9312bb7aa844e8aeb133c461ed0a4bd9258,eee99ecbe76acf0c2c4a815bd89561498ad4893f0703a5e098d5d541405fbae9,468c384ff6f9ead8cd3682297d8fd6a2b9cd215fdd4bd90fabac49cc47852e26,"{""dropout"":0.0,""hidden_size"":32,""layers"":1,""weight_decay"":0.0001}",35,4131,5.785194500000216,0.0026789000257849693,1878.4609375,74.69677734375,single_seed,student_t,93.68685127234696,14.877433009574426,2.2290565967559814,35.58258480206876,66.8603602429162,81.78306988907882,93.68685127234696,105.5906326556151,120.51334230177771,151.79111774262515
C04_probabilistic_gru_student_t,irregular_time_probabilistic_recurrent,rolling_origin_2023-07-25,42117,P-H02-W004::C020::C021,39.455860626738726,gate_c_torch,cfcbdc11c6feb4758ee49b08dc482ca665a6bdeac3fc36ccd96efbed7617f16e,340f5e8ac2d6df6696e2ea0267670ec4d5d1ef1265aa1ecb1a2cebed848a9eba,5a84f27899c20bd37e8318cdc99009da9cb2fc71b7090dead1ca57fee9e7db6a,4a1388db6a465b41decad90e9701c9312bb7aa844e8aeb133c461ed0a4bd9258,eee99ecbe76acf0c2c4a815bd89561498ad4893f0703a5e098d5d541405fbae9,468c384ff6f9ead8cd3682297d8fd6a2b9cd215fdd4bd90fabac49cc47852e26,"{""dropout"":0.0,""hidden_size"":32,""layers"":1,""weight_decay"":0.0001}",35,4131,5.785194500000216,0.0026789000257849693,1878.4609375,74.69677734375,single_seed,student_t,39.455860626738726,5.451416437371683,2.606933832168579,20.52908797345788,30.151895541386743,35.20376717868081,39.455860626738726,43.70795407479664,48.75982571209071,58.38263328001957
C04_probabilistic_gru_student_t,irregular_time_probabilistic_recurrent,rolling_origin_2023-07-25,42117,P-H02-W005::C020::C021,7.9144766701366684,gate_c_torch,cfcbdc11c6feb4758ee49b08dc482ca665a6bdeac3fc36ccd96efbed7617f16e,340f5e8ac2d6df6696e2ea0267670ec4d5d1ef1265aa1ecb1a2cebed848a9eba,5a84f27899c20bd37e8318cdc99009da9cb2fc71b7090dead1ca57fee9e7db6a,4a1388db6a465b41decad90e9701c9312bb7aa844e8aeb133c461ed0a4bd9258,eee99ecbe76acf0c2c4a815bd89561498ad4893f0703a5e098d5d541405fbae9,468c384ff6f9ead8cd3682297d8fd6a2b9cd215fdd4bd90fabac49cc47852e26,"{""dropout"":0.0,""hidden_size"":32,""layers"":1,""weight_decay"":0.0001}",35,4131,5.785194500000216,0.0026789000257849693,1878.4609375,74.69677734375,single_seed,student_t,7.9144766701366684,3.11975402538762,3.3691892623901367,-1.425998968132843,2.9525782360355945,5.561692072903574,7.9144766701366684,10.267261267369763,12.876375104237743,17.254952308406175
C04_probabilistic_gru_student_t,irregular_time_probabilistic_recurrent,rolling_origin_2023-07-25,42117,P-H02-W006::C020::C021,23.58165865541631,gate_c_torch,cfcbdc11c6feb4758ee49b08dc482ca665a6bdeac3fc36ccd96efbed7617f16e,340f5e8ac2d6df6696e2ea0267670ec4d5d1ef1265aa1ecb1a2cebed848a9eba,5a84f27899c20bd37e8318cdc99009da9cb2fc71b7090dead1ca57fee9e7db6a,4a1388db6a465b41decad90e9701c9312bb7aa844e8aeb133c461ed0a4bd9258,eee99ecbe76acf0c2c4a815bd89561498ad4893f0703a5e098d5d541405fbae9,468c384ff6f9ead8cd3682297d8fd6a2b9cd215fdd4bd90fabac49cc47852e26,"{""dropout"":0.0,""hidden_size"":32,""layers"":1,""weight_decay"":0.0001}",35,4131,5.785194500000216,0.0026789000257849693,1878.4609375,74.69677734375,single_seed,student_t,23.58165865541631,3.550890643322665,2.919426202774048,12.102634457782397,17.722615954778405,20.855894387908112,23.58165865541631,26.307422922924506,29.440701356054216,35.06068285305022
C04_probabilistic_gru_student_t,irregular_time_probabilistic_recurrent,rolling_origin_2023-07-25,42117,P-H02-W007::C020::C021,38.162657016473375,gate_c_torch,cfcbdc11c6feb4758ee49b08dc482ca665a6bdeac3fc36ccd96efbed7617f16e,340f5e8ac2d6df6696e2ea0267670ec4d5d1ef1265aa1ecb1a2cebed848a9eba,5a84f27899c20bd37e8318cdc99009da9cb2fc71b7090dead1ca57fee9e7db6a,4a1388db6a465b41decad90e9701c9312bb7aa844e8aeb133c461ed0a4bd9258,eee99ecbe76acf0c2c4a815bd89561498ad4893f0703a5e098d5d541405fbae9,468c384ff6f9ead8cd3682297d8fd6a2b9cd215fdd4bd90fabac49cc47852e26,"{""dropout"":0.0,""hidden_size"":32,""layers"":1,""weight_decay"":0.0001}",35,4131,5.785194500000216,0.0026789000257849693,1878.4609375,74.69677734375,single_seed,student_t,38.162657016473375,4.23067777540355,2.72815203666687,23.907011986403106,31.043298156849858,34.884593632024135,38.162657016473375,41.440720400922615,45.28201587609689,52.41830204654364
C04_probabilistic_gru_student_t,irregular_time_probabilistic_recurrent,rolling_origin_2023-07-25,42117,P-H03-W001::C020::C021,36.17845902713567,gate_c_torch,cfcbdc11c6feb4758ee49b08dc482ca665a6bdeac3fc36ccd96efbed7617f16e,340f5e8ac2d6df6696e2ea0267670ec4d5d1ef1265aa1ecb1a2cebed848a9eba,5a84f27899c20bd37e8318cdc99009da9cb2fc71b7090dead1ca57fee9e7db6a,4a1388db6a465b41decad90e9701c9312bb7aa844e8aeb133c461ed0a4bd9258,eee99ecbe76acf0c2c4a815bd89561498ad4893f0703a5e098d5d541405fbae9,468c384ff6f9ead8cd3682297d8fd6a2b9cd215fdd4bd90fabac49cc47852e26,"{""dropout"":0.0,""hidden_size"":32,""layers"":1,""weight_decay"":0.0001}",35,4131,5.785194500000216,0.0026789000257849693,1878.4609375,74.69677734375,single_seed,student_t,36.17845902713567,3.1845562847838442,2.9953596591949463,26.034891800544692,30.960788352895662,33.742128379416954,36.17845902713567,38.61478967485439,41.396129701375685,46.32202625372665
C04_probabilistic_gru_student_t,irregular_time_probabilistic_recurrent,rolling_origin_2023-07-25,42117,P-H03-W002::C020::C021,35.697526052319304,gate_c_torch,cfcbdc11c6feb4758ee49b08dc482ca665a6bdeac3fc36ccd96efbed7617f16e,340f5e8ac2d6df6696e2ea0267670ec4d5d1ef1265aa1ecb1a2cebed848a9eba,5a84f27899c20bd37e8318cdc99009da9cb2fc71b7090dead1ca57fee9e7db6a,4a1388db6a465b41decad90e9701c9312bb7aa844e8aeb133c461ed0a4bd9258,eee99ecbe76acf0c2c4a815bd89561498ad4893f0703a5e098d5d541405fbae9,468c384ff6f9ead8cd3682297d8fd6a2b9cd215fdd4bd90fabac49cc47852e26,"{""dropout"":0.0,""hidden_size"":32,""layers"":1,""weight_decay"":0.0001}",35,4131,5.785194500000216,0.0026789000257849693,1878.4609375,74.69677734375,single_seed,student_t,35.697526052319304,2.9736611443883243,3.0804953575134277,26.37237859258942,30.861577663099975,33.430663003524224,35.697526052319304,37.964389101114385,40.53347444153864,45.02267351204918
C04_probabilistic_gru_student_t,irregular_time_probabilistic_recurrent,rolling_origin_2023-07-25,42117,P-H03-W003::C020::C021,31.64255319758691,gate_c_torch,cfcbdc11c6feb4758ee49b08dc482ca665a6bdeac3fc36ccd96efbed7617f16e,340f5e8ac2d6df6696e2ea0267670ec4d5d1ef1265aa1ecb1a2cebed848a9eba,5a84f27899c20bd37e8318cdc99009da9cb2fc71b7090dead1ca57fee9e7db6a,4a1388db6a465b41decad90e9701c9312bb7aa844e8aeb133c461ed0a4bd9258,eee99ecbe76acf0c2c4a815bd89561498ad4893f0703a5e098d5d541405fbae9,468c384ff6f9ead8cd3682297d8fd6a2b9cd215fdd4bd90fabac49cc47852e26,"{""dropout"":0.0,""hidden_size"":32,""layers"":1,""weight_decay"":0.0001}",35,4131,5.785194500000216,0.0026789000257849693,1878.4609375,74.69677734375,single_seed,student_t,31.64255319758691,2.9120883487856744,3.199382781982422,22.69330412065194,26.952407967052963,29.432971151752582,31.64255319758691,33.85213524342124,36.33269842812086,40.591802274521875
C04_probabilistic_gru_student_t,irregular_time_probabilistic_recurrent,rolling_origin_2023-07-25,42117,P-H03-W004::C020::C021,40.41443476771701,gate_c_torch,cfcbdc11c6feb4758ee49b08dc482ca665a6bdeac3fc36ccd96efbed7617f16e,340f5e8ac2d6df6696e2ea0267670ec4d5d1ef1265aa1ecb1a2cebed848a9eba,5a84f27899c20bd37e8318cdc99009da9cb2fc71b7090dead1ca57fee9e7db6a,4a1388db6a465b41decad90e9701c9312bb7aa844e8aeb133c461ed0a4bd9258,eee99ecbe76acf0c2c4a815bd89561498ad4893f0703a5e098d5d541405fbae9,468c384ff6f9ead8cd3682297d8fd6a2b9cd215fdd4bd90fabac49cc47852e26,"{""dropout"":0.0,""hidden_size"":32,""layers"":1,""weight_decay"":0.0001}",35,4131,5.785194500000216,0.0026789000257849693,1878.4609375,74.69677734375,single_seed,student_t,40.41443476771701,3.1059960310880608,2.98284649848938,30.49753344008061,35.31970128410377,38.036914857974885,40.41443476771701,42.79195467745914,45.50916825133025,50.33133609535341
C04_probabilistic_gru_student_t,irregular_time_probabilistic_recurrent,rolling_origin_2023-07-25,42117,P-H03-W005::C020::C021,31.68344940432858,gate_c_torch,cfcbdc11c6feb4758ee49b08dc482ca665a6bdeac3fc36ccd96efbed7617f16e,340f5e8ac2d6df6696e2ea0267670ec4d5d1ef1265aa1ecb1a2cebed848a9eba,5a84f27899c20bd37e8318cdc99009da9cb2fc71b7090dead1ca57fee9e7db6a,4a1388db6a465b41decad90e9701c9312bb7aa844e8aeb133c461ed0a4bd9258,eee99ecbe76acf0c2c4a815bd89561498ad4893f0703a5e098d5d541405fbae9,468c384ff6f9ead8cd3682297d8fd6a2b9cd215fdd4bd90fabac49cc47852e26,"{""dropout"":0.0,""hidden_size"":32,""layers"":1,""weight_decay"":0.0001}",35,4131,5.785194500000216,0.0026789000257849693,1878.4609375,74.69677734375,single_seed,student_t,31.68344940432858,2.817742039315873,3.223479986190796,23.05778513181054,27.15373312763851,29.54738507649557,31.68344940432858,33.81951373216159,36.21316568101865,40.30911367684662
C04_probabilistic_gru_student_t,irregular_time_probabilistic_recurrent,rolling_origin_2023-07-25,42117,P-H03-W006::C020::C021,38.73900256638021,gate_c_torch,cfcbdc11c6feb4758ee49b08dc482ca665a6bdeac3fc36ccd96efbed7617f16e,340f5e8ac2d6df6696e2ea0267670ec4d5d1ef1265aa1ecb1a2cebed848a9eba,5a84f27899c20bd37e8318cdc99009da9cb2fc71b7090dead1ca57fee9e7db6a,4a1388db6a465b41decad90e9701c9312bb7aa844e8aeb133c461ed0a4bd9258,eee99ecbe76acf0c2c4a815bd89561498ad4893f0703a5e098d5d541405fbae9,468c384ff6f9ead8cd3682297d8fd6a2b9cd215fdd4bd90fabac49cc47852e26,"{""dropout"":0.0,""hidden_size"":32,""layers"":1,""weight_decay"":0.0001}",35,4131,5.785194500000216,0.0026789000257849693,1878.4609375,74.69677734375,single_seed,student_t,38.73900256638021,3.0001573732629976,3.0219011306762695,29.230190273564375,33.83510793431689,36.44635427778445,38.73900256638021,41.031650854975965,43.64289719844353,48.24781485919604
C04_probabilistic_gru_student_t,irregular_time_probabilistic_recurrent,rolling_origin_2023-07-25,42117,P-H03-W007::C020::C021,55.31689873343581,gate_c_torch,cfcbdc11c6feb4758ee49b08dc482ca665a6bdeac3fc36ccd96efbed7617f16e,340f5e8ac2d6df6696e2ea0267670ec4d5d1ef1265aa1ecb1a2cebed848a9eba,5a84f27899c20bd37e8318cdc99009da9cb2fc71b7090dead1ca57fee9e7db6a,4a1388db6a465b41decad90e9701c9312bb7aa844e8aeb133c461ed0a4bd9258,eee99ecbe76acf0c2c4a815bd89561498ad4893f0703a5e098d5d541405fbae9,468c384ff6f9ead8cd3682297d8fd6a2b9cd215fdd4bd90fabac49cc47852e26,"{""dropout"":0.0,""hidden_size"":32,""layers"":1,""weight_decay"":0.0001}",35,4131,5.785194500000216,0.0026789000257849693,1878.4609375,74.69677734375,single_seed,student_t,55.31689873343581,10.182581905955994,2.731482744216919,21.032503012220737,38.18802192689618,47.42848454750706,55.31689873343581,63.205312919364566,72.44577553997546,89.60129445465087
C04_probabilistic_gru_student_t,irregular_time_probabilistic_recurrent,rolling_origin_2023-07-25,42118,P-H02-W001::C020::C021,30.94690123615779,gate_c_torch,cfcbdc11c6feb4758ee49b08dc482ca665a6bdeac3fc36ccd96efbed7617f16e,340f5e8ac2d6df6696e2ea0267670ec4d5d1ef1265aa1ecb1a2cebed848a9eba,5a84f27899c20bd37e8318cdc99009da9cb2fc71b7090dead1ca57fee9e7db6a,4a1388db6a465b41decad90e9701c9312bb7aa844e8aeb133c461ed0a4bd9258,eee99ecbe76acf0c2c4a815bd89561498ad4893f0703a5e098d5d541405fbae9,468c384ff6f9ead8cd3682297d8fd6a2b9cd215fdd4bd90fabac49cc47852e26,"{""dropout"":0.0,""hidden_size"":32,""layers"":1,""weight_decay"":0.0001}",35,4131,5.794630500022322,0.0022924001095816493,1883.51953125,74.69677734375,single_seed,student_t,30.94690123615779,4.120996652152803,2.6927413940429688,16.943435016521722,23.984473607892472,27.747819938192883,30.94690123615779,34.145982534122695,37.90932886442311,44.95036745579385
C04_probabilistic_gru_student_t,irregular_time_probabilistic_recurrent,rolling_origin_2023-07-25,42118,P-H02-W002::C020::C021,73.02963852013107,gate_c_torch,cfcbdc11c6feb4758ee49b08dc482ca665a6bdeac3fc36ccd96efbed7617f16e,340f5e8ac2d6df6696e2ea0267670ec4d5d1ef1265aa1ecb1a2cebed848a9eba,5a84f27899c20bd37e8318cdc99009da9cb2fc71b7090dead1ca57fee9e7db6a,4a1388db6a465b41decad90e9701c9312bb7aa844e8aeb133c461ed0a4bd9258,eee99ecbe76acf0c2c4a815bd89561498ad4893f0703a5e098d5d541405fbae9,468c384ff6f9ead8cd3682297d8fd6a2b9cd215fdd4bd90fabac49cc47852e26,"{""dropout"":0.0,""hidden_size"":32,""layers"":1,""weight_decay"":0.0001}",35,4131,5.794630500022322,0.0022924001095816493,1883.51953125,74.69677734375,single_seed,student_t,73.02963852013107,14.718009449322034,2.498014450073242,20.3879031063167,47.556997851272925,61.47436314462226,73.02963852013107,84.58491389563989,98.50227918898922,125.67137393394543
C04_probabilistic_gru_student_t,irregular_time_probabilistic_recurrent,rolling_origin_2023-07-25,42118,P-H02-W003::C020::C021,84.97925441501796,gate_c_torch,cfcbdc11c6feb4758ee49b08dc482ca665a6bdeac3fc36ccd96efbed7617f16e,340f5e8ac2d6df6696e2ea0267670ec4d5d1ef1265aa1ecb1a2cebed848a9eba,5a84f27899c20bd37e8318cdc99009da9cb2fc71b7090dead1ca57fee9e7db6a,4a1388db6a465b41decad90e9701c9312bb7aa844e8aeb133c461ed0a4bd9258,eee99ecbe76acf0c2c4a815bd89561498ad4893f0703a5e098d5d541405fbae9,468c384ff6f9ead8cd3682297d8fd6a2b9cd215fdd4bd90fabac49cc47852e26,"{""dropout"":0.0,""hidden_size"":32,""layers"":1,""weight_decay"":0.0001}",35,4131,5.794630500022322,0.0022924001095816493,1883.51953125,74.69677734375,single_seed,student_t,84.97925441501796,17.548866488372283,2.5621581077575684,23.323658337787776,54.86079020517454,71.25530130185048,84.97925441501796,98.70320752818544,115.09771862486139,146.63485049224812
C04_probabilistic_gru_student_t,irregular_time_probabilistic_recurrent,rolling_origin_2023-07-25,42118,P-H02-W004::C020::C021,39.51103279562413,gate_c_torch,cfcbdc11c6feb4758ee49b08dc482ca665a6bdeac3fc36ccd96efbed7617f16e,340f5e8ac2d6df6696e2ea0267670ec4d5d1ef1265aa1ecb1a2cebed848a9eba,5a84f27899c20bd37e8318cdc99009da9cb2fc71b7090dead1ca57fee9e7db6a,4a1388db6a465b41decad90e9701c9312bb7aa844e8aeb133c461ed0a4bd9258,eee99ecbe76acf0c2c4a815bd89561498ad4893f0703a5e098d5d541405fbae9,468c384ff6f9ead8cd3682297d8fd6a2b9cd215fdd4bd90fabac49cc47852e26,"{""dropout"":0.0,""hidden_size"":32,""layers"":1,""weight_decay"":0.0001}",35,4131,5.794630500022322,0.0022924001095816493,1883.51953125,74.69677734375,single_seed,student_t,39.51103279562413,7.019059429236006,2.486161231994629,14.320111712866428,27.343588791509696,33.99617501446155,39.51103279562413,45.025890576786715,51.67847679973857,64.70195387838183
C04_probabilistic_gru_student_t,irregular_time_probabilistic_recurrent,rolling_origin_2023-07-25,42118,P-H02-W005::C020::C021,6.546550890610984,gate_c_torch,cfcbdc11c6feb4758ee49b08dc482ca665a6bdeac3fc36ccd96efbed7617f16e,340f5e8ac2d6df6696e2ea0267670ec4d5d1ef1265aa1ecb1a2cebed848a9eba,5a84f27899c20bd37e8318cdc99009da9cb2fc71b7090dead1ca57fee9e7db6a,4a1388db6a465b41decad90e9701c9312bb7aa844e8aeb133c461ed0a4bd9258,eee99ecbe76acf0c2c4a815bd89561498ad4893f0703a5e098d5d541405fbae9,468c384ff6f9ead8cd3682297d8fd6a2b9cd215fdd4bd90fabac49cc47852e26,"{""dropout"":0.0,""hidden_size"":32,""layers"":1,""weight_decay"":0.0001}",35,4131,5.794630500022322,0.0022924001095816493,1883.51953125,74.69677734375,single_seed,student_t,6.546550890610984,2.9008484128671634,3.0087995529174805,-2.6699880941160075,1.7994506237224588,4.328553024018598,6.546550890610984,8.76454875720337,11.29365115749951,15.763089875337972
C04_probabilistic_gru_student_t,irregular_time_probabilistic_recurrent,rolling_origin_2023-07-25,42118,P-H02-W006::C020::C021,24.36003053650908,gate_c_torch,cfcbdc11c6feb4758ee49b08dc482ca665a6bdeac3fc36ccd96efbed7617f16e,340f5e8ac2d6df6696e2ea0267670ec4d5d1ef1265aa1ecb1a2cebed848a9eba,5a84f27899c20bd37e8318cdc99009da9cb2fc71b7090dead1ca57fee9e7db6a,4a1388db6a465b41decad90e9701c9312bb7aa844e8aeb133c461ed0a4bd9258,eee99ecbe76acf0c2c4a815bd89561498ad4893f0703a5e098d5d541405fbae9,468c384ff6f9ead8cd3682297d8fd6a2b9cd215fdd4bd90fabac49cc47852e26,"{""dropout"":0.0,""hidden_size"":32,""layers"":1,""weight_decay"":0.0001}",35,4131,5.794630500022322,0.0022924001095816493,1883.51953125,74.69677734375,single_seed,student_t,24.36003053650908,4.176891010426669,2.665072441101074,10.070400687815049,17.280630003695617,21.112682140307133,24.36003053650908,27.607378932711025,31.439431069322545,38.649660385203106
C04_probabilistic_gru_student_t,irregular_time_probabilistic_recurrent,rolling_origin_2023-07-25,42118,P-H02-W007::C020::C021,39.83119556119311,gate_c_torch,cfcbdc11c6feb4758ee49b08dc482ca665a6bdeac3fc36ccd96efbed7617f16e,340f5e8ac2d6df6696e2ea0267670ec4d5d1ef1265aa1ecb1a2cebed848a9eba,5a84f27899c20bd37e8318cdc99009da9cb2fc71b7090dead1ca57fee9e7db6a,4a1388db6a465b41decad90e9701c9312bb7aa844e8aeb133c461ed0a4bd9258,eee99ecbe76acf0c2c4a815bd89561498ad4893f0703a5e098d5d541405fbae9,468c384ff6f9ead8cd3682297d8fd6a2b9cd215fdd4bd90fabac49cc47852e26,"{""dropout"":0.0,""hidden_size"":32,""layers"":1,""weight_decay"":0.0001}",35,4131,5.794630500022322,0.0022924001095816493,1883.51953125,74.69677734375,single_seed,student_t,39.83119556119311,4.756505453039098,2.7646031379699707,23.937939842639807,31.858755096141593,36.15263326351013,39.83119556119311,43.50975785887609,47.80363602624463,55.72445127974642
C04_probabilistic_gru_student_t,irregular_time_probabilistic_recurrent,rolling_origin_2023-07-25,42118,P-H03-W001::C020::C021,35.56322443800825,gate_c_torch,cfcbdc11c6feb4758ee49b08dc482ca665a6bdeac3fc36ccd96efbed7617f16e,340f5e8ac2d6df6696e2ea0267670ec4d5d1ef1265aa1ecb1a2cebed848a9eba,5a84f27899c20bd37e8318cdc99009da9cb2fc71b7090dead1ca57fee9e7db6a,4a1388db6a465b41decad90e9701c9312bb7aa844e8aeb133c461ed0a4bd9258,eee99ecbe76acf0c2c4a815bd89561498ad4893f0703a5e098d5d541405fbae9,468c384ff6f9ead8cd3682297d8fd6a2b9cd215fdd4bd90fabac49cc47852e26,"{""dropout"":0.0,""hidden_size"":32,""layers"":1,""weight_decay"":0.0001}",35,4131,5.794630500022322,0.0022924001095816493,1883.51953125,74.69677734375,single_seed,student_t,35.56322443800825,3.177643082210393,3.1589298248291016,25.73236948979741,30.428936539418544,33.14841237966263,35.56322443800825,37.978036496353866,40.69751233659795,45.39407938621908
C04_probabilistic_gru_student_t,irregular_time_probabilistic_recurrent,rolling_origin_2023-07-25,42118,P-H03-W002::C020::C021,36.07585151810042,gate_c_torch,cfcbdc11c6feb4758ee49b08dc482ca665a6bdeac3fc36ccd96efbed7617f16e,340f5e8ac2d6df6696e2ea0267670ec4d5d1ef1265aa1ecb1a2cebed848a9eba,5a84f27899c20bd37e8318cdc99009da9cb2fc71b7090dead1ca57fee9e7db6a,4a1388db6a465b41decad90e9701c9312bb7aa844e8aeb133c461ed0a4bd9258,eee99ecbe76acf0c2c4a815bd89561498ad4893f0703a5e098d5d541405fbae9,468c384ff6f9ead8cd3682297d8fd6a2b9cd215fdd4bd90fabac49cc47852e26,"{""dropout"":0.0,""hidden_size"":32,""layers"":1,""weight_decay"":0.0001}",35,4131,5.794630500022322,0.0022924001095816493,1883.51953125,74.69677734375,single_seed,student_t,36.07585151810042,2.915584715983664,3.316133975982666,27.27804311431749,31.421144363787313,33.873007028555655,36.07585151810042,38.27869600764519,40.73055867241353,44.873659921883345
C04_probabilistic_gru_student_t,irregular_time_probabilistic_recurrent,rolling_origin_2023-07-25,42118,P-H03-W003::C020::C021,32.63928146667571,gate_c_torch,cfcbdc11c6feb4758ee49b08dc482ca665a6bdeac3fc36ccd96efbed7617f16e,340f5e8ac2d6df6696e2ea0267670ec4d5d1ef1265aa1ecb1a2cebed848a9eba,5a84f27899c20bd37e8318cdc99009da9cb2fc71b7090dead1ca57fee9e7db6a,4a1388db6a465b41decad90e9701c9312bb7aa844e8aeb133c461ed0a4bd9258,eee99ecbe76acf0c2c4a815bd89561498ad4893f0703a5e098d5d541405fbae9,468c384ff6f9ead8cd3682297d8fd6a2b9cd215fdd4bd90fabac49cc47852e26,"{""dropout"":0.0,""hidden_size"":32,""layers"":1,""weight_decay"":0.0001}",35,4131,5.794630500022322,0.0022924001095816493,1883.51953125,74.69677734375,single_seed,student_t,32.63928146667571,3.2653117515810934,3.1476078033447266,22.517922961024095,27.358518198863777,30.156752687902188,32.63928146667571,35.12181024544924,37.92004473448765,42.760639972327326
C04_probabilistic_gru_student_t,irregular_time_probabilistic_recurrent,rolling_origin_2023-07-25,42118,P-H03-W004::C020::C021,40.4150939382461,gate_c_torch,cfcbdc11c6feb4758ee49b08dc482ca665a6bdeac3fc36ccd96efbed7617f16e,340f5e8ac2d6df6696e2ea0267670ec4d5d1ef1265aa1ecb1a2cebed848a9eba,5a84f27899c20bd37e8318cdc99009da9cb2fc71b7090dead1ca57fee9e7db6a,4a1388db6a465b41decad90e9701c9312bb7aa844e8aeb133c461ed0a4bd9258,eee99ecbe76acf0c2c4a815bd89561498ad4893f0703a5e098d5d541405fbae9,468c384ff6f9ead8cd3682297d8fd6a2b9cd215fdd4bd90fabac49cc47852e26,"{""dropout"":0.0,""hidden_size"":32,""layers"":1,""weight_decay"":0.0001}",35,4131,5.794630500022322,0.0022924001095816493,1883.51953125,74.69677734375,single_seed,student_t,40.4150939382461,3.2741775277974514,3.1970009803771973,30.34918597262316,35.140792514900866,37.93054857112939,40.4150939382461,42.89963930536281,45.68939536159134,50.48100190386904
C04_probabilistic_gru_student_t,irregular_time_probabilistic_recurrent,rolling_origin_2023-07-25,42118,P-H03-W005::C020::C021,32.309359202884686,gate_c_torch,cfcbdc11c6feb4758ee49b08dc482ca665a6bdeac3fc36ccd96efbed7617f16e,340f5e8ac2d6df6696e2ea0267670ec4d5d1ef1265aa1ecb1a2cebed848a9eba,5a84f27899c20bd37e8318cdc99009da9cb2fc71b7090dead1ca57fee9e7db6a,4a1388db6a465b41decad90e9701c9312bb7aa844e8aeb133c461ed0a4bd9258,eee99ecbe76acf0c2c4a815bd89561498ad4893f0703a5e098d5d541405fbae9,468c384ff6f9ead8cd3682297d8fd6a2b9cd215fdd4bd90fabac49cc47852e26,"{""dropout"":0.0,""hidden_size"":32,""layers"":1,""weight_decay"":0.0001}",35,4131,5.794630500022322,0.0022924001095816493,1883.51953125,74.69677734375,single_seed,student_t,32.309359202884686,3.016943305805828,3.208765983581543,23.051993408174244,27.45389065674707,30.021026391263355,32.309359202884686,34.597692014506016,37.1648277490223,41.566724997595124
C04_probabilistic_gru_student_t,irregular_time_probabilistic_recurrent,rolling_origin_2023-07-25,42118,P-H03-W006::C020::C021,38.32538721334713,gate_c_torch,cfcbdc11c6feb4758ee49b08dc482ca665a6bdeac3fc36ccd96efbed7617f16e,340f5e8ac2d6df6696e2ea0267670ec4d5d1ef1265aa1ecb1a2cebed848a9eba,5a84f27899c20bd37e8318cdc99009da9cb2fc71b7090dead1ca57fee9e7db6a,4a1388db6a465b41decad90e9701c9312bb7aa844e8aeb133c461ed0a4bd9258,eee99ecbe76acf0c2c4a815bd89561498ad4893f0703a5e098d5d541405fbae9,468c384ff6f9ead8cd3682297d8fd6a2b9cd215fdd4bd90fabac49cc47852e26,"{""dropout"":0.0,""hidden_size"":32,""layers"":1,""weight_decay"":0.0001}",35,4131,5.794630500022322,0.0022924001095816493,1883.51953125,74.69677734375,single_seed,student_t,38.32538721334713,2.9026944947477022,3.2866086959838867,29.52713932786945,33.6812496535613,36.1299852744012,38.32538721334713,40.520789152293055,42.96952477313295,47.123635098824806
C04_probabilistic_gru_student_t,irregular_time_probabilistic_recurrent,rolling_origin_2023-07-25,42118,P-H03-W007::C020::C021,58.814036985704895,gate_c_torch,cfcbdc11c6feb4758ee49b08dc482ca665a6bdeac3fc36ccd96efbed7617f16e,340f5e8ac2d6df6696e2ea0267670ec4d5d1ef1265aa1ecb1a2cebed848a9eba,5a84f27899c20bd37e8318cdc99009da9cb2fc71b7090dead1ca57fee9e7db6a,4a1388db6a465b41decad90e9701c9312bb7aa844e8aeb133c461ed0a4bd9258,eee99ecbe76acf0c2c4a815bd89561498ad4893f0703a5e098d5d541405fbae9,468c384ff6f9ead8cd3682297d8fd6a2b9cd215fdd4bd90fabac49cc47852e26,"{""dropout"":0.0,""hidden_size"":32,""layers"":1,""weight_decay"":0.0001}",35,4131,5.794630500022322,0.0022924001095816493,1883.51953125,74.69677734375,single_seed,student_t,58.814036985704895,14.49369870586292,2.636392593383789,8.872323249222624,34.165463124761644,47.527873595798944,58.814036985704895,70.10020037561084,83.46261084664815,108.75575072218714
C04_probabilistic_gru_student_t,irregular_time_probabilistic_recurrent,rolling_origin_2023-07-25,42119,P-H02-W001::C020::C021,26.654207848139716,gate_c_torch,cfcbdc11c6feb4758ee49b08dc482ca665a6bdeac3fc36ccd96efbed7617f16e,340f5e8ac2d6df6696e2ea0267670ec4d5d1ef1265aa1ecb1a2cebed848a9eba,5a84f27899c20bd37e8318cdc99009da9cb2fc71b7090dead1ca57fee9e7db6a,4a1388db6a465b41decad90e9701c9312bb7aa844e8aeb133c461ed0a4bd9258,eee99ecbe76acf0c2c4a815bd89561498ad4893f0703a5e098d5d541405fbae9,468c384ff6f9ead8cd3682297d8fd6a2b9cd215fdd4bd90fabac49cc47852e26,"{""dropout"":0.0,""hidden_size"":32,""layers"":1,""weight_decay"":0.0001}",35,4131,5.766278799972497,0.002365599968470633,1883.6015625,74.69677734375,single_seed,student_t,26.654207848139716,3.4450310915442257,2.8413023948669434,15.335881670381522,20.925992448541944,24.000008603962716,26.654207848139716,29.308407092316717,32.38242324773749,37.97253402589791
C04_probabilistic_gru_student_t,irregular_time_probabilistic_recurrent,rolling_origin_2023-07-25,42119,P-H02-W002::C020::C021,77.47774821034358,gate_c_torch,cfcbdc11c6feb4758ee49b08dc482ca665a6bdeac3fc36ccd96efbed7617f16e,340f5e8ac2d6df6696e2ea0267670ec4d5d1ef1265aa1ecb1a2cebed848a9eba,5a84f27899c20bd37e8318cdc99009da9cb2fc71b7090dead1ca57fee9e7db6a,4a1388db6a465b41decad90e9701c9312bb7aa844e8aeb133c461ed0a4bd9258,eee99ecbe76acf0c2c4a815bd89561498ad4893f0703a5e098d5d541405fbae9,468c384ff6f9ead8cd3682297d8fd6a2b9cd215fdd4bd90fabac49cc47852e26,"{""dropout"":0.0,""hidden_size"":32,""layers"":1,""weight_decay"":0.0001}",35,4131,5.766278799972497,0.002365599968470633,1883.6015625,74.69677734375,single_seed,student_t,77.47774821034358,13.41165343240577,2.361365795135498,27.460720206893306,53.80790713395383,66.85215834990584,77.47774821034358,88.10333807078132,101.14758928673332,127.49477621379381
C04_probabilistic_gru_student_t,irregular_time_probabilistic_recurrent,rolling_origin_2023-07-25,42119,P-H02-W003::C020::C021,94.76993450348795,gate_c_torch,cfcbdc11c6feb4758ee49b08dc482ca665a6bdeac3fc36ccd96efbed7617f16e,340f5e8ac2d6df6696e2ea0267670ec4d5d1ef1265aa1ecb1a2cebed848a9eba,5a84f27899c20bd37e8318cdc99009da9cb2fc71b7090dead1ca57fee9e7db6a,4a1388db6a465b41decad90e9701c9312bb7aa844e8aeb133c461ed0a4bd9258,eee99ecbe76acf0c2c4a815bd89561498ad4893f0703a5e098d5d541405fbae9,468c384ff6f9ead8cd3682297d8fd6a2b9cd215fdd4bd90fabac49cc47852e26,"{""dropout"":0.0,""hidden_size"":32,""layers"":1,""weight_decay"":0.0001}",35,4131,5.766278799972497,0.002365599968470633,1883.6015625,74.69677734375,single_seed,student_t,94.76993450348795,16.162702309544898,2.341658353805542,34.100509983001864,66.15836120582604,81.94687358166702,94.76993450348795,107.59299542530887,123.38150780114987,155.439359023974
C04_probabilistic_gru_student_t,irregular_time_probabilistic_recurrent,rolling_origin_2023-07-25,42119,P-H02-W004::C020::C021,37.23536516768984,gate_c_torch,cfcbdc11c6feb4758ee49b08dc482ca665a6bdeac3fc36ccd96efbed7617f16e,340f5e8ac2d6df6696e2ea0267670ec4d5d1ef1265aa1ecb1a2cebed848a9eba,5a84f27899c20bd37e8318cdc99009da9cb2fc71b7090dead1ca57fee9e7db6a,4a1388db6a465b41decad90e9701c9312bb7aa844e8aeb133c461ed0a4bd9258,eee99ecbe76acf0c2c4a815bd89561498ad4893f0703a5e098d5d541405fbae9,468c384ff6f9ead8cd3682297d8fd6a2b9cd215fdd4bd90fabac49cc47852e26,"{""dropout"":0.0,""hidden_size"":32,""layers"":1,""weight_decay"":0.0001}",35,4131,5.766278799972497,0.002365599968470633,1883.6015625,74.69677734375,single_seed,student_t,37.23536516768984,6.719652447351292,2.579958915710449,13.739266552231925,25.728543374058127,31.985837511676717,37.23536516768984,42.484892823702964,48.742186961321565,60.731463783147746
C04_probabilistic_gru_student_t,irregular_time_probabilistic_recurrent,rolling_origin_2023-07-25,42119,P-H02-W005::C020::C021,4.036469955761067,gate_c_torch,cfcbdc11c6feb4758ee49b08dc482ca665a6bdeac3fc36ccd96efbed7617f16e,340f5e8ac2d6df6696e2ea0267670ec4d5d1ef1265aa1ecb1a2cebed848a9eba,5a84f27899c20bd37e8318cdc99009da9cb2fc71b7090dead1ca57fee9e7db6a,4a1388db6a465b41decad90e9701c9312bb7aa844e8aeb133c461ed0a4bd9258,eee99ecbe76acf0c2c4a815bd89561498ad4893f0703a5e098d5d541405fbae9,468c384ff6f9ead8cd3682297d8fd6a2b9cd215fdd4bd90fabac49cc47852e26,"{""dropout"":0.0,""hidden_size"":32,""layers"":1,""weight_decay"":0.0001}",35,4131,5.766278799972497,0.002365599968470633,1883.6015625,74.69677734375,single_seed,student_t,4.036469955761067,3.2392923766423385,3.1378703117370605,-6.020840026916099,-1.2063636979569363,1.5727828662724197,4.036469955761067,6.500157045249715,9.279303609479072,14.09377993843823
C04_probabilistic_gru_student_t,irregular_time_probabilistic_recurrent,rolling_origin_2023-07-25,42119,P-H02-W006::C020::C021,21.74906685477517,gate_c_torch,cfcbdc11c6feb4758ee49b08dc482ca665a6bdeac3fc36ccd96efbed7617f16e,340f5e8ac2d6df6696e2ea0267670ec4d5d1ef1265aa1ecb1a2cebed848a9eba,5a84f27899c20bd37e8318cdc99009da9cb2fc71b7090dead1ca57fee9e7db6a,4a1388db6a465b41decad90e9701c9312bb7aa844e8aeb133c461ed0a4bd9258,eee99ecbe76acf0c2c4a815bd89561498ad4893f0703a5e098d5d541405fbae9,468c384ff6f9ead8cd3682297d8fd6a2b9cd215fdd4bd90fabac49cc47852e26,"{""dropout"":0.0,""hidden_size"":32,""layers"":1,""weight_decay"":0.0001}",35,4131,5.766278799972497,0.002365599968470633,1883.6015625,74.69677734375,single_seed,student_t,21.74906685477517,3.9661303327311006,2.816269874572754,8.648198297803148,15.13748727768429,18.6896708631538,21.74906685477517,24.808462846396537,28.36064643186605,34.84993541174718
C04_probabilistic_gru_student_t,irregular_time_probabilistic_recurrent,rolling_origin_2023-07-25,42119,P-H02-W007::C020::C021,38.261141002710104,gate_c_torch,cfcbdc11c6feb4758ee49b08dc482ca665a6bdeac3fc36ccd96efbed7617f16e,340f5e8ac2d6df6696e2ea0267670ec4d5d1ef1265aa1ecb1a2cebed848a9eba,5a84f27899c20bd37e8318cdc99009da9cb2fc71b7090dead1ca57fee9e7db6a,4a1388db6a465b41decad90e9701c9312bb7aa844e8aeb133c461ed0a4bd9258,eee99ecbe76acf0c2c4a815bd89561498ad4893f0703a5e098d5d541405fbae9,468c384ff6f9ead8cd3682297d8fd6a2b9cd215fdd4bd90fabac49cc47852e26,"{""dropout"":0.0,""hidden_size"":32,""layers"":1,""weight_decay"":0.0001}",35,4131,5.766278799972497,0.002365599968470633,1883.6015625,74.69677734375,single_seed,student_t,38.261141002710104,4.91218360364923,2.6871538162231445,21.546582267092095,29.956704366144685,34.446722738378625,38.261141002710104,42.075559267041584,46.565577639275524,54.9756997383281
C04_probabilistic_gru_student_t,irregular_time_probabilistic_recurrent,rolling_origin_2023-07-25,42119,P-H03-W001::C020::C021,34.08496443068919,gate_c_torch,cfcbdc11c6feb4758ee49b08dc482ca665a6bdeac3fc36ccd96efbed7617f16e,340f5e8ac2d6df6696e2ea0267670ec4d5d1ef1265aa1ecb1a2cebed848a9eba,5a84f27899c20bd37e8318cdc99009da9cb2fc71b7090dead1ca57fee9e7db6a,4a1388db6a465b41decad90e9701c9312bb7aa844e8aeb133c461ed0a4bd9258,eee99ecbe76acf0c2c4a815bd89561498ad4893f0703a5e098d5d541405fbae9,468c384ff6f9ead8cd3682297d8fd6a2b9cd215fdd4bd90fabac49cc47852e26,"{""dropout"":0.0,""hidden_size"":32,""layers"":1,""weight_decay"":0.0001}",35,4131,5.766278799972497,0.002365599968470633,1883.6015625,74.69677734375,single_seed,student_t,34.08496443068919,3.5486576863054236,2.910055160522461,22.59149002164309,28.224346511327433,31.35974704203097,34.08496443068919,36.810181819347406,39.94558235005095,45.57843883973529
C04_probabilistic_gru_student_t,irregular_time_probabilistic_recurrent,rolling_origin_2023-07-25,42119,P-H03-W002::C020::C021,35.019507492291915,gate_c_torch,cfcbdc11c6feb4758ee49b08dc482ca665a6bdeac3fc36ccd96efbed7617f16e,340f5e8ac2d6df6696e2ea0267670ec4d5d1ef1265aa1ecb1a2cebed848a9eba,5a84f27899c20bd37e8318cdc99009da9cb2fc71b7090dead1ca57fee9e7db6a,4a1388db6a465b41decad90e9701c9312bb7aa844e8aeb133c461ed0a4bd9258,eee99ecbe76acf0c2c4a815bd89561498ad4893f0703a5e098d5d541405fbae9,468c384ff6f9ead8cd3682297d8fd6a2b9cd215fdd4bd90fabac49cc47852e26,"{""dropout"":0.0,""hidden_size"":32,""layers"":1,""weight_decay"":0.0001}",35,4131,5.766278799972497,0.002365599968470633,1883.6015625,74.69677734375,single_seed,student_t,35.019507492291915,3.3745338818560664,2.9594955444335938,24.196603858462524,29.47240468152298,32.4337794205836,35.019507492291915,37.60523556400023,40.56661030306085,45.842411126121306
C04_probabilistic_gru_student_t,irregular_time_probabilistic_recurrent,rolling_origin_2023-07-25,42119,P-H03-W003::C020::C021,30.70699092388352,gate_c_torch,cfcbdc11c6feb4758ee49b08dc482ca665a6bdeac3fc36ccd96efbed7617f16e,340f5e8ac2d6df6696e2ea0267670ec4d5d1ef1265aa1ecb1a2cebed848a9eba,5a84f27899c20bd37e8318cdc99009da9cb2fc71b7090dead1ca57fee9e7db6a,4a1388db6a465b41decad90e9701c9312bb7aa844e8aeb133c461ed0a4bd9258,eee99ecbe76acf0c2c4a815bd89561498ad4893f0703a5e098d5d541405fbae9,468c384ff6f9ead8cd3682297d8fd6a2b9cd215fdd4bd90fabac49cc47852e26,"{""dropout"":0.0,""hidden_size"":32,""layers"":1,""weight_decay"":0.0001}",35,4131,5.766278799972497,0.002365599968470633,1883.6015625,74.69677734375,single_seed,student_t,30.70699092388352,3.564026874009666,2.930957794189453,19.21200791190966,24.83271648019989,27.97257425195797,30.70699092388352,33.44140759580907,36.581265367567156,42.201973935857374
C04_probabilistic_gru_student_t,irregular_time_probabilistic_recurrent,rolling_origin_2023-07-25,42119,P-H03-W004::C020::C021,37.68419694213882,gate_c_torch,cfcbdc11c6feb4758ee49b08dc482ca665a6bdeac3fc36ccd96efbed7617f16e,340f5e8ac2d6df6696e2ea0267670ec4d5d1ef1265aa1ecb1a2cebed848a9eba,5a84f27899c20bd37e8318cdc99009da9cb2fc71b7090dead1ca57fee9e7db6a,4a1388db6a465b41decad90e9701c9312bb7aa844e8aeb133c461ed0a4bd9258,eee99ecbe76acf0c2c4a815bd89561498ad4893f0703a5e098d5d541405fbae9,468c384ff6f9ead8cd3682297d8fd6a2b9cd215fdd4bd90fabac49cc47852e26,"{""dropout"":0.0,""hidden_size"":32,""layers"":1,""weight_decay"":0.0001}",35,4131,5.766278799972497,0.002365599968470633,1883.6015625,74.69677734375,single_seed,student_t,37.68419694213882,3.33813695207443,2.8685762882232666,26.780032919761233,32.1488753875295,35.11569672988922,37.68419694213882,40.252697154388414,43.21951849674814,48.588360964516404
C04_probabilistic_gru_student_t,irregular_time_probabilistic_recurrent,rolling_origin_2023-07-25,42119,P-H03-W005::C020::C021,30.670811864115713,gate_c_torch,cfcbdc11c6feb4758ee49b08dc482ca665a6bdeac3fc36ccd96efbed7617f16e,340f5e8ac2d6df6696e2ea0267670ec4d5d1ef1265aa1ecb1a2cebed848a9eba,5a84f27899c20bd37e8318cdc99009da9cb2fc71b7090dead1ca57fee9e7db6a,4a1388db6a465b41decad90e9701c9312bb7aa844e8aeb133c461ed0a4bd9258,eee99ecbe76acf0c2c4a815bd89561498ad4893f0703a5e098d5d541405fbae9,468c384ff6f9ead8cd3682297d8fd6a2b9cd215fdd4bd90fabac49cc47852e26,"{""dropout"":0.0,""hidden_size"":32,""layers"":1,""weight_decay"":0.0001}",35,4131,5.766278799972497,0.002365599968470633,1883.6015625,74.69677734375,single_seed,student_t,30.670811864115713,3.3387044588080603,2.9615769386291504,19.967152010072702,25.183663687368657,28.112773772708923,30.670811864115713,33.228849955522506,36.15796004086277,41.374471718158716
C04_probabilistic_gru_student_t,irregular_time_probabilistic_recurrent,rolling_origin_2023-07-25,42119,P-H03-W006::C020::C021,36.18237259940268,gate_c_torch,cfcbdc11c6feb4758ee49b08dc482ca665a6bdeac3fc36ccd96efbed7617f16e,340f5e8ac2d6df6696e2ea0267670ec4d5d1ef1265aa1ecb1a2cebed848a9eba,5a84f27899c20bd37e8318cdc99009da9cb2fc71b7090dead1ca57fee9e7db6a,4a1388db6a465b41decad90e9701c9312bb7aa844e8aeb133c461ed0a4bd9258,eee99ecbe76acf0c2c4a815bd89561498ad4893f0703a5e098d5d541405fbae9,468c384ff6f9ead8cd3682297d8fd6a2b9cd215fdd4bd90fabac49cc47852e26,"{""dropout"":0.0,""hidden_size"":32,""layers"":1,""weight_decay"":0.0001}",35,4131,5.766278799972497,0.002365599968470633,1883.6015625,74.69677734375,single_seed,student_t,36.18237259940268,3.2047688256803286,2.9491562843322754,25.883170994768015,30.90926209489833,33.72559720318425,36.18237259940268,38.639147995621116,41.455483103907035,46.481574204037344
C04_probabilistic_gru_student_t,irregular_time_probabilistic_recurrent,rolling_origin_2023-07-25,42119,P-H03-W007::C020::C021,58.92726873303256,gate_c_torch,cfcbdc11c6feb4758ee49b08dc482ca665a6bdeac3fc36ccd96efbed7617f16e,340f5e8ac2d6df6696e2ea0267670ec4d5d1ef1265aa1ecb1a2cebed848a9eba,5a84f27899c20bd37e8318cdc99009da9cb2fc71b7090dead1ca57fee9e7db6a,4a1388db6a465b41decad90e9701c9312bb7aa844e8aeb133c461ed0a4bd9258,eee99ecbe76acf0c2c4a815bd89561498ad4893f0703a5e098d5d541405fbae9,468c384ff6f9ead8cd3682297d8fd6a2b9cd215fdd4bd90fabac49cc47852e26,"{""dropout"":0.0,""hidden_size"":32,""layers"":1,""weight_decay"":0.0001}",35,4131,5.766278799972497,0.002365599968470633,1883.6015625,74.69677734375,single_seed,student_t,58.92726873303256,10.151858358514419,2.454796552658081,22.15527956542016,41.25296806867159,50.934924151800935,58.92726873303256,66.9196133142642,76.60156939739355,95.69925790064495
C04_probabilistic_gru_student_t,irregular_time_probabilistic_recurrent,rolling_origin_2023-07-25,42120,P-H02-W001::C020::C021,29.642438649516407,gate_c_torch,cfcbdc11c6feb4758ee49b08dc482ca665a6bdeac3fc36ccd96efbed7617f16e,340f5e8ac2d6df6696e2ea0267670ec4d5d1ef1265aa1ecb1a2cebed848a9eba,5a84f27899c20bd37e8318cdc99009da9cb2fc71b7090dead1ca57fee9e7db6a,4a1388db6a465b41decad90e9701c9312bb7aa844e8aeb133c461ed0a4bd9258,eee99ecbe76acf0c2c4a815bd89561498ad4893f0703a5e098d5d541405fbae9,468c384ff6f9ead8cd3682297d8fd6a2b9cd215fdd4bd90fabac49cc47852e26,"{""dropout"":0.0,""hidden_size"":32,""layers"":1,""weight_decay"":0.0001}",35,4131,5.675050499965437,0.0013714999658986926,1883.609375,74.69677734375,single_seed,student_t,29.642438649516407,3.7017153307631148,2.7355799674987793,17.19079458899659,23.4183208715934,26.775343768855954,29.642438649516407,32.50953353017686,35.86655642743941,42.09408271003622
C04_probabilistic_gru_student_t,irregular_time_probabilistic_recurrent,rolling_origin_2023-07-25,42120,P-H02-W002::C020::C021,75.97148289151731,gate_c_torch,cfcbdc11c6feb4758ee49b08dc482ca665a6bdeac3fc36ccd96efbed7617f16e,340f5e8ac2d6df6696e2ea0267670ec4d5d1ef1265aa1ecb1a2cebed848a9eba,5a84f27899c20bd37e8318cdc99009da9cb2fc71b7090dead1ca57fee9e7db6a,4a1388db6a465b41decad90e9701c9312bb7aa844e8aeb133c461ed0a4bd9258,eee99ecbe76acf0c2c4a815bd89561498ad4893f0703a5e098d5d541405fbae9,468c384ff6f9ead8cd3682297d8fd6a2b9cd215fdd4bd90fabac49cc47852e26,"{""dropout"":0.0,""hidden_size"":32,""layers"":1,""weight_decay"":0.0001}",35,4131,5.675050499965437,0.0013714999658986926,1883.609375,74.69677734375,single_seed,student_t,75.97148289151731,13.787926572766576,2.3829474449157715,24.90833776228836,51.716566551568214,65.0641958202646,75.97148289151731,86.87876996277002,100.22639923146642,127.03462802074623
C04_probabilistic_gru_student_t,irregular_time_probabilistic_recurrent,rolling_origin_2023-07-25,42120,P-H02-W003::C020::C021,92.25354763870948,gate_c_torch,cfcbdc11c6feb4758ee49b08dc482ca665a6bdeac3fc36ccd96efbed7617f16e,340f5e8ac2d6df6696e2ea0267670ec4d5d1ef1265aa1ecb1a2cebed848a9eba,5a84f27899c20bd37e8318cdc99009da9cb2fc71b7090dead1ca57fee9e7db6a,4a1388db6a465b41decad90e9701c9312bb7aa844e8aeb133c461ed0a4bd9258,eee99ecbe76acf0c2c4a815bd89561498ad4893f0703a5e098d5d541405fbae9,468c384ff6f9ead8cd3682297d8fd6a2b9cd215fdd4bd90fabac49cc47852e26,"{""dropout"":0.0,""hidden_size"":32,""layers"":1,""weight_decay"":0.0001}",35,4131,5.675050499965437,0.0013714999658986926,1883.609375,74.69677734375,single_seed,student_t,92.25354763870948,16.94782024158411,2.338132381439209,28.56224398946098,62.235708086689314,78.80419786451506,92.25354763870948,105.7028974129039,122.27138719072966,155.94485128795796
C04_probabilistic_gru_student_t,irregular_time_probabilistic_recurrent,rolling_origin_2023-07-25,42120,P-H02-W004::C020::C021,39.134527799780706,gate_c_torch,cfcbdc11c6feb4758ee49b08dc482ca665a6bdeac3fc36ccd96efbed7617f16e,340f5e8ac2d6df6696e2ea0267670ec4d5d1ef1265aa1ecb1a2cebed848a9eba,5a84f27899c20bd37e8318cdc99009da9cb2fc71b7090dead1ca57fee9e7db6a,4a1388db6a465b41decad90e9701c9312bb7aa844e8aeb133c461ed0a4bd9258,eee99ecbe76acf0c2c4a815bd89561498ad4893f0703a5e098d5d541405fbae9,468c384ff6f9ead8cd3682297d8fd6a2b9cd215fdd4bd90fabac49cc47852e26,"{""dropout"":0.0,""hidden_size"":32,""layers"":1,""weight_decay"":0.0001}",35,4131,5.675050499965437,0.0013714999658986926,1883.609375,74.69677734375,single_seed,student_t,39.134527799780706,6.057922071977441,2.5594911575317383,17.835451397669207,28.734013291652477,34.39622481909614,39.134527799780706,43.87283078046527,49.53504230790894,60.433604201892194
C04_probabilistic_gru_student_t,irregular_time_probabilistic_recurrent,rolling_origin_2023-07-25,42120,P-H02-W005::C020::C021,9.60646092653819,gate_c_torch,cfcbdc11c6feb4758ee49b08dc482ca665a6bdeac3fc36ccd96efbed7617f16e,340f5e8ac2d6df6696e2ea0267670ec4d5d1ef1265aa1ecb1a2cebed848a9eba,5a84f27899c20bd37e8318cdc99009da9cb2fc71b7090dead1ca57fee9e7db6a,4a1388db6a465b41decad90e9701c9312bb7aa844e8aeb133c461ed0a4bd9258,eee99ecbe76acf0c2c4a815bd89561498ad4893f0703a5e098d5d541405fbae9,468c384ff6f9ead8cd3682297d8fd6a2b9cd215fdd4bd90fabac49cc47852e26,"{""dropout"":0.0,""hidden_size"":32,""layers"":1,""weight_decay"":0.0001}",35,4131,5.675050499965437,0.0013714999658986926,1883.609375,74.69677734375,single_seed,student_t,9.60646092653819,2.907078180965673,3.065319538116455,0.46537582792113596,4.872663502575592,7.388974445394667,9.60646092653819,11.823947407681715,14.34025835050079,18.747546025155245
C04_probabilistic_gru_student_t,irregular_time_probabilistic_recurrent,rolling_origin_2023-07-25,42120,P-H02-W006::C020::C021,24.9648585888583,gate_c_torch,cfcbdc11c6feb4758ee49b08dc482ca665a6bdeac3fc36ccd96efbed7617f16e,340f5e8ac2d6df6696e2ea0267670ec4d5d1ef1265aa1ecb1a2cebed848a9eba,5a84f27899c20bd37e8318cdc99009da9cb2fc71b7090dead1ca57fee9e7db6a,4a1388db6a465b41decad90e9701c9312bb7aa844e8aeb133c461ed0a4bd9258,eee99ecbe76acf0c2c4a815bd89561498ad4893f0703a5e098d5d541405fbae9,468c384ff6f9ead8cd3682297d8fd6a2b9cd215fdd4bd90fabac49cc47852e26,"{""dropout"":0.0,""hidden_size"":32,""layers"":1,""weight_decay"":0.0001}",35,4131,5.675050499965437,0.0013714999658986926,1883.609375,74.69677734375,single_seed,student_t,24.9648585888583,3.66279697260795,2.7573487758636475,12.70583906477139,18.82079113689791,22.13109343875104,24.9648585888583,27.798623738965556,31.108926040818687,37.2238781129452
C04_probabilistic_gru_student_t,irregular_time_probabilistic_recurrent,rolling_origin_2023-07-25,42120,P-H02-W007::C020::C021,38.94089005387597,gate_c_torch,cfcbdc11c6feb4758ee49b08dc482ca665a6bdeac3fc36ccd96efbed7617f16e,340f5e8ac2d6df6696e2ea0267670ec4d5d1ef1265aa1ecb1a2cebed848a9eba,5a84f27899c20bd37e8318cdc99009da9cb2fc71b7090dead1ca57fee9e7db6a,4a1388db6a465b41decad90e9701c9312bb7aa844e8aeb133c461ed0a4bd9258,eee99ecbe76acf0c2c4a815bd89561498ad4893f0703a5e098d5d541405fbae9,468c384ff6f9ead8cd3682297d8fd6a2b9cd215fdd4bd90fabac49cc47852e26,"{""dropout"":0.0,""hidden_size"":32,""layers"":1,""weight_decay"":0.0001}",35,4131,5.675050499965437,0.0013714999658986926,1883.609375,74.69677734375,single_seed,student_t,38.94089005387597,4.134944040029737,2.7011733055114746,24.91849112494416,31.961584475207673,35.732431338380586,38.94089005387597,42.14934876937135,45.920195632544264,52.96328898280777
C04_probabilistic_gru_student_t,irregular_time_probabilistic_recurrent,rolling_origin_2023-07-25,42120,P-H03-W001::C020::C021,34.33547922467496,gate_c_torch,cfcbdc11c6feb4758ee49b08dc482ca665a6bdeac3fc36ccd96efbed7617f16e,340f5e8ac2d6df6696e2ea0267670ec4d5d1ef1265aa1ecb1a2cebed848a9eba,5a84f27899c20bd37e8318cdc99009da9cb2fc71b7090dead1ca57fee9e7db6a,4a1388db6a465b41decad90e9701c9312bb7aa844e8aeb133c461ed0a4bd9258,eee99ecbe76acf0c2c4a815bd89561498ad4893f0703a5e098d5d541405fbae9,468c384ff6f9ead8cd3682297d8fd6a2b9cd215fdd4bd90fabac49cc47852e26,"{""dropout"":0.0,""hidden_size"":32,""layers"":1,""weight_decay"":0.0001}",35,4131,5.675050499965437,0.0013714999658986926,1883.609375,74.69677734375,single_seed,student_t,34.33547922467496,3.4624165457492464,2.849783420562744,22.98053863443266,28.583284387269426,31.668971537368797,34.33547922467496,37.00198691198113,40.087674062080495,45.69041981491726
C04_probabilistic_gru_student_t,irregular_time_probabilistic_recurrent,rolling_origin_2023-07-25,42120,P-H03-W002::C020::C021,35.624640191961326,gate_c_torch,cfcbdc11c6feb4758ee49b08dc482ca665a6bdeac3fc36ccd96efbed7617f16e,340f5e8ac2d6df6696e2ea0267670ec4d5d1ef1265aa1ecb1a2cebed848a9eba,5a84f27899c20bd37e8318cdc99009da9cb2fc71b7090dead1ca57fee9e7db6a,4a1388db6a465b41decad90e9701c9312bb7aa844e8aeb133c461ed0a4bd9258,eee99ecbe76acf0c2c4a815bd89561498ad4893f0703a5e098d5d541405fbae9,468c384ff6f9ead8cd3682297d8fd6a2b9cd215fdd4bd90fabac49cc47852e26,"{""dropout"":0.0,""hidden_size"":32,""layers"":1,""weight_decay"":0.0001}",35,4131,5.675050499965437,0.0013714999658986926,1883.609375,74.69677734375,single_seed,student_t,35.624640191961326,3.3194237208322934,2.9143943786621094,24.883022730031673,30.14488576935277,33.07597119312827,35.624640191961326,38.173309190794384,41.104394614569884,46.366257653890976
C04_probabilistic_gru_student_t,irregular_time_probabilistic_recurrent,rolling_origin_2023-07-25,42120,P-H03-W003::C020::C021,31.902710972304735,gate_c_torch,cfcbdc11c6feb4758ee49b08dc482ca665a6bdeac3fc36ccd96efbed7617f16e,340f5e8ac2d6df6696e2ea0267670ec4d5d1ef1265aa1ecb1a2cebed848a9eba,5a84f27899c20bd37e8318cdc99009da9cb2fc71b7090dead1ca57fee9e7db6a,4a1388db6a465b41decad90e9701c9312bb7aa844e8aeb133c461ed0a4bd9258,eee99ecbe76acf0c2c4a815bd89561498ad4893f0703a5e098d5d541405fbae9,468c384ff6f9ead8cd3682297d8fd6a2b9cd215fdd4bd90fabac49cc47852e26,"{""dropout"":0.0,""hidden_size"":32,""layers"":1,""weight_decay"":0.0001}",35,4131,5.675050499965437,0.0013714999658986926,1883.609375,74.69677734375,single_seed,student_t,31.902710972304735,3.209031529168268,2.970747709274292,21.633014640358184,26.633138509479473,29.44501966373859,31.902710972304735,34.36040228087088,37.17228343513,42.17240730425128
C04_probabilistic_gru_student_t,irregular_time_probabilistic_recurrent,rolling_origin_2023-07-25,42120,P-H03-W004::C020::C021,38.72683217553798,gate_c_torch,cfcbdc11c6feb4758ee49b08dc482ca665a6bdeac3fc36ccd96efbed7617f16e,340f5e8ac2d6df6696e2ea0267670ec4d5d1ef1265aa1ecb1a2cebed848a9eba,5a84f27899c20bd37e8318cdc99009da9cb2fc71b7090dead1ca57fee9e7db6a,4a1388db6a465b41decad90e9701c9312bb7aa844e8aeb133c461ed0a4bd9258,eee99ecbe76acf0c2c4a815bd89561498ad4893f0703a5e098d5d541405fbae9,468c384ff6f9ead8cd3682297d8fd6a2b9cd215fdd4bd90fabac49cc47852e26,"{""dropout"":0.0,""hidden_size"":32,""layers"":1,""weight_decay"":0.0001}",35,4131,5.675050499965437,0.0013714999658986926,1883.609375,74.69677734375,single_seed,student_t,38.72683217553798,3.5125333889154184,2.8682711124420166,27.252263515909846,32.9021488829746,36.02410519449301,38.72683217553798,41.42955915658295,44.55151546810136,50.201400835166105
C04_probabilistic_gru_student_t,irregular_time_probabilistic_recurrent,rolling_origin_2023-07-25,42120,P-H03-W005::C020::C021,31.869383768673124,gate_c_torch,cfcbdc11c6feb4758ee49b08dc482ca665a6bdeac3fc36ccd96efbed7617f16e,340f5e8ac2d6df6696e2ea0267670ec4d5d1ef1265aa1ecb1a2cebed848a9eba,5a84f27899c20bd37e8318cdc99009da9cb2fc71b7090dead1ca57fee9e7db6a,4a1388db6a465b41decad90e9701c9312bb7aa844e8aeb133c461ed0a4bd9258,eee99ecbe76acf0c2c4a815bd89561498ad4893f0703a5e098d5d541405fbae9,468c384ff6f9ead8cd3682297d8fd6a2b9cd215fdd4bd90fabac49cc47852e26,"{""dropout"":0.0,""hidden_size"":32,""layers"":1,""weight_decay"":0.0001}",35,4131,5.675050499965437,0.0013714999658986926,1883.609375,74.69677734375,single_seed,student_t,31.869383768673124,3.1338773268720104,2.9810361862182617,21.859998684718633,26.728068454684113,29.47033230802529,31.869383768673124,34.26843522932096,37.01069908266214,41.878768852627616
C04_probabilistic_gru_student_t,irregular_time_probabilistic_recurrent,rolling_origin_2023-07-25,42120,P-H03-W006::C020::C021,36.881687152908874,gate_c_torch,cfcbdc11c6feb4758ee49b08dc482ca665a6bdeac3fc36ccd96efbed7617f16e,340f5e8ac2d6df6696e2ea0267670ec4d5d1ef1265aa1ecb1a2cebed848a9eba,5a84f27899c20bd37e8318cdc99009da9cb2fc71b7090dead1ca57fee9e7db6a,4a1388db6a465b41decad90e9701c9312bb7aa844e8aeb133c461ed0a4bd9258,eee99ecbe76acf0c2c4a815bd89561498ad4893f0703a5e098d5d541405fbae9,468c384ff6f9ead8cd3682297d8fd6a2b9cd215fdd4bd90fabac49cc47852e26,"{""dropout"":0.0,""hidden_size"":32,""layers"":1,""weight_decay"":0.0001}",35,4131,5.675050499965437,0.0013714999658986926,1883.609375,74.69677734375,single_seed,student_t,36.881687152908874,3.2487687954960704,2.902766704559326,26.343943743073908,31.512565014372136,34.385935328426186,36.881687152908874,39.37743897739156,42.25080929144561,47.419430562743834
C04_probabilistic_gru_student_t,irregular_time_probabilistic_recurrent,rolling_origin_2023-07-25,42120,P-H03-W007::C020::C021,60.11869048242026,gate_c_torch,cfcbdc11c6feb4758ee49b08dc482ca665a6bdeac3fc36ccd96efbed7617f16e,340f5e8ac2d6df6696e2ea0267670ec4d5d1ef1265aa1ecb1a2cebed848a9eba,5a84f27899c20bd37e8318cdc99009da9cb2fc71b7090dead1ca57fee9e7db6a,4a1388db6a465b41decad90e9701c9312bb7aa844e8aeb133c461ed0a4bd9258,eee99ecbe76acf0c2c4a815bd89561498ad4893f0703a5e098d5d541405fbae9,468c384ff6f9ead8cd3682297d8fd6a2b9cd215fdd4bd90fabac49cc47852e26,"{""dropout"":0.0,""hidden_size"":32,""layers"":1,""weight_decay"":0.0001}",35,4131,5.675050499965437,0.0013714999658986926,1883.609375,74.69677734375,single_seed,student_t,60.11869048242026,12.119424423965624,2.591874599456787,17.8751256129989,39.39600540301271,50.65733718425843,60.11869048242026,69.5800437805821,80.84137556182782,102.36225535184161
C04_probabilistic_gru_student_t,irregular_time_probabilistic_recurrent,rolling_origin_2023-07-25,42121,P-H02-W001::C020::C021,27.434279216440146,gate_c_torch,cfcbdc11c6feb4758ee49b08dc482ca665a6bdeac3fc36ccd96efbed7617f16e,340f5e8ac2d6df6696e2ea0267670ec4d5d1ef1265aa1ecb1a2cebed848a9eba,5a84f27899c20bd37e8318cdc99009da9cb2fc71b7090dead1ca57fee9e7db6a,4a1388db6a465b41decad90e9701c9312bb7aa844e8aeb133c461ed0a4bd9258,eee99ecbe76acf0c2c4a815bd89561498ad4893f0703a5e098d5d541405fbae9,468c384ff6f9ead8cd3682297d8fd6a2b9cd215fdd4bd90fabac49cc47852e26,"{""dropout"":0.0,""hidden_size"":32,""layers"":1,""weight_decay"":0.0001}",35,4131,5.695608499925584,0.0023314000573009253,1883.68359375,74.69677734375,single_seed,student_t,27.434279216440146,3.995344797540134,2.846613645553589,14.322789814232246,20.794597519964835,24.356880545921037,27.434279216440146,30.511677886959255,34.07396091291545,40.54576861864804
C04_probabilistic_gru_student_t,irregular_time_probabilistic_recurrent,rolling_origin_2023-07-25,42121,P-H02-W002::C020::C021,73.96270586202681,gate_c_torch,cfcbdc11c6feb4758ee49b08dc482ca665a6bdeac3fc36ccd96efbed7617f16e,340f5e8ac2d6df6696e2ea0267670ec4d5d1ef1265aa1ecb1a2cebed848a9eba,5a84f27899c20bd37e8318cdc99009da9cb2fc71b7090dead1ca57fee9e7db6a,4a1388db6a465b41decad90e9701c9312bb7aa844e8aeb133c461ed0a4bd9258,eee99ecbe76acf0c2c4a815bd89561498ad4893f0703a5e098d5d541405fbae9,468c384ff6f9ead8cd3682297d8fd6a2b9cd215fdd4bd90fabac49cc47852e26,"{""dropout"":0.0,""hidden_size"":32,""layers"":1,""weight_decay"":0.0001}",35,4131,5.695608499925584,0.0023314000573009253,1883.68359375,74.69677734375,single_seed,student_t,73.96270586202681,13.824826642425476,2.364901542663574,22.464158230714183,49.57677166138974,63.012491729943626,73.96270586202681,84.91291999410998,98.34864006266389,125.4612534933394
C04_probabilistic_gru_student_t,irregular_time_probabilistic_recurrent,rolling_origin_2023-07-25,42121,P-H02-W003::C020::C021,93.96783315734658,gate_c_torch,cfcbdc11c6feb4758ee49b08dc482ca665a6bdeac3fc36ccd96efbed7617f16e,340f5e8ac2d6df6696e2ea0267670ec4d5d1ef1265aa1ecb1a2cebed848a9eba,5a84f27899c20bd37e8318cdc99009da9cb2fc71b7090dead1ca57fee9e7db6a,4a1388db6a465b41decad90e9701c9312bb7aa844e8aeb133c461ed0a4bd9258,eee99ecbe76acf0c2c4a815bd89561498ad4893f0703a5e098d5d541405fbae9,468c384ff6f9ead8cd3682297d8fd6a2b9cd215fdd4bd90fabac49cc47852e26,"{""dropout"":0.0,""hidden_size"":32,""layers"":1,""weight_decay"":0.0001}",35,4131,5.695608499925584,0.0023314000573009253,1883.68359375,74.69677734375,single_seed,student_t,93.96783315734658,16.242545519377813,2.2808995246887207,31.714857972825662,64.93469281504791,81.02376245780208,93.96783315734658,106.91190385689107,123.00097349964526,156.22080834186747
C04_probabilistic_gru_student_t,irregular_time_probabilistic_recurrent,rolling_origin_2023-07-25,42121,P-H02-W004::C020::C021,37.38915005652471,gate_c_torch,cfcbdc11c6feb4758ee49b08dc482ca665a6bdeac3fc36ccd96efbed7617f16e,340f5e8ac2d6df6696e2ea0267670ec4d5d1ef1265aa1ecb1a2cebed848a9eba,5a84f27899c20bd37e8318cdc99009da9cb2fc71b7090dead1ca57fee9e7db6a,4a1388db6a465b41decad90e9701c9312bb7aa844e8aeb133c461ed0a4bd9258,eee99ecbe76acf0c2c4a815bd89561498ad4893f0703a5e098d5d541405fbae9,468c384ff6f9ead8cd3682297d8fd6a2b9cd215fdd4bd90fabac49cc47852e26,"{""dropout"":0.0,""hidden_size"":32,""layers"":1,""weight_decay"":0.0001}",35,4131,5.695608499925584,0.0023314000573009253,1883.68359375,74.69677734375,single_seed,student_t,37.38915005652471,6.328901145297952,2.666156530380249,15.743040285389412,26.663668571437256,32.46900146360667,37.38915005652471,42.30929864944275,48.11463154161217,59.03525982766
C04_probabilistic_gru_student_t,irregular_time_probabilistic_recurrent,rolling_origin_2023-07-25,42121,P-H02-W005::C020::C021,5.369215709789636,gate_c_torch,cfcbdc11c6feb4758ee49b08dc482ca665a6bdeac3fc36ccd96efbed7617f16e,340f5e8ac2d6df6696e2ea0267670ec4d5d1ef1265aa1ecb1a2cebed848a9eba,5a84f27899c20bd37e8318cdc99009da9cb2fc71b7090dead1ca57fee9e7db6a,4a1388db6a465b41decad90e9701c9312bb7aa844e8aeb133c461ed0a4bd9258,eee99ecbe76acf0c2c4a815bd89561498ad4893f0703a5e098d5d541405fbae9,468c384ff6f9ead8cd3682297d8fd6a2b9cd215fdd4bd90fabac49cc47852e26,"{""dropout"":0.0,""hidden_size"":32,""layers"":1,""weight_decay"":0.0001}",35,4131,5.695608499925584,0.0023314000573009253,1883.68359375,74.69677734375,single_seed,student_t,5.369215709789636,3.0751605998961518,3.152113437652588,-4.155491878976218,0.3977836047635952,3.0316646938218637,5.369215709789636,7.706766725757408,10.340647814815677,14.893923298555485
C04_probabilistic_gru_student_t,irregular_time_probabilistic_recurrent,rolling_origin_2023-07-25,42121,P-H02-W006::C020::C021,21.770297807399107,gate_c_torch,cfcbdc11c6feb4758ee49b08dc482ca665a6bdeac3fc36ccd96efbed7617f16e,340f5e8ac2d6df6696e2ea0267670ec4d5d1ef1265aa1ecb1a2cebed848a9eba,5a84f27899c20bd37e8318cdc99009da9cb2fc71b7090dead1ca57fee9e7db6a,4a1388db6a465b41decad90e9701c9312bb7aa844e8aeb133c461ed0a4bd9258,eee99ecbe76acf0c2c4a815bd89561498ad4893f0703a5e098d5d541405fbae9,468c384ff6f9ead8cd3682297d8fd6a2b9cd215fdd4bd90fabac49cc47852e26,"{""dropout"":0.0,""hidden_size"":32,""layers"":1,""weight_decay"":0.0001}",35,4131,5.695608499925584,0.0023314000573009253,1883.68359375,74.69677734375,single_seed,student_t,21.770297807399107,3.8430315844212726,2.8950724601745605,9.285426318059352,15.414319270666653,18.816974377953766,21.770297807399107,24.723621236844448,28.126276344131565,34.255169296738856
C04_probabilistic_gru_student_t,irregular_time_probabilistic_recurrent,rolling_origin_2023-07-25,42121,P-H02-W007::C020::C021,38.02595124952709,gate_c_torch,cfcbdc11c6feb4758ee49b08dc482ca665a6bdeac3fc36ccd96efbed7617f16e,340f5e8ac2d6df6696e2ea0267670ec4d5d1ef1265aa1ecb1a2cebed848a9eba,5a84f27899c20bd37e8318cdc99009da9cb2fc71b7090dead1ca57fee9e7db6a,4a1388db6a465b41decad90e9701c9312bb7aa844e8aeb133c461ed0a4bd9258,eee99ecbe76acf0c2c4a815bd89561498ad4893f0703a5e098d5d541405fbae9,468c384ff6f9ead8cd3682297d8fd6a2b9cd215fdd4bd90fabac49cc47852e26,"{""dropout"":0.0,""hidden_size"":32,""layers"":1,""weight_decay"":0.0001}",35,4131,5.695608499925584,0.0023314000573009253,1883.68359375,74.69677734375,single_seed,student_t,38.02595124952709,4.882241220464519,2.7240381240844727,21.55891811473114,29.806395660434653,34.24222006518001,38.02595124952709,41.80968243387417,46.245506838619534,54.49298438432303
C04_probabilistic_gru_student_t,irregular_time_probabilistic_recurrent,rolling_origin_2023-07-25,42121,P-H03-W001::C020::C021,34.576637571539294,gate_c_torch,cfcbdc11c6feb4758ee49b08dc482ca665a6bdeac3fc36ccd96efbed7617f16e,340f5e8ac2d6df6696e2ea0267670ec4d5d1ef1265aa1ecb1a2cebed848a9eba,5a84f27899c20bd37e8318cdc99009da9cb2fc71b7090dead1ca57fee9e7db6a,4a1388db6a465b41decad90e9701c9312bb7aa844e8aeb133c461ed0a4bd9258,eee99ecbe76acf0c2c4a815bd89561498ad4893f0703a5e098d5d541405fbae9,468c384ff6f9ead8cd3682297d8fd6a2b9cd215fdd4bd90fabac49cc47852e26,"{""dropout"":0.0,""hidden_size"":32,""layers"":1,""weight_decay"":0.0001}",35,4131,5.695608499925584,0.0023314000573009253,1883.68359375,74.69677734375,single_seed,student_t,34.576637571539294,3.5563651961064084,2.979558229446411,23.214641739989233,28.741418245449545,31.853986656266084,34.576637571539294,37.2992884868125,40.41185689762904,45.938633403089355
C04_probabilistic_gru_student_t,irregular_time_probabilistic_recurrent,rolling_origin_2023-07-25,42121,P-H03-W002::C020::C021,34.6867129839102,gate_c_torch,cfcbdc11c6feb4758ee49b08dc482ca665a6bdeac3fc36ccd96efbed7617f16e,340f5e8ac2d6df6696e2ea0267670ec4d5d1ef1265aa1ecb1a2cebed848a9eba,5a84f27899c20bd37e8318cdc99009da9cb2fc71b7090dead1ca57fee9e7db6a,4a1388db6a465b41decad90e9701c9312bb7aa844e8aeb133c461ed0a4bd9258,eee99ecbe76acf0c2c4a815bd89561498ad4893f0703a5e098d5d541405fbae9,468c384ff6f9ead8cd3682297d8fd6a2b9cd215fdd4bd90fabac49cc47852e26,"{""dropout"":0.0,""hidden_size"":32,""layers"":1,""weight_decay"":0.0001}",35,4131,5.695608499925584,0.0023314000573009253,1883.68359375,74.69677734375,single_seed,student_t,34.6867129839102,3.279682073514267,3.004937171936035,24.258995665095398,29.317813345637024,32.17864217528239,34.6867129839102,37.194783792538004,40.055612622183375,45.114430302725
C04_probabilistic_gru_student_t,irregular_time_probabilistic_recurrent,rolling_origin_2023-07-25,42121,P-H03-W003::C020::C021,31.903956690024966,gate_c_torch,cfcbdc11c6feb4758ee49b08dc482ca665a6bdeac3fc36ccd96efbed7617f16e,340f5e8ac2d6df6696e2ea0267670ec4d5d1ef1265aa1ecb1a2cebed848a9eba,5a84f27899c20bd37e8318cdc99009da9cb2fc71b7090dead1ca57fee9e7db6a,4a1388db6a465b41decad90e9701c9312bb7aa844e8aeb133c461ed0a4bd9258,eee99ecbe76acf0c2c4a815bd89561498ad4893f0703a5e098d5d541405fbae9,468c384ff6f9ead8cd3682297d8fd6a2b9cd215fdd4bd90fabac49cc47852e26,"{""dropout"":0.0,""hidden_size"":32,""layers"":1,""weight_decay"":0.0001}",35,4131,5.695608499925584,0.0023314000573009253,1883.68359375,74.69677734375,single_seed,student_t,31.903956690024966,3.557837882820164,3.0401787757873535,20.665513679636888,26.09785159119558,29.187238738195283,31.903956690024966,34.62067464185465,37.710061788854354,43.14239970041304
C04_probabilistic_gru_student_t,irregular_time_probabilistic_recurrent,rolling_origin_2023-07-25,42121,P-H03-W004::C020::C021,38.68705750229364,gate_c_torch,cfcbdc11c6feb4758ee49b08dc482ca665a6bdeac3fc36ccd96efbed7617f16e,340f5e8ac2d6df6696e2ea0267670ec4d5d1ef1265aa1ecb1a2cebed848a9eba,5a84f27899c20bd37e8318cdc99009da9cb2fc71b7090dead1ca57fee9e7db6a,4a1388db6a465b41decad90e9701c9312bb7aa844e8aeb133c461ed0a4bd9258,eee99ecbe76acf0c2c4a815bd89561498ad4893f0703a5e098d5d541405fbae9,468c384ff6f9ead8cd3682297d8fd6a2b9cd215fdd4bd90fabac49cc47852e26,"{""dropout"":0.0,""hidden_size"":32,""layers"":1,""weight_decay"":0.0001}",35,4131,5.695608499925584,0.0023314000573009253,1883.68359375,74.69677734375,single_seed,student_t,38.68705750229364,3.4380777860602625,2.9850075244903564,27.714404735037434,33.048723007882124,36.055589651658394,38.68705750229364,41.31852535292889,44.32539199670516,49.65971026954984
C04_probabilistic_gru_student_t,irregular_time_probabilistic_recurrent,rolling_origin_2023-07-25,42121,P-H03-W005::C020::C021,31.65700098722222,gate_c_torch,cfcbdc11c6feb4758ee49b08dc482ca665a6bdeac3fc36ccd96efbed7617f16e,340f5e8ac2d6df6696e2ea0267670ec4d5d1ef1265aa1ecb1a2cebed848a9eba,5a84f27899c20bd37e8318cdc99009da9cb2fc71b7090dead1ca57fee9e7db6a,4a1388db6a465b41decad90e9701c9312bb7aa844e8aeb133c461ed0a4bd9258,eee99ecbe76acf0c2c4a815bd89561498ad4893f0703a5e098d5d541405fbae9,468c384ff6f9ead8cd3682297d8fd6a2b9cd215fdd4bd90fabac49cc47852e26,"{""dropout"":0.0,""hidden_size"":32,""layers"":1,""weight_decay"":0.0001}",35,4131,5.695608499925584,0.0023314000573009253,1883.68359375,74.69677734375,single_seed,student_t,31.65700098722222,3.360893163294811,3.061091184616089,21.080890033381298,26.182235128934806,29.092901792558525,31.65700098722222,34.221100181885916,37.13176684550963,42.233111941063136
C04_probabilistic_gru_student_t,irregular_time_probabilistic_recurrent,rolling_origin_2023-07-25,42121,P-H03-W006::C020::C021,37.0064274245557,gate_c_torch,cfcbdc11c6feb4758ee49b08dc482ca665a6bdeac3fc36ccd96efbed7617f16e,340f5e8ac2d6df6696e2ea0267670ec4d5d1ef1265aa1ecb1a2cebed848a9eba,5a84f27899c20bd37e8318cdc99009da9cb2fc71b7090dead1ca57fee9e7db6a,4a1388db6a465b41decad90e9701c9312bb7aa844e8aeb133c461ed0a4bd9258,eee99ecbe76acf0c2c4a815bd89561498ad4893f0703a5e098d5d541405fbae9,468c384ff6f9ead8cd3682297d8fd6a2b9cd215fdd4bd90fabac49cc47852e26,"{""dropout"":0.0,""hidden_size"":32,""layers"":1,""weight_decay"":0.0001}",35,4131,5.695608499925584,0.0023314000573009253,1883.68359375,74.69677734375,single_seed,student_t,37.0064274245557,3.2271961256346624,3.0006957054138184,26.737395983228676,31.72143592664642,34.53804386227657,37.0064274245557,39.47481098683484,42.291418922464985,47.275458865882726
C04_probabilistic_gru_student_t,irregular_time_probabilistic_recurrent,rolling_origin_2023-07-25,42121,P-H03-W007::C020::C021,55.459942782238464,gate_c_torch,cfcbdc11c6feb4758ee49b08dc482ca665a6bdeac3fc36ccd96efbed7617f16e,340f5e8ac2d6df6696e2ea0267670ec4d5d1ef1265aa1ecb1a2cebed848a9eba,5a84f27899c20bd37e8318cdc99009da9cb2fc71b7090dead1ca57fee9e7db6a,4a1388db6a465b41decad90e9701c9312bb7aa844e8aeb133c461ed0a4bd9258,eee99ecbe76acf0c2c4a815bd89561498ad4893f0703a5e098d5d541405fbae9,468c384ff6f9ead8cd3682297d8fd6a2b9cd215fdd4bd90fabac49cc47852e26,"{""dropout"":0.0,""hidden_size"":32,""layers"":1,""weight_decay"":0.0001}",35,4131,5.695608499925584,0.0023314000573009253,1883.68359375,74.69677734375,single_seed,student_t,55.459942782238464,13.365260767929234,2.6612260341644287,9.692277542542215,32.797025962560795,45.06684493180629,55.459942782238464,65.85304063267064,78.12285960191613,101.22760802193471
