campaign_id,date,profile_id,point_id,observed_benchmark_height_m,standard_uncertainty_mm,observation_method,provenance
C001,2018-05-15,P-D01,P-D01-REF-A,160.4469018,0.5796814013,independent_datum_control,S
C001,2018-05-15,P-D01,P-D01-REF-B,163.7798978,0.6604813543,independent_datum_control,S
C001,2018-05-15,P-H01,P-H01-REF-A,159.9260157,0.6015968324,independent_datum_control,S
C001,2018-05-15,P-H01,P-H01-REF-B,163.7132117,0.6670132035,independent_datum_control,S
C001,2018-05-15,P-H02,P-H02-REF-A,162.7314287,0.6347995571,independent_datum_control,S
C001,2018-05-15,P-H02,P-H02-REF-B,166.564971,0.554850616,independent_datum_control,S
C001,2018-05-15,P-H03,P-H03-REF-A,196.2943021,0.6223237689,independent_datum_control,S
C001,2018-05-15,P-H03,P-H03-REF-B,198.1073741,0.6466033374,independent_datum_control,S
C001,2018-05-15,P-H04,P-H04-REF-A,174.0161575,0.5619317336,independent_datum_control,S
C001,2018-05-15,P-H04,P-H04-REF-B,182.7832902,0.6973950238,independent_datum_control,S
C001,2018-05-15,P-H05,P-H05-REF-A,196.1657929,0.6869310356,independent_datum_control,S
C001,2018-05-15,P-H05,P-H05-REF-B,199.4653079,0.6344110302,independent_datum_control,S
C001,2018-05-15,P-H06,P-H06-REF-A,186.0142033,0.6660220443,independent_datum_control,S
C001,2018-05-15,P-H06,P-H06-REF-B,195.2238662,0.6728968777,independent_datum_control,S
C001,2018-05-15,P-H07,P-H07-REF-A,201.0976734,0.5582631266,independent_datum_control,S
C001,2018-05-15,P-H07,P-H07-REF-B,203.2957922,0.6801767854,independent_datum_control,S
C001,2018-05-15,P-V01,P-V01-REF-A,159.9024715,0.5916074234,independent_datum_control,S
C001,2018-05-15,P-V01,P-V01-REF-B,162.5123251,0.6161246617,independent_datum_control,S
C001,2018-05-15,P-V02,P-V02-REF-A,171.8493029,0.6472409108,independent_datum_control,S
C001,2018-05-15,P-V02,P-V02-REF-B,174.0755802,0.6598508106,independent_datum_control,S
C001,2018-05-15,P-V03,P-V03-REF-A,180.7847835,0.6275894617,independent_datum_control,S
C001,2018-05-15,P-V03,P-V03-REF-B,182.8326022,0.5669108652,independent_datum_control,S
C001,2018-05-15,P-V04,P-V04-REF-A,194.4718369,0.5616511448,independent_datum_control,S
C001,2018-05-15,P-V04,P-V04-REF-B,196.5725868,0.5500890079,independent_datum_control,S
C001,2018-05-15,P-V05,P-V05-REF-A,195.6687866,0.6610968541,independent_datum_control,S
C001,2018-05-15,P-V05,P-V05-REF-B,197.7751001,0.659363599,independent_datum_control,S
C001,2018-05-15,P-V06,P-V06-REF-A,199.8126995,0.6076230344,independent_datum_control,S
C001,2018-05-15,P-V06,P-V06-REF-B,202.2441722,0.5609269304,independent_datum_control,S
C002,2018-07-10,P-H03,P-H03-REF-A,196.2940051,0.5706365922,independent_datum_control,S
C002,2018-07-10,P-H03,P-H03-REF-B,198.1064141,0.6960857233,independent_datum_control,S
C002,2018-07-10,P-V01,P-V01-REF-A,159.9036211,0.6519335817,independent_datum_control,S
C002,2018-07-10,P-V01,P-V01-REF-B,162.5125381,0.5905652743,independent_datum_control,S
C003,2018-10-16,P-D01,P-D01-REF-B,163.7818237,0.6012824089,independent_datum_control,S
C003,2018-10-16,P-H01,P-H01-REF-A,159.9262313,0.5530691041,independent_datum_control,S
C003,2018-10-16,P-H01,P-H01-REF-B,163.7118641,0.5872713827,independent_datum_control,S
C003,2018-10-16,P-H02,P-H02-REF-A,162.7312858,0.6559461998,independent_datum_control,S
C003,2018-10-16,P-H02,P-H02-REF-B,166.5633014,0.5649058646,independent_datum_control,S
C003,2018-10-16,P-H03,P-H03-REF-A,196.2941671,0.5553227549,independent_datum_control,S
C003,2018-10-16,P-H03,P-H03-REF-B,198.1075508,0.5889799705,independent_datum_control,S
C003,2018-10-16,P-H04,P-H04-REF-A,174.0171148,0.5856141543,independent_datum_control,S
C003,2018-10-16,P-H04,P-H04-REF-B,182.7850192,0.6944113424,independent_datum_control,S
C003,2018-10-16,P-H05,P-H05-REF-A,196.1658839,0.6306684404,independent_datum_control,S
C003,2018-10-16,P-H05,P-H05-REF-B,199.4652135,0.599239926,independent_datum_control,S
C003,2018-10-16,P-H06,P-H06-REF-A,186.0147379,0.6285358689,independent_datum_control,S
C003,2018-10-16,P-H06,P-H06-REF-B,195.2261624,0.6054305632,independent_datum_control,S
C003,2018-10-16,P-H07,P-H07-REF-A,201.0962487,0.6680211877,independent_datum_control,S
C003,2018-10-16,P-H07,P-H07-REF-B,203.2945992,0.6086610322,independent_datum_control,S
C003,2018-10-16,P-V01,P-V01-REF-A,159.9040273,0.6570220481,independent_datum_control,S
C003,2018-10-16,P-V01,P-V01-REF-B,162.5118852,0.6891169559,independent_datum_control,S
C003,2018-10-16,P-V02,P-V02-REF-A,171.8487584,0.6345588144,independent_datum_control,S
C003,2018-10-16,P-V02,P-V02-REF-B,174.0742482,0.6377302788,independent_datum_control,S
C003,2018-10-16,P-V03,P-V03-REF-A,180.7836743,0.6763508723,independent_datum_control,S
C003,2018-10-16,P-V03,P-V03-REF-B,182.8331364,0.6349485807,independent_datum_control,S
C003,2018-10-16,P-V04,P-V04-REF-A,194.472102,0.5879088325,independent_datum_control,S
C003,2018-10-16,P-V04,P-V04-REF-B,196.5723544,0.6131479049,independent_datum_control,S
C003,2018-10-16,P-V05,P-V05-REF-A,195.6684231,0.6559080413,independent_datum_control,S
C003,2018-10-16,P-V05,P-V05-REF-B,197.7758317,0.5596795337,independent_datum_control,S
C003,2018-10-16,P-V06,P-V06-REF-A,199.8133952,0.6692821013,independent_datum_control,S
C003,2018-10-16,P-V06,P-V06-REF-B,202.2451475,0.6734692943,independent_datum_control,S
C004,2019-02-12,P-H02,P-H02-REF-A,162.7304753,0.5702119881,independent_datum_control,S
C004,2019-02-12,P-H02,P-H02-REF-B,166.564697,0.5505282663,independent_datum_control,S
C004,2019-02-12,P-V01,P-V01-REF-A,159.9034574,0.5509160026,independent_datum_control,S
C004,2019-02-12,P-V01,P-V01-REF-B,162.5139326,0.6734055279,independent_datum_control,S
C005,2019-05-14,P-D01,P-D01-REF-A,160.4462899,0.6081860246,independent_datum_control,S
C005,2019-05-14,P-D01,P-D01-REF-B,163.7807223,0.6225136606,independent_datum_control,S
C005,2019-05-14,P-H01,P-H01-REF-A,159.9262855,0.6271321575,independent_datum_control,S
C005,2019-05-14,P-H01,P-H01-REF-B,163.7125736,0.6940582307,independent_datum_control,S
C005,2019-05-14,P-H02,P-H02-REF-A,162.7311197,0.6402839764,independent_datum_control,S
C005,2019-05-14,P-H02,P-H02-REF-B,166.5648099,0.684614614,independent_datum_control,S
C005,2019-05-14,P-H03,P-H03-REF-A,196.2943897,0.6057797603,independent_datum_control,S
C005,2019-05-14,P-H03,P-H03-REF-B,198.1078174,0.5729262026,independent_datum_control,S
C005,2019-05-14,P-H04,P-H04-REF-A,174.0156752,0.6343232304,independent_datum_control,S
C005,2019-05-14,P-H04,P-H04-REF-B,182.7854469,0.6629770112,independent_datum_control,S
C005,2019-05-14,P-H05,P-H05-REF-A,196.1654856,0.5752723554,independent_datum_control,S
C005,2019-05-14,P-H05,P-H05-REF-B,199.4651159,0.6494184872,independent_datum_control,S
C005,2019-05-14,P-H06,P-H06-REF-A,186.0145206,0.5992898432,independent_datum_control,S
C005,2019-05-14,P-H06,P-H06-REF-B,195.2243446,0.6099248188,independent_datum_control,S
C005,2019-05-14,P-H07,P-H07-REF-A,201.0982241,0.6958074637,independent_datum_control,S
C005,2019-05-14,P-H07,P-H07-REF-B,203.2948457,0.6689236654,independent_datum_control,S
C005,2019-05-14,P-V01,P-V01-REF-A,159.9029014,0.6521459254,independent_datum_control,S
C005,2019-05-14,P-V01,P-V01-REF-B,162.5125127,0.679761704,independent_datum_control,S
C005,2019-05-14,P-V02,P-V02-REF-B,174.0764036,0.6565969789,independent_datum_control,S
C005,2019-05-14,P-V03,P-V03-REF-A,180.7849627,0.6287281057,independent_datum_control,S
C005,2019-05-14,P-V03,P-V03-REF-B,182.8321371,0.6571959346,independent_datum_control,S
C005,2019-05-14,P-V04,P-V04-REF-A,194.4717012,0.6525159394,independent_datum_control,S
C005,2019-05-14,P-V04,P-V04-REF-B,196.5733027,0.697076836,independent_datum_control,S
C005,2019-05-14,P-V05,P-V05-REF-A,195.6684825,0.6903568402,independent_datum_control,S
C005,2019-05-14,P-V05,P-V05-REF-B,197.775965,0.6165065152,independent_datum_control,S
C005,2019-05-14,P-V06,P-V06-REF-A,199.812884,0.5731820561,independent_datum_control,S
C005,2019-05-14,P-V06,P-V06-REF-B,202.2450413,0.5625592469,independent_datum_control,S
C006,2019-08-27,P-H03,P-H03-REF-A,196.2934533,0.6077455731,independent_datum_control,S
C006,2019-08-27,P-H03,P-H03-REF-B,198.107519,0.5586024753,independent_datum_control,S
C006,2019-08-27,P-V02,P-V02-REF-A,171.8501001,0.6109507185,independent_datum_control,S
C006,2019-08-27,P-V02,P-V02-REF-B,174.0749133,0.6105894978,independent_datum_control,S
C007,2019-11-05,P-D01,P-D01-REF-A,160.4463218,0.6443606309,independent_datum_control,S
C007,2019-11-05,P-D01,P-D01-REF-B,163.7801175,0.5572912336,independent_datum_control,S
C007,2019-11-05,P-H01,P-H01-REF-A,159.9277785,0.688442589,independent_datum_control,S
C007,2019-11-05,P-H01,P-H01-REF-B,163.7124205,0.6299837242,independent_datum_control,S
C007,2019-11-05,P-H02,P-H02-REF-A,162.7315304,0.5686889348,independent_datum_control,S
C007,2019-11-05,P-H02,P-H02-REF-B,166.5646142,0.5585366969,independent_datum_control,S
C007,2019-11-05,P-H03,P-H03-REF-A,196.2944536,0.6742950486,independent_datum_control,S
C007,2019-11-05,P-H03,P-H03-REF-B,198.1072753,0.6889102351,independent_datum_control,S
C007,2019-11-05,P-H04,P-H04-REF-A,174.0169536,0.5913216246,independent_datum_control,S
C007,2019-11-05,P-H04,P-H04-REF-B,182.7851591,0.6406403053,independent_datum_control,S
C007,2019-11-05,P-H05,P-H05-REF-A,196.1654025,0.583232591,independent_datum_control,S
C007,2019-11-05,P-H05,P-H05-REF-B,199.4651866,0.6326447014,independent_datum_control,S
C007,2019-11-05,P-H06,P-H06-REF-A,186.0142039,0.6169537084,independent_datum_control,S
C007,2019-11-05,P-H06,P-H06-REF-B,195.223483,0.6566081682,independent_datum_control,S
C007,2019-11-05,P-H07,P-H07-REF-A,201.0980396,0.5641102334,independent_datum_control,S
C007,2019-11-05,P-H07,P-H07-REF-B,203.295895,0.5582951111,independent_datum_control,S
C007,2019-11-05,P-V01,P-V01-REF-A,159.9038566,0.6540724109,independent_datum_control,S
C007,2019-11-05,P-V01,P-V01-REF-B,162.5139411,0.6879555049,independent_datum_control,S
C007,2019-11-05,P-V02,P-V02-REF-A,171.8498735,0.6557512615,independent_datum_control,S
C007,2019-11-05,P-V02,P-V02-REF-B,174.0752495,0.6079216233,independent_datum_control,S
C007,2019-11-05,P-V03,P-V03-REF-A,180.7833631,0.566377253,independent_datum_control,S
C007,2019-11-05,P-V03,P-V03-REF-B,182.8328845,0.6381245068,independent_datum_control,S
C007,2019-11-05,P-V04,P-V04-REF-A,194.4708538,0.633007759,independent_datum_control,S
C007,2019-11-05,P-V04,P-V04-REF-B,196.5725719,0.6169941675,independent_datum_control,S
C007,2019-11-05,P-V05,P-V05-REF-A,195.6683251,0.5955793655,independent_datum_control,S
C007,2019-11-05,P-V05,P-V05-REF-B,197.7757165,0.5502946107,independent_datum_control,S
C007,2019-11-05,P-V06,P-V06-REF-A,199.8114576,0.6996661348,independent_datum_control,S
C007,2019-11-05,P-V06,P-V06-REF-B,202.245287,0.5593381661,independent_datum_control,S
C008,2020-04-21,P-D01,P-D01-REF-A,160.4471572,0.6198028216,independent_datum_control,S
C008,2020-04-21,P-D01,P-D01-REF-B,163.7819076,0.6693424477,independent_datum_control,S
C008,2020-04-21,P-H01,P-H01-REF-A,159.9268011,0.5512885122,independent_datum_control,S
C008,2020-04-21,P-H01,P-H01-REF-B,163.7120545,0.6141360168,independent_datum_control,S
C008,2020-04-21,P-H02,P-H02-REF-A,162.7300672,0.5753281687,independent_datum_control,S
C008,2020-04-21,P-H02,P-H02-REF-B,166.5661702,0.5862934582,independent_datum_control,S
C008,2020-04-21,P-H03,P-H03-REF-A,196.2940061,0.553066603,independent_datum_control,S
C008,2020-04-21,P-H03,P-H03-REF-B,198.1070469,0.6530960271,independent_datum_control,S
C008,2020-04-21,P-H04,P-H04-REF-A,174.0177942,0.6547955033,independent_datum_control,S
C008,2020-04-21,P-H04,P-H04-REF-B,182.7856162,0.6279838595,independent_datum_control,S
C008,2020-04-21,P-H05,P-H05-REF-A,196.1664759,0.6652125677,independent_datum_control,S
C008,2020-04-21,P-H05,P-H05-REF-B,199.4666592,0.5517057333,independent_datum_control,S
C008,2020-04-21,P-H06,P-H06-REF-A,186.0147519,0.6772538898,independent_datum_control,S
C008,2020-04-21,P-H06,P-H06-REF-B,195.2238971,0.607576648,independent_datum_control,S
C008,2020-04-21,P-H07,P-H07-REF-A,201.0982405,0.6161131761,independent_datum_control,S
C008,2020-04-21,P-H07,P-H07-REF-B,203.2956918,0.6573656674,independent_datum_control,S
C008,2020-04-21,P-V01,P-V01-REF-A,159.9037877,0.697242278,independent_datum_control,S
C008,2020-04-21,P-V01,P-V01-REF-B,162.5120408,0.6807505979,independent_datum_control,S
C008,2020-04-21,P-V02,P-V02-REF-A,171.8483857,0.594394421,independent_datum_control,S
C008,2020-04-21,P-V02,P-V02-REF-B,174.0761905,0.5991311334,independent_datum_control,S
C008,2020-04-21,P-V03,P-V03-REF-A,180.7835505,0.611027179,independent_datum_control,S
C008,2020-04-21,P-V03,P-V03-REF-B,182.833075,0.6861551077,independent_datum_control,S
C008,2020-04-21,P-V04,P-V04-REF-A,194.4717364,0.5848700397,independent_datum_control,S
C008,2020-04-21,P-V04,P-V04-REF-B,196.5724894,0.6878086336,independent_datum_control,S
C008,2020-04-21,P-V05,P-V05-REF-A,195.6662281,0.6161271975,independent_datum_control,S
C008,2020-04-21,P-V05,P-V05-REF-B,197.7761228,0.5752620297,independent_datum_control,S
C008,2020-04-21,P-V06,P-V06-REF-A,199.8139122,0.6103632855,independent_datum_control,S
C008,2020-04-21,P-V06,P-V06-REF-B,202.244947,0.6616676298,independent_datum_control,S
C009,2020-06-02,P-D01,P-D01-REF-A,160.4461631,0.6619924655,independent_datum_control,S
C009,2020-06-02,P-D01,P-D01-REF-B,163.780176,0.5553546267,independent_datum_control,S
C009,2020-06-02,P-H03,P-H03-REF-A,196.2945579,0.669716809,independent_datum_control,S
C009,2020-06-02,P-H03,P-H03-REF-B,198.1075425,0.6802599753,independent_datum_control,S
C009,2020-06-02,P-V01,P-V01-REF-A,159.9038533,0.6845822414,independent_datum_control,S
C009,2020-06-02,P-V01,P-V01-REF-B,162.5135552,0.6670488744,independent_datum_control,S
C010,2020-10-20,P-D01,P-D01-REF-A,160.4473895,0.6866804494,independent_datum_control,S
C010,2020-10-20,P-D01,P-D01-REF-B,163.7805704,0.5875836502,independent_datum_control,S
C010,2020-10-20,P-H01,P-H01-REF-A,159.9272837,0.5844288844,independent_datum_control,S
C010,2020-10-20,P-H01,P-H01-REF-B,163.7130097,0.5546369381,independent_datum_control,S
C010,2020-10-20,P-H02,P-H02-REF-A,162.7311052,0.5974447575,independent_datum_control,S
C010,2020-10-20,P-H02,P-H02-REF-B,166.5645133,0.6811604644,independent_datum_control,S
C010,2020-10-20,P-H03,P-H03-REF-A,196.2947491,0.6415281461,independent_datum_control,S
C010,2020-10-20,P-H03,P-H03-REF-B,198.1068812,0.6756610615,independent_datum_control,S
C010,2020-10-20,P-H04,P-H04-REF-A,174.0160332,0.5792267476,independent_datum_control,S
C010,2020-10-20,P-H04,P-H04-REF-B,182.7822187,0.6899434923,independent_datum_control,S
C010,2020-10-20,P-H05,P-H05-REF-A,196.1661796,0.6248061992,independent_datum_control,S
C010,2020-10-20,P-H05,P-H05-REF-B,199.4663474,0.6264692625,independent_datum_control,S
C010,2020-10-20,P-H06,P-H06-REF-A,186.0152346,0.5880930839,independent_datum_control,S
C010,2020-10-20,P-H06,P-H06-REF-B,195.2244653,0.5724060955,independent_datum_control,S
C010,2020-10-20,P-H07,P-H07-REF-A,201.0988063,0.6199564525,independent_datum_control,S
C010,2020-10-20,P-H07,P-H07-REF-B,203.2952938,0.5771014256,independent_datum_control,S
C010,2020-10-20,P-V01,P-V01-REF-A,159.9030168,0.6859531742,independent_datum_control,S
C010,2020-10-20,P-V01,P-V01-REF-B,162.5127308,0.6060803528,independent_datum_control,S
C010,2020-10-20,P-V02,P-V02-REF-A,171.8494686,0.5665835807,independent_datum_control,S
C010,2020-10-20,P-V02,P-V02-REF-B,174.0756717,0.635836488,independent_datum_control,S
C010,2020-10-20,P-V03,P-V03-REF-A,180.7841683,0.6715661066,independent_datum_control,S
C010,2020-10-20,P-V03,P-V03-REF-B,182.832516,0.6746232757,independent_datum_control,S
C010,2020-10-20,P-V04,P-V04-REF-A,194.471952,0.5532696531,independent_datum_control,S
C010,2020-10-20,P-V04,P-V04-REF-B,196.5734834,0.6480637086,independent_datum_control,S
C010,2020-10-20,P-V05,P-V05-REF-A,195.6677679,0.5788187274,independent_datum_control,S
C010,2020-10-20,P-V05,P-V05-REF-B,197.7751958,0.6260248565,independent_datum_control,S
C010,2020-10-20,P-V06,P-V06-REF-A,199.8124341,0.6600855143,independent_datum_control,S
C010,2020-10-20,P-V06,P-V06-REF-B,202.2461482,0.5939421254,independent_datum_control,S
C011,2021-01-26,P-H04,P-H04-REF-A,174.0159623,0.5611872737,independent_datum_control,S
C011,2021-01-26,P-H04,P-H04-REF-B,182.7830861,0.6788839198,independent_datum_control,S
C011,2021-01-26,P-V02,P-V02-REF-A,171.8499477,0.6365990921,independent_datum_control,S
C011,2021-01-26,P-V02,P-V02-REF-B,174.0743606,0.6018523837,independent_datum_control,S
C012,2021-05-18,P-D01,P-D01-REF-A,160.4468296,0.6086579992,independent_datum_control,S
C012,2021-05-18,P-D01,P-D01-REF-B,163.780161,0.6502132742,independent_datum_control,S
C012,2021-05-18,P-H01,P-H01-REF-A,159.9260857,0.5602570951,independent_datum_control,S
C012,2021-05-18,P-H01,P-H01-REF-B,163.7116104,0.6774934796,independent_datum_control,S
C012,2021-05-18,P-H02,P-H02-REF-A,162.731517,0.6947543267,independent_datum_control,S
C012,2021-05-18,P-H02,P-H02-REF-B,166.566262,0.6892875387,independent_datum_control,S
C012,2021-05-18,P-H03,P-H03-REF-A,196.2942719,0.5615585514,independent_datum_control,S
C012,2021-05-18,P-H03,P-H03-REF-B,198.1069264,0.611699087,independent_datum_control,S
C012,2021-05-18,P-H04,P-H04-REF-A,174.0174521,0.6399490149,independent_datum_control,S
C012,2021-05-18,P-H04,P-H04-REF-B,182.7844687,0.6069977464,independent_datum_control,S
C012,2021-05-18,P-H05,P-H05-REF-A,196.166399,0.6376628296,independent_datum_control,S
C012,2021-05-18,P-H05,P-H05-REF-B,199.4657853,0.5829431933,independent_datum_control,S
C012,2021-05-18,P-H06,P-H06-REF-A,186.014748,0.5576575596,independent_datum_control,S
C012,2021-05-18,P-H06,P-H06-REF-B,195.2230445,0.6934040901,independent_datum_control,S
C012,2021-05-18,P-H07,P-H07-REF-A,201.0977695,0.6688027018,independent_datum_control,S
C012,2021-05-18,P-H07,P-H07-REF-B,203.2957299,0.6466301547,independent_datum_control,S
C012,2021-05-18,P-V01,P-V01-REF-A,159.9029991,0.5984508272,independent_datum_control,S
C012,2021-05-18,P-V01,P-V01-REF-B,162.5127736,0.6523655709,independent_datum_control,S
C012,2021-05-18,P-V02,P-V02-REF-A,171.8498446,0.6882383339,independent_datum_control,S
C012,2021-05-18,P-V02,P-V02-REF-B,174.0763552,0.6896318222,independent_datum_control,S
C012,2021-05-18,P-V03,P-V03-REF-A,180.7849257,0.5992473441,independent_datum_control,S
C012,2021-05-18,P-V03,P-V03-REF-B,182.8324968,0.6326682112,independent_datum_control,S
C012,2021-05-18,P-V04,P-V04-REF-A,194.4719358,0.6188864481,independent_datum_control,S
C012,2021-05-18,P-V04,P-V04-REF-B,196.5728421,0.6529254413,independent_datum_control,S
C012,2021-05-18,P-V05,P-V05-REF-A,195.6676823,0.6255236457,independent_datum_control,S
C012,2021-05-18,P-V05,P-V05-REF-B,197.7757314,0.6329913613,independent_datum_control,S
C012,2021-05-18,P-V06,P-V06-REF-A,199.8133526,0.6509844894,independent_datum_control,S
C012,2021-05-18,P-V06,P-V06-REF-B,202.244593,0.6488052774,independent_datum_control,S
C013,2021-07-13,P-H04,P-H04-REF-A,174.0172897,0.6788594906,independent_datum_control,S
C013,2021-07-13,P-H04,P-H04-REF-B,182.784285,0.6277437086,independent_datum_control,S
C013,2021-07-13,P-V06,P-V06-REF-A,199.8129745,0.5576533781,independent_datum_control,S
C013,2021-07-13,P-V06,P-V06-REF-B,202.2447288,0.6929347819,independent_datum_control,S
C014,2021-11-02,P-D01,P-D01-REF-A,160.4465378,0.6434410149,independent_datum_control,S
C014,2021-11-02,P-D01,P-D01-REF-B,163.7809344,0.5746613447,independent_datum_control,S
C014,2021-11-02,P-H01,P-H01-REF-A,159.9270539,0.5943321777,independent_datum_control,S
C014,2021-11-02,P-H01,P-H01-REF-B,163.7128322,0.6124574574,independent_datum_control,S
C014,2021-11-02,P-H02,P-H02-REF-A,162.7308538,0.6724795669,independent_datum_control,S
C014,2021-11-02,P-H02,P-H02-REF-B,166.5648437,0.5512860729,independent_datum_control,S
C014,2021-11-02,P-H03,P-H03-REF-A,196.2942207,0.5732133384,independent_datum_control,S
C014,2021-11-02,P-H03,P-H03-REF-B,198.1061664,0.6554418611,independent_datum_control,S
C014,2021-11-02,P-H04,P-H04-REF-A,174.0161837,0.5537141067,independent_datum_control,S
C014,2021-11-02,P-H04,P-H04-REF-B,182.7837997,0.6535719389,independent_datum_control,S
C014,2021-11-02,P-H05,P-H05-REF-A,196.1660085,0.6667344977,independent_datum_control,S
C014,2021-11-02,P-H05,P-H05-REF-B,199.4656496,0.6356361574,independent_datum_control,S
C014,2021-11-02,P-H06,P-H06-REF-A,186.0143485,0.5677321321,independent_datum_control,S
C014,2021-11-02,P-H06,P-H06-REF-B,195.2242526,0.6976473552,independent_datum_control,S
C014,2021-11-02,P-H07,P-H07-REF-A,201.0991748,0.5666305682,independent_datum_control,S
C014,2021-11-02,P-H07,P-H07-REF-B,203.2965148,0.6495757231,independent_datum_control,S
C014,2021-11-02,P-V01,P-V01-REF-A,159.9031626,0.6199770367,independent_datum_control,S
C014,2021-11-02,P-V01,P-V01-REF-B,162.5128587,0.5742674083,independent_datum_control,S
C014,2021-11-02,P-V02,P-V02-REF-A,171.8515582,0.6679685335,independent_datum_control,S
C014,2021-11-02,P-V02,P-V02-REF-B,174.0751245,0.5887101842,independent_datum_control,S
C014,2021-11-02,P-V03,P-V03-REF-A,180.7842314,0.6055014239,independent_datum_control,S
C014,2021-11-02,P-V03,P-V03-REF-B,182.832622,0.6025111012,independent_datum_control,S
C014,2021-11-02,P-V04,P-V04-REF-A,194.4714505,0.6964781455,independent_datum_control,S
C014,2021-11-02,P-V04,P-V04-REF-B,196.5724906,0.6195634215,independent_datum_control,S
C014,2021-11-02,P-V05,P-V05-REF-A,195.6677561,0.6342419454,independent_datum_control,S
C014,2021-11-02,P-V05,P-V05-REF-B,197.7769526,0.6462359564,independent_datum_control,S
C014,2021-11-02,P-V06,P-V06-REF-A,199.8127403,0.6541797189,independent_datum_control,S
C014,2021-11-02,P-V06,P-V06-REF-B,202.2449212,0.5684892444,independent_datum_control,S
C015,2022-03-01,P-D01,P-D01-REF-A,160.4467955,0.6164375175,independent_datum_control,S
C015,2022-03-01,P-D01,P-D01-REF-B,163.7809451,0.5600419603,independent_datum_control,S
C015,2022-03-01,P-H04,P-H04-REF-A,174.0153972,0.6544584498,independent_datum_control,S
C015,2022-03-01,P-H04,P-H04-REF-B,182.7839436,0.6969022358,independent_datum_control,S
C016,2022-05-17,P-D01,P-D01-REF-A,160.4466876,0.5991359324,independent_datum_control,S
C016,2022-05-17,P-D01,P-D01-REF-B,163.7803638,0.5528556054,independent_datum_control,S
C016,2022-05-17,P-H01,P-H01-REF-A,159.926929,0.6167895876,independent_datum_control,S
C016,2022-05-17,P-H01,P-H01-REF-B,163.7121029,0.5955413221,independent_datum_control,S
C016,2022-05-17,P-H02,P-H02-REF-A,162.7314862,0.6578540048,independent_datum_control,S
C016,2022-05-17,P-H02,P-H02-REF-B,166.5655218,0.6502276401,independent_datum_control,S
C016,2022-05-17,P-H03,P-H03-REF-A,196.2937005,0.582450718,independent_datum_control,S
C016,2022-05-17,P-H03,P-H03-REF-B,198.107084,0.6007381029,independent_datum_control,S
C016,2022-05-17,P-H04,P-H04-REF-A,174.0156067,0.6386681415,independent_datum_control,S
C016,2022-05-17,P-H04,P-H04-REF-B,182.783378,0.5519750967,independent_datum_control,S
C016,2022-05-17,P-H05,P-H05-REF-A,196.16552,0.5701023928,independent_datum_control,S
C016,2022-05-17,P-H05,P-H05-REF-B,199.4658782,0.5831468796,independent_datum_control,S
C016,2022-05-17,P-H06,P-H06-REF-A,186.0148812,0.6023749929,independent_datum_control,S
C016,2022-05-17,P-H06,P-H06-REF-B,195.2244488,0.5638872417,independent_datum_control,S
C016,2022-05-17,P-H07,P-H07-REF-A,201.0969248,0.6818830042,independent_datum_control,S
C016,2022-05-17,P-H07,P-H07-REF-B,203.295567,0.6174635914,independent_datum_control,S
C016,2022-05-17,P-V01,P-V01-REF-A,159.9039858,0.5721024389,independent_datum_control,S
C016,2022-05-17,P-V01,P-V01-REF-B,162.5131739,0.6250075155,independent_datum_control,S
C016,2022-05-17,P-V02,P-V02-REF-A,171.8488631,0.6599311124,independent_datum_control,S
C016,2022-05-17,P-V02,P-V02-REF-B,174.0749565,0.6287433623,independent_datum_control,S
C016,2022-05-17,P-V03,P-V03-REF-A,180.7840152,0.5834392538,independent_datum_control,S
C016,2022-05-17,P-V03,P-V03-REF-B,182.8327464,0.588253155,independent_datum_control,S
C016,2022-05-17,P-V04,P-V04-REF-A,194.472286,0.5813758868,independent_datum_control,S
C016,2022-05-17,P-V04,P-V04-REF-B,196.5720645,0.6405655954,independent_datum_control,S
C016,2022-05-17,P-V05,P-V05-REF-A,195.6675321,0.6771566939,independent_datum_control,S
C016,2022-05-17,P-V05,P-V05-REF-B,197.7762028,0.5583441615,independent_datum_control,S
C016,2022-05-17,P-V06,P-V06-REF-A,199.8125565,0.5601022025,independent_datum_control,S
C016,2022-05-17,P-V06,P-V06-REF-B,202.2453501,0.5833840605,independent_datum_control,S
C017,2022-07-19,P-D01,P-D01-REF-A,160.446298,0.5767496708,independent_datum_control,S
C017,2022-07-19,P-D01,P-D01-REF-B,163.7800686,0.6716518502,independent_datum_control,S
C017,2022-07-19,P-H03,P-H03-REF-A,196.2939844,0.6309531885,independent_datum_control,S
C017,2022-07-19,P-H03,P-H03-REF-B,198.1064516,0.6177154292,independent_datum_control,S
C017,2022-07-19,P-H04,P-H04-REF-A,174.0177473,0.6543822368,independent_datum_control,S
C017,2022-07-19,P-H04,P-H04-REF-B,182.7845574,0.5624095283,independent_datum_control,S
C018,2022-10-18,P-D01,P-D01-REF-A,160.4471885,0.6333946565,independent_datum_control,S
C018,2022-10-18,P-D01,P-D01-REF-B,163.7798907,0.6517799375,independent_datum_control,S
C018,2022-10-18,P-H01,P-H01-REF-A,159.926754,0.575285062,independent_datum_control,S
C018,2022-10-18,P-H01,P-H01-REF-B,163.7110933,0.5664670446,independent_datum_control,S
C018,2022-10-18,P-H02,P-H02-REF-A,162.7310376,0.6145524553,independent_datum_control,S
C018,2022-10-18,P-H02,P-H02-REF-B,166.5643481,0.6003453667,independent_datum_control,S
C018,2022-10-18,P-H03,P-H03-REF-A,196.293912,0.6386220586,independent_datum_control,S
C018,2022-10-18,P-H03,P-H03-REF-B,198.1067314,0.6779156376,independent_datum_control,S
C018,2022-10-18,P-H04,P-H04-REF-A,174.0170739,0.6070916896,independent_datum_control,S
C018,2022-10-18,P-H05,P-H05-REF-A,196.1651776,0.6307549284,independent_datum_control,S
C018,2022-10-18,P-H05,P-H05-REF-B,199.4651402,0.6778346012,independent_datum_control,S
C018,2022-10-18,P-H06,P-H06-REF-A,186.0141901,0.5529825698,independent_datum_control,S
C018,2022-10-18,P-H06,P-H06-REF-B,195.2248377,0.6650265125,independent_datum_control,S
C018,2022-10-18,P-H07,P-H07-REF-A,201.0973483,0.6813822544,independent_datum_control,S
C018,2022-10-18,P-H07,P-H07-REF-B,203.2969516,0.6704389535,independent_datum_control,S
C018,2022-10-18,P-V01,P-V01-REF-A,159.9032277,0.6167848778,independent_datum_control,S
C018,2022-10-18,P-V01,P-V01-REF-B,162.5128446,0.5808148667,independent_datum_control,S
C018,2022-10-18,P-V02,P-V02-REF-A,171.8497689,0.5684304562,independent_datum_control,S
C018,2022-10-18,P-V02,P-V02-REF-B,174.0758882,0.5807199267,independent_datum_control,S
C018,2022-10-18,P-V03,P-V03-REF-A,180.7836614,0.6307277294,independent_datum_control,S
C018,2022-10-18,P-V03,P-V03-REF-B,182.8327593,0.6272295921,independent_datum_control,S
C018,2022-10-18,P-V04,P-V04-REF-A,194.4721336,0.6722622711,independent_datum_control,S
C018,2022-10-18,P-V04,P-V04-REF-B,196.5738605,0.5941091129,independent_datum_control,S
C018,2022-10-18,P-V05,P-V05-REF-A,195.6683396,0.6978039395,independent_datum_control,S
C018,2022-10-18,P-V05,P-V05-REF-B,197.7760272,0.5681656363,independent_datum_control,S
C018,2022-10-18,P-V06,P-V06-REF-A,199.8121275,0.6421339928,independent_datum_control,S
C018,2022-10-18,P-V06,P-V06-REF-B,202.2451982,0.5829393193,independent_datum_control,S
C019,2023-01-17,P-H01,P-H01-REF-A,159.9277781,0.55115577,independent_datum_control,S
C019,2023-01-17,P-H01,P-H01-REF-B,163.7115243,0.6662183631,independent_datum_control,S
C019,2023-01-17,P-H02,P-H02-REF-A,162.7317861,0.5996934842,independent_datum_control,S
C019,2023-01-17,P-H02,P-H02-REF-B,166.5643678,0.6068353045,independent_datum_control,S
C020,2023-05-16,P-D01,P-D01-REF-A,160.4465158,0.56487841,independent_datum_control,S
C020,2023-05-16,P-D01,P-D01-REF-B,163.7802676,0.5900655206,independent_datum_control,S
C020,2023-05-16,P-H01,P-H01-REF-A,159.9264859,0.679817096,independent_datum_control,S
C020,2023-05-16,P-H01,P-H01-REF-B,163.7114723,0.588649759,independent_datum_control,S
C020,2023-05-16,P-H02,P-H02-REF-A,162.7320057,0.6519008532,independent_datum_control,S
C020,2023-05-16,P-H02,P-H02-REF-B,166.5649996,0.6866559787,independent_datum_control,S
C020,2023-05-16,P-H03,P-H03-REF-A,196.2946285,0.6143456474,independent_datum_control,S
C020,2023-05-16,P-H03,P-H03-REF-B,198.107063,0.5770733461,independent_datum_control,S
C020,2023-05-16,P-H04,P-H04-REF-A,174.016277,0.6912891797,independent_datum_control,S
C020,2023-05-16,P-H05,P-H05-REF-A,196.1662549,0.564292122,independent_datum_control,S
C020,2023-05-16,P-H05,P-H05-REF-B,199.4666798,0.6007980377,independent_datum_control,S
C020,2023-05-16,P-H06,P-H06-REF-A,186.0147901,0.6131525051,independent_datum_control,S
C020,2023-05-16,P-H06,P-H06-REF-B,195.2244998,0.630687547,independent_datum_control,S
C020,2023-05-16,P-H07,P-H07-REF-A,201.0974982,0.6128482066,independent_datum_control,S
C020,2023-05-16,P-H07,P-H07-REF-B,203.2963407,0.557621918,independent_datum_control,S
C020,2023-05-16,P-V01,P-V01-REF-A,159.9028262,0.5766813874,independent_datum_control,S
C020,2023-05-16,P-V01,P-V01-REF-B,162.512052,0.6850197501,independent_datum_control,S
C020,2023-05-16,P-V02,P-V02-REF-A,171.8500704,0.5717676747,independent_datum_control,S
C020,2023-05-16,P-V03,P-V03-REF-A,180.7840625,0.6674860887,independent_datum_control,S
C020,2023-05-16,P-V03,P-V03-REF-B,182.8324789,0.665762238,independent_datum_control,S
C020,2023-05-16,P-V04,P-V04-REF-A,194.4733839,0.6715358667,independent_datum_control,S
C020,2023-05-16,P-V04,P-V04-REF-B,196.5724281,0.5606410537,independent_datum_control,S
C020,2023-05-16,P-V05,P-V05-REF-A,195.6672555,0.6922797599,independent_datum_control,S
C020,2023-05-16,P-V05,P-V05-REF-B,197.7761202,0.6736562077,independent_datum_control,S
C020,2023-05-16,P-V06,P-V06-REF-A,199.8139059,0.6955188397,independent_datum_control,S
C020,2023-05-16,P-V06,P-V06-REF-B,202.2448921,0.5671631102,independent_datum_control,S
C021,2023-07-25,P-H02,P-H02-REF-A,162.7302755,0.6056182151,independent_datum_control,S
C021,2023-07-25,P-H02,P-H02-REF-B,166.564294,0.5741400927,independent_datum_control,S
C021,2023-07-25,P-H03,P-H03-REF-A,196.2938154,0.6258769139,independent_datum_control,S
C021,2023-07-25,P-H03,P-H03-REF-B,198.1067844,0.6994099946,independent_datum_control,S
C022,2023-11-07,P-D01,P-D01-REF-A,160.4478651,0.6583966341,independent_datum_control,S
C022,2023-11-07,P-D01,P-D01-REF-B,163.7795875,0.664598434,independent_datum_control,S
C022,2023-11-07,P-H01,P-H01-REF-A,159.9267416,0.6435504133,independent_datum_control,S
C022,2023-11-07,P-H01,P-H01-REF-B,163.7117539,0.6966194574,independent_datum_control,S
C022,2023-11-07,P-H02,P-H02-REF-A,162.7310818,0.6809738102,independent_datum_control,S
C022,2023-11-07,P-H02,P-H02-REF-B,166.5654157,0.6498757047,independent_datum_control,S
C022,2023-11-07,P-H03,P-H03-REF-B,198.1070659,0.6583734516,independent_datum_control,S
C022,2023-11-07,P-H04,P-H04-REF-B,182.7849966,0.6856147349,independent_datum_control,S
C022,2023-11-07,P-H05,P-H05-REF-A,196.1667226,0.6176020669,independent_datum_control,S
C022,2023-11-07,P-H05,P-H05-REF-B,199.4654164,0.6796923754,independent_datum_control,S
C022,2023-11-07,P-H06,P-H06-REF-A,186.013629,0.67759805,independent_datum_control,S
C022,2023-11-07,P-H06,P-H06-REF-B,195.2252409,0.6201308245,independent_datum_control,S
C022,2023-11-07,P-H07,P-H07-REF-A,201.0965948,0.6148533187,independent_datum_control,S
C022,2023-11-07,P-H07,P-H07-REF-B,203.2959673,0.5933114985,independent_datum_control,S
C022,2023-11-07,P-V01,P-V01-REF-A,159.9044889,0.5510332198,independent_datum_control,S
C022,2023-11-07,P-V01,P-V01-REF-B,162.5131387,0.6508472664,independent_datum_control,S
C022,2023-11-07,P-V02,P-V02-REF-A,171.848907,0.6739574781,independent_datum_control,S
C022,2023-11-07,P-V02,P-V02-REF-B,174.0748027,0.6735297977,independent_datum_control,S
C022,2023-11-07,P-V03,P-V03-REF-A,180.7836755,0.6174112529,independent_datum_control,S
C022,2023-11-07,P-V03,P-V03-REF-B,182.8322271,0.620549198,independent_datum_control,S
C022,2023-11-07,P-V04,P-V04-REF-A,194.4723098,0.6663134978,independent_datum_control,S
C022,2023-11-07,P-V04,P-V04-REF-B,196.5733162,0.6170361919,independent_datum_control,S
C022,2023-11-07,P-V05,P-V05-REF-A,195.6686441,0.6973397664,independent_datum_control,S
C022,2023-11-07,P-V05,P-V05-REF-B,197.775514,0.5691489641,independent_datum_control,S
C022,2023-11-07,P-V06,P-V06-REF-A,199.8115251,0.6913745791,independent_datum_control,S
C022,2023-11-07,P-V06,P-V06-REF-B,202.2457987,0.6351963394,independent_datum_control,S
C023,2024-01-30,P-D01,P-D01-REF-A,160.4460351,0.6024520046,independent_datum_control,S
C023,2024-01-30,P-D01,P-D01-REF-B,163.7809529,0.6506988432,independent_datum_control,S
C023,2024-01-30,P-H01,P-H01-REF-A,159.9263673,0.5502690913,independent_datum_control,S
C023,2024-01-30,P-H01,P-H01-REF-B,163.7125898,0.5984302461,independent_datum_control,S
C024,2024-05-14,P-D01,P-D01-REF-A,160.4467096,0.5745195586,independent_datum_control,S
C024,2024-05-14,P-D01,P-D01-REF-B,163.7792746,0.646885237,independent_datum_control,S
C024,2024-05-14,P-H01,P-H01-REF-A,159.9274364,0.6878931254,independent_datum_control,S
C024,2024-05-14,P-H01,P-H01-REF-B,163.7132496,0.6262660647,independent_datum_control,S
C024,2024-05-14,P-H02,P-H02-REF-A,162.7321039,0.6617117932,independent_datum_control,S
C024,2024-05-14,P-H02,P-H02-REF-B,166.5641027,0.6475432989,independent_datum_control,S
C024,2024-05-14,P-H03,P-H03-REF-A,196.293912,0.6560497854,independent_datum_control,S
C024,2024-05-14,P-H03,P-H03-REF-B,198.106464,0.634658992,independent_datum_control,S
C024,2024-05-14,P-H04,P-H04-REF-A,174.0163146,0.6809492331,independent_datum_control,S
C024,2024-05-14,P-H04,P-H04-REF-B,182.7841267,0.6108105132,independent_datum_control,S
C024,2024-05-14,P-H05,P-H05-REF-A,196.1678993,0.6548381176,independent_datum_control,S
C024,2024-05-14,P-H05,P-H05-REF-B,199.4665315,0.6905284677,independent_datum_control,S
C024,2024-05-14,P-H06,P-H06-REF-A,186.0140319,0.5826519732,independent_datum_control,S
C024,2024-05-14,P-H06,P-H06-REF-B,195.2238098,0.6424494665,independent_datum_control,S
C024,2024-05-14,P-H07,P-H07-REF-A,201.0976417,0.6059134471,independent_datum_control,S
C024,2024-05-14,P-H07,P-H07-REF-B,203.295169,0.5512796759,independent_datum_control,S
C024,2024-05-14,P-V01,P-V01-REF-A,159.9040916,0.5776327531,independent_datum_control,S
C024,2024-05-14,P-V01,P-V01-REF-B,162.5123764,0.6239183379,independent_datum_control,S
C024,2024-05-14,P-V02,P-V02-REF-A,171.850446,0.6376730926,independent_datum_control,S
C024,2024-05-14,P-V02,P-V02-REF-B,174.0755902,0.5968087667,independent_datum_control,S
C024,2024-05-14,P-V03,P-V03-REF-A,180.7842417,0.6952102743,independent_datum_control,S
C024,2024-05-14,P-V03,P-V03-REF-B,182.832378,0.5501750265,independent_datum_control,S
C024,2024-05-14,P-V04,P-V04-REF-A,194.4708492,0.694102387,independent_datum_control,S
C024,2024-05-14,P-V04,P-V04-REF-B,196.573036,0.5913208187,independent_datum_control,S
C024,2024-05-14,P-V05,P-V05-REF-A,195.6678058,0.6021496285,independent_datum_control,S
C024,2024-05-14,P-V05,P-V05-REF-B,197.7758285,0.6702839668,independent_datum_control,S
C024,2024-05-14,P-V06,P-V06-REF-A,199.8128773,0.6456813841,independent_datum_control,S
C024,2024-05-14,P-V06,P-V06-REF-B,202.2454292,0.5899046281,independent_datum_control,S
C025,2024-07-09,P-H01,P-H01-REF-A,159.9263983,0.6767378851,independent_datum_control,S
C025,2024-07-09,P-H01,P-H01-REF-B,163.7117401,0.5737650127,independent_datum_control,S
C025,2024-07-09,P-H03,P-H03-REF-A,196.293552,0.5762353035,independent_datum_control,S
C025,2024-07-09,P-H03,P-H03-REF-B,198.1083899,0.6649948738,independent_datum_control,S
C025,2024-07-09,P-H04,P-H04-REF-A,174.0166556,0.6477342577,independent_datum_control,S
C025,2024-07-09,P-H04,P-H04-REF-B,182.7835344,0.6835888015,independent_datum_control,S
C026,2024-09-03,P-D01,P-D01-REF-A,160.4471279,0.6921589697,independent_datum_control,S
C026,2024-09-03,P-D01,P-D01-REF-B,163.7804834,0.5588633692,independent_datum_control,S
C026,2024-09-03,P-H02,P-H02-REF-A,162.7311519,0.5951878212,independent_datum_control,S
C026,2024-09-03,P-H02,P-H02-REF-B,166.5644233,0.6823450506,independent_datum_control,S
C027,2025-07-22,P-D01,P-D01-REF-A,160.4465401,0.6832542386,independent_datum_control,S
C027,2025-07-22,P-D01,P-D01-REF-B,163.7809582,0.5504241792,independent_datum_control,S
C027,2025-07-22,P-H01,P-H01-REF-A,159.9264952,0.6174979777,independent_datum_control,S
C027,2025-07-22,P-H01,P-H01-REF-B,163.7125268,0.6256296138,independent_datum_control,S
C027,2025-07-22,P-H02,P-H02-REF-A,162.7320632,0.6078571559,independent_datum_control,S
C027,2025-07-22,P-H02,P-H02-REF-B,166.5645543,0.6284090587,independent_datum_control,S
C027,2025-07-22,P-H03,P-H03-REF-A,196.294608,0.613056082,independent_datum_control,S
C027,2025-07-22,P-H03,P-H03-REF-B,198.1070322,0.5524148574,independent_datum_control,S
C027,2025-07-22,P-H04,P-H04-REF-A,174.016626,0.6687731412,independent_datum_control,S
C027,2025-07-22,P-H04,P-H04-REF-B,182.7845257,0.675272576,independent_datum_control,S
C027,2025-07-22,P-H05,P-H05-REF-A,196.1656103,0.6301062459,independent_datum_control,S
C027,2025-07-22,P-H05,P-H05-REF-B,199.466988,0.6667006778,independent_datum_control,S
C027,2025-07-22,P-H06,P-H06-REF-A,186.0147118,0.5813586657,independent_datum_control,S
C027,2025-07-22,P-H06,P-H06-REF-B,195.2232594,0.6281536292,independent_datum_control,S
C027,2025-07-22,P-H07,P-H07-REF-A,201.0976697,0.6573033022,independent_datum_control,S
C027,2025-07-22,P-H07,P-H07-REF-B,203.296503,0.6109139153,independent_datum_control,S
C027,2025-07-22,P-V01,P-V01-REF-A,159.9043188,0.6798496188,independent_datum_control,S
C027,2025-07-22,P-V01,P-V01-REF-B,162.5129104,0.6259036876,independent_datum_control,S
C027,2025-07-22,P-V02,P-V02-REF-A,171.8500464,0.5882079102,independent_datum_control,S
C027,2025-07-22,P-V02,P-V02-REF-B,174.0740955,0.6329919093,independent_datum_control,S
C027,2025-07-22,P-V03,P-V03-REF-A,180.7833627,0.5752460133,independent_datum_control,S
C027,2025-07-22,P-V03,P-V03-REF-B,182.8315755,0.5722622964,independent_datum_control,S
C027,2025-07-22,P-V04,P-V04-REF-A,194.471692,0.6811904869,independent_datum_control,S
C027,2025-07-22,P-V04,P-V04-REF-B,196.5732401,0.5759328385,independent_datum_control,S
C027,2025-07-22,P-V05,P-V05-REF-A,195.6675897,0.625001706,independent_datum_control,S
C027,2025-07-22,P-V05,P-V05-REF-B,197.776598,0.644917235,independent_datum_control,S
C027,2025-07-22,P-V06,P-V06-REF-A,199.8131103,0.6186441465,independent_datum_control,S
C027,2025-07-22,P-V06,P-V06-REF-B,202.2442074,0.6733065354,independent_datum_control,S
C028,2025-08-26,P-H02,P-H02-REF-A,162.7306063,0.5841924456,independent_datum_control,S
C028,2025-08-26,P-H02,P-H02-REF-B,166.5647416,0.6269797119,independent_datum_control,S
C028,2025-08-26,P-H04,P-H04-REF-A,174.0167733,0.666079865,independent_datum_control,S
C028,2025-08-26,P-H04,P-H04-REF-B,182.7837019,0.5517550785,independent_datum_control,S
C029,2025-11-04,P-D01,P-D01-REF-A,160.4469975,0.6711859949,independent_datum_control,S
C029,2025-11-04,P-D01,P-D01-REF-B,163.7799789,0.6808277404,independent_datum_control,S
C029,2025-11-04,P-H01,P-H01-REF-A,159.9252842,0.6216822728,independent_datum_control,S
C029,2025-11-04,P-H01,P-H01-REF-B,163.713146,0.5958952567,independent_datum_control,S
C029,2025-11-04,P-H02,P-H02-REF-A,162.7306882,0.5838752891,independent_datum_control,S
C029,2025-11-04,P-H02,P-H02-REF-B,166.5642637,0.6736633892,independent_datum_control,S
C029,2025-11-04,P-H03,P-H03-REF-A,196.2936585,0.5652355194,independent_datum_control,S
C029,2025-11-04,P-H03,P-H03-REF-B,198.1068653,0.694352426,independent_datum_control,S
C029,2025-11-04,P-H04,P-H04-REF-A,174.016463,0.6588652317,independent_datum_control,S
C029,2025-11-04,P-H04,P-H04-REF-B,182.7842073,0.6460799263,independent_datum_control,S
C029,2025-11-04,P-H05,P-H05-REF-A,196.1647837,0.6810260857,independent_datum_control,S
C029,2025-11-04,P-H05,P-H05-REF-B,199.4655183,0.6650774606,independent_datum_control,S
C029,2025-11-04,P-H06,P-H06-REF-A,186.0127119,0.6651418969,independent_datum_control,S
C029,2025-11-04,P-H06,P-H06-REF-B,195.2247418,0.6485521354,independent_datum_control,S
C029,2025-11-04,P-H07,P-H07-REF-A,201.0967066,0.6521785437,independent_datum_control,S
C029,2025-11-04,P-H07,P-H07-REF-B,203.2950022,0.6163154019,independent_datum_control,S
C029,2025-11-04,P-V01,P-V01-REF-A,159.9032707,0.6362759689,independent_datum_control,S
C029,2025-11-04,P-V01,P-V01-REF-B,162.5124706,0.5824171778,independent_datum_control,S
C029,2025-11-04,P-V02,P-V02-REF-A,171.8491113,0.6462185146,independent_datum_control,S
C029,2025-11-04,P-V02,P-V02-REF-B,174.074868,0.6842523029,independent_datum_control,S
C029,2025-11-04,P-V03,P-V03-REF-A,180.7843893,0.6235271298,independent_datum_control,S
C029,2025-11-04,P-V03,P-V03-REF-B,182.8336065,0.6684509069,independent_datum_control,S
C029,2025-11-04,P-V04,P-V04-REF-A,194.4709288,0.609459157,independent_datum_control,S
C029,2025-11-04,P-V04,P-V04-REF-B,196.5733315,0.6607515987,independent_datum_control,S
C029,2025-11-04,P-V05,P-V05-REF-A,195.6685326,0.561043183,independent_datum_control,S
C029,2025-11-04,P-V05,P-V05-REF-B,197.7760647,0.5818628246,independent_datum_control,S
C029,2025-11-04,P-V06,P-V06-REF-A,199.8129285,0.6270932329,independent_datum_control,S
C029,2025-11-04,P-V06,P-V06-REF-B,202.2456554,0.5758929766,independent_datum_control,S
