point_id,profile_id,point_type,feature,value,unit,provenance,standard_uncertainty,donor_distance_m,source_cell_id,model_feature_allowed,source_reference_year
P-D01-REF-A,P-D01,REF,settlement_anchor_map_mm,0.0,mm,S_REF,0,0,,False,2022
P-D01-REF-A,P-D01,REF,kzt,0.1,1,S_REF,,0,,True,2022
P-D01-REF-A,P-D01,REF,ko,0.3,1,S_REF,,0,,True,2022
P-D01-REF-A,P-D01,REF,seismic_energy_J_m2,0.0,J/m2,S_REF,,0,,True,2022
P-D01-REF-A,P-D01,REF,fill_density,0.0,1,S_REF,,0,,True,2022
P-D01-REF-A,P-D01,REF,fault_distance_m,9999.0,m,S_REF,,0,,True,2022
P-D01-REF-A,P-D01,REF,lithology,stable_external_reference,category,S_REF,,0,,True,2022
P-D01-REF-A,P-D01,REF,terrain_TRI_relative,,relative,S_REF,,0,,True,2022
P-D01-REF-A,P-D01,REF,terrain_roughness_relative,,relative,S_REF,,0,,True,2022
P-D01-W001,P-D01,WORK,settlement_anchor_map_mm,333.789954337899,mm,D,35.00684932,0,G050-000526,False,2022
P-D01-W001,P-D01,WORK,kzt,0.669909651344213,1,R,0.072,50,G050-000526,True,2022
P-D01-W001,P-D01,WORK,ko,0.635587969297845,1,R,0.03215525733,59.36081894,G050-000526,True,2022
P-D01-W001,P-D01,WORK,seismic_energy_J_m2,27.5,J/m2,D,1.2,0,G050-000526,True,2022
P-D01-W001,P-D01,WORK,fill_density,0.958677709102631,1,C/R,0.08,21.37858899,G050-000526,True,2022
P-D01-W001,P-D01,WORK,fault_distance_m,248.204968502742,m,C/R,25,21.37858899,G050-000526,True,2022
P-D01-W001,P-D01,WORK,lithology,carnallite,category,D,,0,G050-000526,True,2022
P-D01-W001,P-D01,WORK,terrain_TRI_relative,0.0,relative,C/R,0.1,21.37858899,G050-000526,True,2022
P-D01-W001,P-D01,WORK,terrain_roughness_relative,0.247058823529412,relative,C/R,0.1,21.37858899,G050-000526,True,2022
P-D01-W002,P-D01,WORK,settlement_anchor_map_mm,431.963470319634,mm,D,36.47945205,0,G050-000732,False,2022
P-D01-W002,P-D01,WORK,kzt,0.694413407821229,1,D,0.032,0,G050-000732,True,2022
P-D01-W002,P-D01,WORK,ko,0.409694418712861,1,R,0.035,100,G050-000732,True,2022
P-D01-W002,P-D01,WORK,seismic_energy_J_m2,27.5,J/m2,D,1.2,0,G050-000732,True,2022
P-D01-W002,P-D01,WORK,fill_density,0.950413227081299,1,C/R,0.08,16.10236723,G050-000732,True,2022
P-D01-W002,P-D01,WORK,fault_distance_m,282.532701698636,m,C/R,25,16.10236723,G050-000732,True,2022
P-D01-W002,P-D01,WORK,lithology,carnallite,category,D,,0,G050-000732,True,2022
P-D01-W002,P-D01,WORK,terrain_TRI_relative,0.0,relative,C/R,0.1,16.10236723,G050-000732,True,2022
P-D01-W002,P-D01,WORK,terrain_roughness_relative,0.823529411764706,relative,C/R,0.1,16.10236723,G050-000732,True,2022
P-D01-W003,P-D01,WORK,settlement_anchor_map_mm,431.963470319634,mm,D,36.47945205,0,G050-000848,False,2022
P-D01-W003,P-D01,WORK,kzt,0.600558659217877,1,D,0.032,0,G050-000848,True,2022
P-D01-W003,P-D01,WORK,ko,0.329358418971301,1,R,0.0315,50,G050-000848,True,2022
P-D01-W003,P-D01,WORK,seismic_energy_J_m2,27.5,J/m2,R,2.7,50,G050-000848,True,2022
P-D01-W003,P-D01,WORK,fill_density,0.851239681243896,1,C/R,0.08,17.76668779,G050-000848,True,2022
P-D01-W003,P-D01,WORK,fault_distance_m,340.15069130568,m,C/R,25,17.76668779,G050-000848,True,2022
P-D01-W003,P-D01,WORK,lithology,carnallite,category,D,,0,G050-000848,True,2022
P-D01-W003,P-D01,WORK,terrain_TRI_relative,0.0055555555555555,relative,C/R,0.1,17.76668779,G050-000848,True,2022
P-D01-W003,P-D01,WORK,terrain_roughness_relative,0.475816993464052,relative,C/R,0.1,17.76668779,G050-000848,True,2022
P-D01-W004,P-D01,WORK,settlement_anchor_map_mm,431.963470319634,mm,D,36.47945205,0,G050-000950,False,2022
P-D01-W004,P-D01,WORK,kzt,0.609920388587905,1,R,0.072,50,G050-000950,True,2022
P-D01-W004,P-D01,WORK,ko,0.315642458100559,1,D,0.014,0,G050-000950,True,2022
P-D01-W004,P-D01,WORK,seismic_energy_J_m2,27.5,J/m2,R,2.7,50,G050-000950,True,2022
P-D01-W004,P-D01,WORK,fill_density,0.768595039844513,1,C/R,0.08,20.9331457,G050-000950,True,2022
P-D01-W004,P-D01,WORK,fault_distance_m,299.954691288257,m,C/R,25,20.9331457,G050-000950,True,2022
P-D01-W004,P-D01,WORK,lithology,carnallite,category,R,,50,G050-000950,True,2022
P-D01-W004,P-D01,WORK,terrain_TRI_relative,,relative,C/R,0.1,20.9331457,G050-000950,True,2022
P-D01-W004,P-D01,WORK,terrain_roughness_relative,,relative,C/R,0.1,20.9331457,G050-000950,True,2022
P-D01-W005,P-D01,WORK,settlement_anchor_map_mm,333.789954337899,mm,D,35.00684932,0,G050-001124,False,2022
P-D01-W005,P-D01,WORK,kzt,0.613966480446927,1,D,0.032,0,G050-001124,True,2022
P-D01-W005,P-D01,WORK,ko,0.384078212290503,1,D,0.014,0,G050-001124,True,2022
P-D01-W005,P-D01,WORK,seismic_energy_J_m2,27.5,J/m2,D,1.2,0,G050-001124,True,2022
P-D01-W005,P-D01,WORK,fill_density,0.495867758989334,1,C/R,0.08,27.22685347,G050-001124,True,2022
P-D01-W005,P-D01,WORK,fault_distance_m,292.10458851111,m,C/R,25,27.22685347,G050-001124,True,2022
P-D01-W005,P-D01,WORK,lithology,carnallite,category,R,,46.74834236,G050-001124,True,2022
P-D01-W005,P-D01,WORK,terrain_TRI_relative,0.0,relative,C/R,0.1,27.22685347,G050-001124,True,2022
P-D01-W005,P-D01,WORK,terrain_roughness_relative,0.266666666666667,relative,C/R,0.1,27.22685347,G050-001124,True,2022
P-D01-W006,P-D01,WORK,settlement_anchor_map_mm,333.789954337899,mm,D,35.00684932,0,G050-001205,False,2022
P-D01-W006,P-D01,WORK,kzt,0.613966480446927,1,D,0.032,0,G050-001205,True,2022
P-D01-W006,P-D01,WORK,ko,0.65,1,D,0.014,0,G050-001205,True,2022
P-D01-W006,P-D01,WORK,seismic_energy_J_m2,27.5,J/m2,D,1.2,0,G050-001205,True,2022
P-D01-W006,P-D01,WORK,fill_density,0.421487599611282,1,C/R,0.08,12.29955337,G050-001205,True,2022
P-D01-W006,P-D01,WORK,fault_distance_m,231.592602818588,m,C/R,25,12.29955337,G050-001205,True,2022
P-D01-W006,P-D01,WORK,lithology,carnallite,category,D,,0,G050-001205,True,2022
P-D01-W006,P-D01,WORK,terrain_TRI_relative,0.0,relative,C/R,0.1,12.29955337,G050-001205,True,2022
P-D01-W006,P-D01,WORK,terrain_roughness_relative,0.0352941176470588,relative,C/R,0.1,12.29955337,G050-001205,True,2022
P-D01-W007,P-D01,WORK,settlement_anchor_map_mm,196.34703196347,mm,D,32.94520548,0,G050-001312,False,2022
P-D01-W007,P-D01,WORK,kzt,0.605027932960894,1,D,0.032,0,G050-001312,True,2022
P-D01-W007,P-D01,WORK,ko,0.493575418994413,1,D,0.014,0,G050-001312,True,2022
P-D01-W007,P-D01,WORK,seismic_energy_J_m2,27.5,J/m2,D,1.2,0,G050-001312,True,2022
P-D01-W007,P-D01,WORK,fill_density,0.801652908325195,1,C/R,0.08,30.36152878,G050-001312,True,2022
P-D01-W007,P-D01,WORK,fault_distance_m,155.653481984478,m,C/R,25,30.36152878,G050-001312,True,2022
P-D01-W007,P-D01,WORK,lithology,carnallite,category,D,,0,G050-001312,True,2022
P-D01-W007,P-D01,WORK,terrain_TRI_relative,0.0,relative,C/R,0.1,30.36152878,G050-001312,True,2022
P-D01-W007,P-D01,WORK,terrain_roughness_relative,0.266666666666667,relative,C/R,0.1,30.36152878,G050-001312,True,2022
P-D01-REF-B,P-D01,REF,settlement_anchor_map_mm,0.0,mm,S_REF,0,0,,False,2022
P-D01-REF-B,P-D01,REF,kzt,0.1,1,S_REF,,0,,True,2022
P-D01-REF-B,P-D01,REF,ko,0.3,1,S_REF,,0,,True,2022
P-D01-REF-B,P-D01,REF,seismic_energy_J_m2,0.0,J/m2,S_REF,,0,,True,2022
P-D01-REF-B,P-D01,REF,fill_density,0.0,1,S_REF,,0,,True,2022
P-D01-REF-B,P-D01,REF,fault_distance_m,9999.0,m,S_REF,,0,,True,2022
P-D01-REF-B,P-D01,REF,lithology,stable_external_reference,category,S_REF,,0,,True,2022
P-D01-REF-B,P-D01,REF,terrain_TRI_relative,,relative,S_REF,,0,,True,2022
P-D01-REF-B,P-D01,REF,terrain_roughness_relative,,relative,S_REF,,0,,True,2022
P-H01-REF-A,P-H01,REF,settlement_anchor_map_mm,0.0,mm,S_REF,0,0,,False,2022
P-H01-REF-A,P-H01,REF,kzt,0.1,1,S_REF,,0,,True,2022
P-H01-REF-A,P-H01,REF,ko,0.3,1,S_REF,,0,,True,2022
P-H01-REF-A,P-H01,REF,seismic_energy_J_m2,0.0,J/m2,S_REF,,0,,True,2022
P-H01-REF-A,P-H01,REF,fill_density,0.0,1,S_REF,,0,,True,2022
P-H01-REF-A,P-H01,REF,fault_distance_m,9999.0,m,S_REF,,0,,True,2022
P-H01-REF-A,P-H01,REF,lithology,stable_external_reference,category,S_REF,,0,,True,2022
P-H01-REF-A,P-H01,REF,terrain_TRI_relative,,relative,S_REF,,0,,True,2022
P-H01-REF-A,P-H01,REF,terrain_roughness_relative,,relative,S_REF,,0,,True,2022
P-H01-W001,P-H01,WORK,settlement_anchor_map_mm,170.238250682266,mm,R,63.66190012,43.80945923,G050-000226,False,2022
P-H01-W001,P-H01,WORK,kzt,0.595138274469435,1,R,0.07142778158,46.42363487,G050-000226,True,2022
P-H01-W001,P-H01,WORK,ko,0.65,1,D,0.014,0,G050-000226,True,2022
P-H01-W001,P-H01,WORK,seismic_energy_J_m2,27.5,J/m2,D,1.2,0,G050-000226,True,2022
P-H01-W001,P-H01,WORK,fill_density,0.851239681243896,1,C/R,0.08,19.51299219,G050-000226,True,2022
P-H01-W001,P-H01,WORK,fault_distance_m,240.0121058111,m,C/R,25,19.51299219,G050-000226,True,2022
P-H01-W001,P-H01,WORK,lithology,carnallite,category,D,,0,G050-000226,True,2022
P-H01-W001,P-H01,WORK,terrain_TRI_relative,,relative,C/R,0.1,19.51299219,G050-000226,True,2022
P-H01-W001,P-H01,WORK,terrain_roughness_relative,,relative,C/R,0.1,19.51299219,G050-000226,True,2022
P-H01-W002,P-H01,WORK,settlement_anchor_map_mm,176.712328767123,mm,D,32.65068493,0,G050-000520,False,2022
P-H01-W002,P-H01,WORK,kzt,0.591620111731844,1,D,0.032,0,G050-000520,True,2022
P-H01-W002,P-H01,WORK,ko,0.644134078212291,1,D,0.014,0,G050-000520,True,2022
P-H01-W002,P-H01,WORK,seismic_energy_J_m2,27.5,J/m2,D,1.2,0,G050-000520,True,2022
P-H01-W002,P-H01,WORK,fill_density,0.991735517978668,1,C/R,0.08,22.06130018,G050-000520,True,2022
P-H01-W002,P-H01,WORK,fault_distance_m,84.7280069437425,m,C/R,25,22.06130018,G050-000520,True,2022
P-H01-W002,P-H01,WORK,lithology,carnallite,category,D,,0,G050-000520,True,2022
P-H01-W002,P-H01,WORK,terrain_TRI_relative,,relative,C/R,0.1,22.06130018,G050-000520,True,2022
P-H01-W002,P-H01,WORK,terrain_roughness_relative,,relative,C/R,0.1,22.06130018,G050-000520,True,2022
P-H01-W003,P-H01,WORK,settlement_anchor_map_mm,431.963470319634,mm,D,36.47945205,0,G050-000840,False,2022
P-H01-W003,P-H01,WORK,kzt,0.591620111731844,1,D,0.032,0,G050-000840,True,2022
P-H01-W003,P-H01,WORK,ko,0.644134078212291,1,D,0.014,0,G050-000840,True,2022
P-H01-W003,P-H01,WORK,seismic_energy_J_m2,27.5,J/m2,D,1.2,0,G050-000840,True,2022
P-H01-W003,P-H01,WORK,fill_density,0.917355358600616,1,C/R,0.08,13.22603572,G050-000840,True,2022
P-H01-W003,P-H01,WORK,fault_distance_m,23.6171755696076,m,C/R,25,13.22603572,G050-000840,True,2022
P-H01-W003,P-H01,WORK,lithology,carnallite,category,D,,0,G050-000840,True,2022
P-H01-W003,P-H01,WORK,terrain_TRI_relative,,relative,C/R,0.1,13.22603572,G050-000840,True,2022
P-H01-W003,P-H01,WORK,terrain_roughness_relative,,relative,C/R,0.1,13.22603572,G050-000840,True,2022
P-H01-W004,P-H01,WORK,settlement_anchor_map_mm,215.981735159817,mm,D,33.23972603,0,G050-001114,False,2022
P-H01-W004,P-H01,WORK,kzt,0.587150837988827,1,D,0.032,0,G050-001114,True,2022
P-H01-W004,P-H01,WORK,ko,0.472067039106145,1,D,0.014,0,G050-001114,True,2022
P-H01-W004,P-H01,WORK,seismic_energy_J_m2,27.5,J/m2,D,1.2,0,G050-001114,True,2022
P-H01-W004,P-H01,WORK,fill_density,0.909090936183929,1,C/R,0.08,12.04504994,G050-001114,True,2022
P-H01-W004,P-H01,WORK,fault_distance_m,37.0154766390431,m,C/R,25,12.04504994,G050-001114,True,2022
P-H01-W004,P-H01,WORK,lithology,carnallite,category,D,,0,G050-001114,True,2022
P-H01-W004,P-H01,WORK,terrain_TRI_relative,,relative,C/R,0.1,12.04504994,G050-001114,True,2022
P-H01-W004,P-H01,WORK,terrain_roughness_relative,,relative,C/R,0.1,12.04504994,G050-001114,True,2022
P-H01-W005,P-H01,WORK,settlement_anchor_map_mm,431.963470319634,mm,D,36.47945205,0,G050-001300,False,2022
P-H01-W005,P-H01,WORK,kzt,0.587150837988827,1,D,0.032,0,G050-001300,True,2022
P-H01-W005,P-H01,WORK,ko,0.472067039106145,1,D,0.014,0,G050-001300,True,2022
P-H01-W005,P-H01,WORK,seismic_energy_J_m2,27.5,J/m2,R,2.7,50,G050-001300,True,2022
P-H01-W005,P-H01,WORK,fill_density,0.942148745059967,1,C/R,0.08,4.415097127,G050-001300,True,2022
P-H01-W005,P-H01,WORK,fault_distance_m,97.6481288476939,m,C/R,25,4.415097127,G050-001300,True,2022
P-H01-W005,P-H01,WORK,lithology,carnallite,category,D,,0,G050-001300,True,2022
P-H01-W005,P-H01,WORK,terrain_TRI_relative,,relative,C/R,0.1,4.415097127,G050-001300,True,2022
P-H01-W005,P-H01,WORK,terrain_roughness_relative,,relative,C/R,0.1,4.415097127,G050-001300,True,2022
P-H01-W006,P-H01,WORK,settlement_anchor_map_mm,333.789954337899,mm,D,35.00684932,0,G050-001487,False,2022
P-H01-W006,P-H01,WORK,kzt,0.587150837988827,1,D,0.032,0,G050-001487,True,2022
P-H01-W006,P-H01,WORK,ko,0.540502793296089,1,D,0.014,0,G050-001487,True,2022
P-H01-W006,P-H01,WORK,seismic_energy_J_m2,27.5,J/m2,D,1.2,0,G050-001487,True,2022
P-H01-W006,P-H01,WORK,fill_density,0.809917330741882,1,C/R,0.08,13.67377564,G050-001487,True,2022
P-H01-W006,P-H01,WORK,fault_distance_m,158.280781056345,m,C/R,25,13.67377564,G050-001487,True,2022
P-H01-W006,P-H01,WORK,lithology,carnallite,category,D,,0,G050-001487,True,2022
P-H01-W006,P-H01,WORK,terrain_TRI_relative,0.0,relative,C/R,0.1,13.67377564,G050-001487,True,2022
P-H01-W006,P-H01,WORK,terrain_roughness_relative,0.192156862745098,relative,C/R,0.1,13.67377564,G050-001487,True,2022
P-H01-W007,P-H01,WORK,settlement_anchor_map_mm,255.251141552511,mm,D,33.82876712,0,G050-001745,False,2022
P-H01-W007,P-H01,WORK,kzt,0.587150837988827,1,D,0.032,0,G050-001745,True,2022
P-H01-W007,P-H01,WORK,ko,0.540502793296089,1,D,0.014,0,G050-001745,True,2022
P-H01-W007,P-H01,WORK,seismic_energy_J_m2,27.5,J/m2,D,1.2,0,G050-001745,True,2022
P-H01-W007,P-H01,WORK,fill_density,0.958677709102631,1,C/R,0.08,5.343873772,G050-001745,True,2022
P-H01-W007,P-H01,WORK,fault_distance_m,230.994140291113,m,C/R,25,5.343873772,G050-001745,True,2022
P-H01-W007,P-H01,WORK,lithology,carnallite,category,D,,0,G050-001745,True,2022
P-H01-W007,P-H01,WORK,terrain_TRI_relative,,relative,C/R,0.1,5.343873772,G050-001745,True,2022
P-H01-W007,P-H01,WORK,terrain_roughness_relative,,relative,C/R,0.1,5.343873772,G050-001745,True,2022
P-H01-REF-B,P-H01,REF,settlement_anchor_map_mm,0.0,mm,S_REF,0,0,,False,2022
P-H01-REF-B,P-H01,REF,kzt,0.1,1,S_REF,,0,,True,2022
P-H01-REF-B,P-H01,REF,ko,0.3,1,S_REF,,0,,True,2022
P-H01-REF-B,P-H01,REF,seismic_energy_J_m2,0.0,J/m2,S_REF,,0,,True,2022
P-H01-REF-B,P-H01,REF,fill_density,0.0,1,S_REF,,0,,True,2022
P-H01-REF-B,P-H01,REF,fault_distance_m,9999.0,m,S_REF,,0,,True,2022
P-H01-REF-B,P-H01,REF,lithology,stable_external_reference,category,S_REF,,0,,True,2022
P-H01-REF-B,P-H01,REF,terrain_TRI_relative,,relative,S_REF,,0,,True,2022
P-H01-REF-B,P-H01,REF,terrain_roughness_relative,,relative,S_REF,,0,,True,2022
P-H02-REF-A,P-H02,REF,settlement_anchor_map_mm,0.0,mm,S_REF,0,0,,False,2022
P-H02-REF-A,P-H02,REF,kzt,0.1,1,S_REF,,0,,True,2022
P-H02-REF-A,P-H02,REF,ko,0.3,1,S_REF,,0,,True,2022
P-H02-REF-A,P-H02,REF,seismic_energy_J_m2,0.0,J/m2,S_REF,,0,,True,2022
P-H02-REF-A,P-H02,REF,fill_density,0.0,1,S_REF,,0,,True,2022
P-H02-REF-A,P-H02,REF,fault_distance_m,9999.0,m,S_REF,,0,,True,2022
P-H02-REF-A,P-H02,REF,lithology,stable_external_reference,category,S_REF,,0,,True,2022
P-H02-REF-A,P-H02,REF,terrain_TRI_relative,,relative,S_REF,,0,,True,2022
P-H02-REF-A,P-H02,REF,terrain_roughness_relative,,relative,S_REF,,0,,True,2022
P-H02-W001,P-H02,WORK,settlement_anchor_map_mm,330.535538808233,mm,R,70.78815996,76.4787432,G050-001317,False,2022
P-H02-W001,P-H02,WORK,kzt,0.587150837988827,1,D,0.032,0,G050-001317,True,2022
P-H02-W001,P-H02,WORK,ko,0.495530726256983,1,D,0.014,0,G050-001317,True,2022
P-H02-W001,P-H02,WORK,seismic_energy_J_m2,27.5,J/m2,D,1.2,0,G050-001317,True,2022
P-H02-W001,P-H02,WORK,fill_density,0.71074378490448,1,C/R,0.08,7.912350975,G050-001317,True,2022
P-H02-W001,P-H02,WORK,fault_distance_m,76.3974501751075,m,C/R,25,7.912350975,G050-001317,True,2022
P-H02-W001,P-H02,WORK,lithology,mixed_salts,category,R,,45.24521419,G050-001317,True,2022
P-H02-W001,P-H02,WORK,terrain_TRI_relative,,relative,C/R,0.1,7.912350975,G050-001317,True,2022
P-H02-W001,P-H02,WORK,terrain_roughness_relative,,relative,C/R,0.1,7.912350975,G050-001317,True,2022
P-H02-W002,P-H02,WORK,settlement_anchor_map_mm,431.963470319634,mm,D,36.47945205,0,G050-001435,False,2022
P-H02-W002,P-H02,WORK,kzt,0.587150837988827,1,D,0.032,0,G050-001435,True,2022
P-H02-W002,P-H02,WORK,ko,0.495530726256983,1,D,0.014,0,G050-001435,True,2022
P-H02-W002,P-H02,WORK,seismic_energy_J_m2,27.5,J/m2,D,1.2,0,G050-001435,True,2022
P-H02-W002,P-H02,WORK,fill_density,0.760330557823181,1,C/R,0.08,19.10972353,G050-001435,True,2022
P-H02-W002,P-H02,WORK,fault_distance_m,17.6263306782275,m,C/R,25,19.10972353,G050-001435,True,2022
P-H02-W002,P-H02,WORK,lithology,mixed_salts,category,D,,0,G050-001435,True,2022
P-H02-W002,P-H02,WORK,terrain_TRI_relative,,relative,C/R,0.1,19.10972353,G050-001435,True,2022
P-H02-W002,P-H02,WORK,terrain_roughness_relative,,relative,C/R,0.1,19.10972353,G050-001435,True,2022
P-H02-W003,P-H02,WORK,settlement_anchor_map_mm,255.251141552511,mm,D,33.82876712,0,G050-001577,False,2022
P-H02-W003,P-H02,WORK,kzt,0.591620111731844,1,D,0.032,0,G050-001577,True,2022
P-H02-W003,P-H02,WORK,ko,0.495530726256983,1,D,0.014,0,G050-001577,True,2022
P-H02-W003,P-H02,WORK,seismic_energy_J_m2,27.5,J/m2,D,1.2,0,G050-001577,True,2022
P-H02-W003,P-H02,WORK,fill_density,0.900826454162598,1,C/R,0.08,7.945161402,G050-001577,True,2022
P-H02-W003,P-H02,WORK,fault_distance_m,6.48812938552813,m,C/R,25,7.945161402,G050-001577,True,2022
P-H02-W003,P-H02,WORK,lithology,mixed_salts,category,D,,0,G050-001577,True,2022
P-H02-W003,P-H02,WORK,terrain_TRI_relative,,relative,C/R,0.1,7.945161402,G050-001577,True,2022
P-H02-W003,P-H02,WORK,terrain_roughness_relative,,relative,C/R,0.1,7.945161402,G050-001577,True,2022
P-H02-W004,P-H02,WORK,settlement_anchor_map_mm,196.34703196347,mm,D,32.94520548,0,G050-001646,False,2022
P-H02-W004,P-H02,WORK,kzt,0.605027932960894,1,D,0.032,0,G050-001646,True,2022
P-H02-W004,P-H02,WORK,ko,0.515083798882682,1,D,0.014,0,G050-001646,True,2022
P-H02-W004,P-H02,WORK,seismic_energy_J_m2,27.5,J/m2,D,1.2,0,G050-001646,True,2022
P-H02-W004,P-H02,WORK,fill_density,0.884297549724579,1,C/R,0.08,23.79921495,G050-001646,True,2022
P-H02-W004,P-H02,WORK,fault_distance_m,31.83749187333,m,C/R,25,23.79921495,G050-001646,True,2022
P-H02-W004,P-H02,WORK,lithology,mixed_salts,category,D,,0,G050-001646,True,2022
P-H02-W004,P-H02,WORK,terrain_TRI_relative,,relative,C/R,0.1,23.79921495,G050-001646,True,2022
P-H02-W004,P-H02,WORK,terrain_roughness_relative,,relative,C/R,0.1,23.79921495,G050-001646,True,2022
P-H02-W005,P-H02,WORK,settlement_anchor_map_mm,39.2694063926938,mm,D,30.5890411,0,G050-001816,False,2022
P-H02-W005,P-H02,WORK,kzt,0.672067039106145,1,D,0.032,0,G050-001816,True,2022
P-H02-W005,P-H02,WORK,ko,0.540502793296089,1,D,0.014,0,G050-001816,True,2022
P-H02-W005,P-H02,WORK,seismic_energy_J_m2,27.5,J/m2,D,1.2,0,G050-001816,True,2022
P-H02-W005,P-H02,WORK,fill_density,0.892561972141266,1,C/R,0.08,12.96698532,G050-001816,True,2022
P-H02-W005,P-H02,WORK,fault_distance_m,146.814355649904,m,C/R,25,12.96698532,G050-001816,True,2022
P-H02-W005,P-H02,WORK,lithology,mixed_salts,category,D,,0,G050-001816,True,2022
P-H02-W005,P-H02,WORK,terrain_TRI_relative,,relative,C/R,0.1,12.96698532,G050-001816,True,2022
P-H02-W005,P-H02,WORK,terrain_roughness_relative,,relative,C/R,0.1,12.96698532,G050-001816,True,2022
P-H02-W006,P-H02,WORK,settlement_anchor_map_mm,314.155251141553,mm,D,34.71232877,0,G050-001880,False,2022
P-H02-W006,P-H02,WORK,kzt,0.756983240223464,1,D,0.032,0,G050-001880,True,2022
P-H02-W006,P-H02,WORK,ko,0.628491620111732,1,D,0.014,0,G050-001880,True,2022
P-H02-W006,P-H02,WORK,seismic_energy_J_m2,27.5,J/m2,D,1.2,0,G050-001880,True,2022
P-H02-W006,P-H02,WORK,fill_density,0.909090936183929,1,C/R,0.08,7.802053324,G050-001880,True,2022
P-H02-W006,P-H02,WORK,fault_distance_m,185.139976908762,m,C/R,25,7.802053324,G050-001880,True,2022
P-H02-W006,P-H02,WORK,lithology,mixed_salts,category,D,,0,G050-001880,True,2022
P-H02-W006,P-H02,WORK,terrain_TRI_relative,,relative,C/R,0.1,7.802053324,G050-001880,True,2022
P-H02-W006,P-H02,WORK,terrain_roughness_relative,,relative,C/R,0.1,7.802053324,G050-001880,True,2022
P-H02-W007,P-H02,WORK,settlement_anchor_map_mm,314.155251141553,mm,D,34.71232877,0,G050-002007,False,2022
P-H02-W007,P-H02,WORK,kzt,0.645251396648045,1,D,0.032,0,G050-002007,True,2022
P-H02-W007,P-H02,WORK,ko,0.499441340782123,1,D,0.014,0,G050-002007,True,2022
P-H02-W007,P-H02,WORK,seismic_energy_J_m2,27.5,J/m2,D,1.2,0,G050-002007,True,2022
P-H02-W007,P-H02,WORK,fill_density,0.900826454162598,1,C/R,0.08,17.16202613,G050-002007,True,2022
P-H02-W007,P-H02,WORK,fault_distance_m,254.600457139266,m,C/R,25,17.16202613,G050-002007,True,2022
P-H02-W007,P-H02,WORK,lithology,mixed_salts,category,D,,0,G050-002007,True,2022
P-H02-W007,P-H02,WORK,terrain_TRI_relative,0.5,relative,C/R,0.1,17.16202613,G050-002007,True,2022
P-H02-W007,P-H02,WORK,terrain_roughness_relative,0.431372549019608,relative,C/R,0.1,17.16202613,G050-002007,True,2022
P-H02-REF-B,P-H02,REF,settlement_anchor_map_mm,0.0,mm,S_REF,0,0,,False,2022
P-H02-REF-B,P-H02,REF,kzt,0.1,1,S_REF,,0,,True,2022
P-H02-REF-B,P-H02,REF,ko,0.3,1,S_REF,,0,,True,2022
P-H02-REF-B,P-H02,REF,seismic_energy_J_m2,0.0,J/m2,S_REF,,0,,True,2022
P-H02-REF-B,P-H02,REF,fill_density,0.0,1,S_REF,,0,,True,2022
P-H02-REF-B,P-H02,REF,fault_distance_m,9999.0,m,S_REF,,0,,True,2022
P-H02-REF-B,P-H02,REF,lithology,stable_external_reference,category,S_REF,,0,,True,2022
P-H02-REF-B,P-H02,REF,terrain_TRI_relative,,relative,S_REF,,0,,True,2022
P-H02-REF-B,P-H02,REF,terrain_roughness_relative,,relative,S_REF,,0,,True,2022
P-H03-REF-A,P-H03,REF,settlement_anchor_map_mm,0.0,mm,S_REF,0,0,,False,2022
P-H03-REF-A,P-H03,REF,kzt,0.1,1,S_REF,,0,,True,2022
P-H03-REF-A,P-H03,REF,ko,0.3,1,S_REF,,0,,True,2022
P-H03-REF-A,P-H03,REF,seismic_energy_J_m2,0.0,J/m2,S_REF,,0,,True,2022
P-H03-REF-A,P-H03,REF,fill_density,0.0,1,S_REF,,0,,True,2022
P-H03-REF-A,P-H03,REF,fault_distance_m,9999.0,m,S_REF,,0,,True,2022
P-H03-REF-A,P-H03,REF,lithology,stable_external_reference,category,S_REF,,0,,True,2022
P-H03-REF-A,P-H03,REF,terrain_TRI_relative,,relative,S_REF,,0,,True,2022
P-H03-REF-A,P-H03,REF,terrain_roughness_relative,,relative,S_REF,,0,,True,2022
P-H03-W001,P-H03,WORK,settlement_anchor_map_mm,333.789954337899,mm,D,35.00684932,0,G050-015702,False,2022
P-H03-W001,P-H03,WORK,kzt,0.378779429154803,1,R,0.08836617813,152.2886133,G050-015702,True,2022
P-H03-W001,P-H03,WORK,ko,0.65,1,D,0.014,0,G050-015702,True,2022
P-H03-W001,P-H03,WORK,seismic_energy_J_m2,7.5,J/m2,R,3,100,G050-015702,True,2022
P-H03-W001,P-H03,WORK,fill_density,0.71074378490448,1,C/R,0.08,13.49380137,G050-015702,True,2022
P-H03-W001,P-H03,WORK,fault_distance_m,71.4591474924713,m,C/R,25,13.49380137,G050-015702,True,2022
P-H03-W001,P-H03,WORK,lithology,mixed_salts,category,D,,0,G050-015702,True,2022
P-H03-W001,P-H03,WORK,terrain_TRI_relative,0.238888888888889,relative,C/R,0.1,13.49380137,G050-015702,True,2022
P-H03-W001,P-H03,WORK,terrain_roughness_relative,0.416993464052288,relative,C/R,0.1,13.49380137,G050-015702,True,2022
P-H03-W002,P-H03,WORK,settlement_anchor_map_mm,431.963470319634,mm,D,36.47945205,0,G050-015877,False,2022
P-H03-W002,P-H03,WORK,kzt,0.375560032754752,1,R,0.08929822128,158.113883,G050-015877,True,2022
P-H03-W002,P-H03,WORK,ko,0.519129884657595,1,R,0.0315,50,G050-015877,True,2022
P-H03-W002,P-H03,WORK,seismic_energy_J_m2,7.5,J/m2,R,3,100,G050-015877,True,2022
P-H03-W002,P-H03,WORK,fill_density,0.652892589569092,1,C/R,0.08,16.65548412,G050-015877,True,2022
P-H03-W002,P-H03,WORK,fault_distance_m,54.8473018953629,m,C/R,25,16.65548412,G050-015877,True,2022
P-H03-W002,P-H03,WORK,lithology,mixed_salts,category,D,,0,G050-015877,True,2022
P-H03-W002,P-H03,WORK,terrain_TRI_relative,0.166666666666667,relative,C/R,0.1,16.65548412,G050-015877,True,2022
P-H03-W002,P-H03,WORK,terrain_roughness_relative,0.287581699346405,relative,C/R,0.1,16.65548412,G050-015877,True,2022
P-H03-W003,P-H03,WORK,settlement_anchor_map_mm,412.328767123287,mm,D,36.18493151,0,G050-015966,False,2022
P-H03-W003,P-H03,WORK,kzt,0.380808696784482,1,R,0.0928444102,180.2775638,G050-015966,True,2022
P-H03-W003,P-H03,WORK,ko,0.503564829842913,1,R,0.0315,50,G050-015966,True,2022
P-H03-W003,P-H03,WORK,seismic_energy_J_m2,7.5,J/m2,R,3,100,G050-015966,True,2022
P-H03-W003,P-H03,WORK,fill_density,0.71074378490448,1,C/R,0.08,13.82118334,G050-015966,True,2022
P-H03-W003,P-H03,WORK,fault_distance_m,11.7747318455153,m,C/R,25,13.82118334,G050-015966,True,2022
P-H03-W003,P-H03,WORK,lithology,mixed_salts,category,D,,0,G050-015966,True,2022
P-H03-W003,P-H03,WORK,terrain_TRI_relative,,relative,C/R,0.1,13.82118334,G050-015966,True,2022
P-H03-W003,P-H03,WORK,terrain_roughness_relative,,relative,C/R,0.1,13.82118334,G050-015966,True,2022
P-H03-W004,P-H03,WORK,settlement_anchor_map_mm,687.214611872146,mm,D,40.30821918,0,G050-016057,False,2022
P-H03-W004,P-H03,WORK,kzt,0.376958805250669,1,R,0.08929822128,158.113883,G050-016057,True,2022
P-H03-W004,P-H03,WORK,ko,0.516068317290377,1,R,0.0315,50,G050-016057,True,2022
P-H03-W004,P-H03,WORK,seismic_energy_J_m2,7.5,J/m2,R,3,100,G050-016057,True,2022
P-H03-W004,P-H03,WORK,fill_density,0.727272748947144,1,C/R,0.08,26.13728469,G050-016057,True,2022
P-H03-W004,P-H03,WORK,fault_distance_m,18.9737658452066,m,C/R,25,26.13728469,G050-016057,True,2022
P-H03-W004,P-H03,WORK,lithology,mixed_salts,category,D,,0,G050-016057,True,2022
P-H03-W004,P-H03,WORK,terrain_TRI_relative,0.172222222222222,relative,C/R,0.1,26.13728469,G050-016057,True,2022
P-H03-W004,P-H03,WORK,terrain_roughness_relative,0.300653594771242,relative,C/R,0.1,26.13728469,G050-016057,True,2022
P-H03-W005,P-H03,WORK,settlement_anchor_map_mm,451.598173515982,mm,D,36.7739726,0,G050-016328,False,2022
P-H03-W005,P-H03,WORK,kzt,0.367701468054566,1,R,0.0928444102,180.2775638,G050-016328,True,2022
P-H03-W005,P-H03,WORK,ko,0.502213676124911,1,R,0.0315,50,G050-016328,True,2022
P-H03-W005,P-H03,WORK,seismic_energy_J_m2,7.5,J/m2,R,3,100,G050-016328,True,2022
P-H03-W005,P-H03,WORK,fill_density,0.743801653385162,1,C/R,0.08,23.43033878,G050-016328,True,2022
P-H03-W005,P-H03,WORK,fault_distance_m,19.0911089918368,m,C/R,25,23.43033878,G050-016328,True,2022
P-H03-W005,P-H03,WORK,lithology,mixed_salts,category,D,,0,G050-016328,True,2022
P-H03-W005,P-H03,WORK,terrain_TRI_relative,0.233333333333333,relative,C/R,0.1,23.43033878,G050-016328,True,2022
P-H03-W005,P-H03,WORK,terrain_roughness_relative,0.394771241830065,relative,C/R,0.1,23.43033878,G050-016328,True,2022
P-H03-W006,P-H03,WORK,settlement_anchor_map_mm,451.598173515982,mm,D,36.7739726,0,G050-016328,False,2022
P-H03-W006,P-H03,WORK,kzt,0.367701468054566,1,R,0.0928444102,180.2775638,G050-016328,True,2022
P-H03-W006,P-H03,WORK,ko,0.502213676124911,1,R,0.0315,50,G050-016328,True,2022
P-H03-W006,P-H03,WORK,seismic_energy_J_m2,7.5,J/m2,R,3,100,G050-016328,True,2022
P-H03-W006,P-H03,WORK,fill_density,0.743801653385162,1,C/R,0.08,14.84440413,G050-016328,True,2022
P-H03-W006,P-H03,WORK,fault_distance_m,19.0911089918368,m,C/R,25,14.84440413,G050-016328,True,2022
P-H03-W006,P-H03,WORK,lithology,mixed_salts,category,D,,0,G050-016328,True,2022
P-H03-W006,P-H03,WORK,terrain_TRI_relative,0.233333333333333,relative,C/R,0.1,14.84440413,G050-016328,True,2022
P-H03-W006,P-H03,WORK,terrain_roughness_relative,0.394771241830065,relative,C/R,0.1,14.84440413,G050-016328,True,2022
P-H03-W007,P-H03,WORK,settlement_anchor_map_mm,569.406392694064,mm,D,38.54109589,0,G050-016460,False,2022
P-H03-W007,P-H03,WORK,kzt,0.359108328676652,1,R,0.09663916059,203.9947537,G050-016460,True,2022
P-H03-W007,P-H03,WORK,ko,0.530083985463342,1,R,0.0315,50,G050-016460,True,2022
P-H03-W007,P-H03,WORK,seismic_energy_J_m2,7.5,J/m2,R,3.046605709,107.7676182,G050-016460,True,2022
P-H03-W007,P-H03,WORK,fill_density,0.553718984127045,1,C/R,0.08,20.2633206,G050-016460,True,2022
P-H03-W007,P-H03,WORK,fault_distance_m,69.725006551528,m,C/R,25,20.2633206,G050-016460,True,2022
P-H03-W007,P-H03,WORK,lithology,carnallite,category,D,,0,G050-016460,True,2022
P-H03-W007,P-H03,WORK,terrain_TRI_relative,0.266666666666667,relative,C/R,0.1,20.2633206,G050-016460,True,2022
P-H03-W007,P-H03,WORK,terrain_roughness_relative,0.443137254901961,relative,C/R,0.1,20.2633206,G050-016460,True,2022
P-H03-REF-B,P-H03,REF,settlement_anchor_map_mm,0.0,mm,S_REF,0,0,,False,2022
P-H03-REF-B,P-H03,REF,kzt,0.1,1,S_REF,,0,,True,2022
P-H03-REF-B,P-H03,REF,ko,0.3,1,S_REF,,0,,True,2022
P-H03-REF-B,P-H03,REF,seismic_energy_J_m2,0.0,J/m2,S_REF,,0,,True,2022
P-H03-REF-B,P-H03,REF,fill_density,0.0,1,S_REF,,0,,True,2022
P-H03-REF-B,P-H03,REF,fault_distance_m,9999.0,m,S_REF,,0,,True,2022
P-H03-REF-B,P-H03,REF,lithology,stable_external_reference,category,S_REF,,0,,True,2022
P-H03-REF-B,P-H03,REF,terrain_TRI_relative,,relative,S_REF,,0,,True,2022
P-H03-REF-B,P-H03,REF,terrain_roughness_relative,,relative,S_REF,,0,,True,2022
P-H04-REF-A,P-H04,REF,settlement_anchor_map_mm,0.0,mm,S_REF,0,0,,False,2022
P-H04-REF-A,P-H04,REF,kzt,0.1,1,S_REF,,0,,True,2022
P-H04-REF-A,P-H04,REF,ko,0.3,1,S_REF,,0,,True,2022
P-H04-REF-A,P-H04,REF,seismic_energy_J_m2,0.0,J/m2,S_REF,,0,,True,2022
P-H04-REF-A,P-H04,REF,fill_density,0.0,1,S_REF,,0,,True,2022
P-H04-REF-A,P-H04,REF,fault_distance_m,9999.0,m,S_REF,,0,,True,2022
P-H04-REF-A,P-H04,REF,lithology,stable_external_reference,category,S_REF,,0,,True,2022
P-H04-REF-A,P-H04,REF,terrain_TRI_relative,,relative,S_REF,,0,,True,2022
P-H04-REF-A,P-H04,REF,terrain_roughness_relative,,relative,S_REF,,0,,True,2022
P-H04-W001,P-H04,WORK,settlement_anchor_map_mm,187.686423678844,mm,R,72.10560727,111.2656566,G050-004148,False,2022
P-H04-W001,P-H04,WORK,kzt,0.500788681870142,1,R,0.07048777543,40.54859642,G050-004148,True,2022
P-H04-W001,P-H04,WORK,ko,0.493575418994413,1,D,0.014,0,G050-004148,True,2022
P-H04-W001,P-H04,WORK,seismic_energy_J_m2,7.5,J/m2,D,1.2,0,G050-004148,True,2022
P-H04-W001,P-H04,WORK,fill_density,0.206611573696136,1,C/R,0.08,24.67746239,G050-004148,True,2022
P-H04-W001,P-H04,WORK,fault_distance_m,54.1596600180491,m,C/R,25,24.67746239,G050-004148,True,2022
P-H04-W001,P-H04,WORK,lithology,carnallite,category,D,,0,G050-004148,True,2022
P-H04-W001,P-H04,WORK,terrain_TRI_relative,0.216666666666667,relative,C/R,0.1,24.67746239,G050-004148,True,2022
P-H04-W001,P-H04,WORK,terrain_roughness_relative,0.366013071895425,relative,C/R,0.1,24.67746239,G050-004148,True,2022
P-H04-W002,P-H04,WORK,settlement_anchor_map_mm,499.283604440694,mm,R,77.75503775,106.4113805,G050-004234,False,2022
P-H04-W002,P-H04,WORK,kzt,0.546927374301676,1,D,0.032,0,G050-004234,True,2022
P-H04-W002,P-H04,WORK,ko,0.495530726256983,1,D,0.014,0,G050-004234,True,2022
P-H04-W002,P-H04,WORK,seismic_energy_J_m2,7.5,J/m2,R,2.584128064,30.68801066,G050-004234,True,2022
P-H04-W002,P-H04,WORK,fill_density,0.115702480077744,1,C/R,0.08,29.81059822,G050-004234,True,2022
P-H04-W002,P-H04,WORK,fault_distance_m,93.5913942168427,m,C/R,25,29.81059822,G050-004234,True,2022
P-H04-W002,P-H04,WORK,lithology,carnallite,category,D,,0,G050-004234,True,2022
P-H04-W002,P-H04,WORK,terrain_TRI_relative,0.105555555555556,relative,C/R,0.1,29.81059822,G050-004234,True,2022
P-H04-W002,P-H04,WORK,terrain_roughness_relative,0.159477124183007,relative,C/R,0.1,29.81059822,G050-004234,True,2022
P-H04-W003,P-H04,WORK,settlement_anchor_map_mm,738.255613776773,mm,R,82.24021393,103.9591805,G050-004479,False,2022
P-H04-W003,P-H04,WORK,kzt,0.542458100558659,1,D,0.032,0,G050-004479,True,2022
P-H04-W003,P-H04,WORK,ko,0.634357541899441,1,D,0.014,0,G050-004479,True,2022
P-H04-W003,P-H04,WORK,seismic_energy_J_m2,7.5,J/m2,D,1.2,0,G050-004479,True,2022
P-H04-W003,P-H04,WORK,fill_density,0.0,1,C/R,0.08,20.38450686,G050-004479,True,2022
P-H04-W003,P-H04,WORK,fault_distance_m,236.653164807915,m,C/R,25,20.38450686,G050-004479,True,2022
P-H04-W003,P-H04,WORK,lithology,carnallite,category,R,,50,G050-004479,True,2022
P-H04-W003,P-H04,WORK,terrain_TRI_relative,0.0611111111111111,relative,C/R,0.1,20.38450686,G050-004479,True,2022
P-H04-W003,P-H04,WORK,terrain_roughness_relative,0.101960784313725,relative,C/R,0.1,20.38450686,G050-004479,True,2022
P-H04-W004,P-H04,WORK,settlement_anchor_map_mm,164.445936149847,mm,R,64.28891872,50,G050-004628,False,2022
P-H04-W004,P-H04,WORK,kzt,0.542458100558659,1,D,0.032,0,G050-004628,True,2022
P-H04-W004,P-H04,WORK,ko,0.495530726256983,1,D,0.014,0,G050-004628,True,2022
P-H04-W004,P-H04,WORK,seismic_energy_J_m2,7.5,J/m2,D,1.2,0,G050-004628,True,2022
P-H04-W004,P-H04,WORK,fill_density,0.0,1,C/R,0.08,23.71328019,G050-004628,True,2022
P-H04-W004,P-H04,WORK,fault_distance_m,136.785970713566,m,C/R,25,23.71328019,G050-004628,True,2022
P-H04-W004,P-H04,WORK,lithology,carnallite,category,D,,0,G050-004628,True,2022
P-H04-W004,P-H04,WORK,terrain_TRI_relative,0.155555555555556,relative,C/R,0.1,23.71328019,G050-004628,True,2022
P-H04-W004,P-H04,WORK,terrain_roughness_relative,0.220915032679739,relative,C/R,0.1,23.71328019,G050-004628,True,2022
P-H04-W005,P-H04,WORK,settlement_anchor_map_mm,176.712328767123,mm,D,32.65068493,0,G050-004786,False,2022
P-H04-W005,P-H04,WORK,kzt,0.515642458100559,1,D,0.032,0,G050-004786,True,2022
P-H04-W005,P-H04,WORK,ko,0.495530726256983,1,D,0.014,0,G050-004786,True,2022
P-H04-W005,P-H04,WORK,seismic_energy_J_m2,7.5,J/m2,D,1.2,0,G050-004786,True,2022
P-H04-W005,P-H04,WORK,fill_density,0.0,1,C/R,0.08,20.5403593,G050-004786,True,2022
P-H04-W005,P-H04,WORK,fault_distance_m,36.9187766192174,m,C/R,25,20.5403593,G050-004786,True,2022
P-H04-W005,P-H04,WORK,lithology,sylvinite,category,D,,0,G050-004786,True,2022
P-H04-W005,P-H04,WORK,terrain_TRI_relative,,relative,C/R,0.1,20.5403593,G050-004786,True,2022
P-H04-W005,P-H04,WORK,terrain_roughness_relative,,relative,C/R,0.1,20.5403593,G050-004786,True,2022
P-H04-W006,P-H04,WORK,settlement_anchor_map_mm,196.34703196347,mm,D,32.94520548,0,G050-004946,False,2022
P-H04-W006,P-H04,WORK,kzt,0.537988826815642,1,D,0.032,0,G050-004946,True,2022
P-H04-W006,P-H04,WORK,ko,0.493575418994413,1,D,0.014,0,G050-004946,True,2022
P-H04-W006,P-H04,WORK,seismic_energy_J_m2,7.5,J/m2,D,1.2,0,G050-004946,True,2022
P-H04-W006,P-H04,WORK,fill_density,0.0578512400388718,1,C/R,0.08,19.17954885,G050-004946,True,2022
P-H04-W006,P-H04,WORK,fault_distance_m,62.9484174751317,m,C/R,25,19.17954885,G050-004946,True,2022
P-H04-W006,P-H04,WORK,lithology,sylvinite,category,D,,0,G050-004946,True,2022
P-H04-W006,P-H04,WORK,terrain_TRI_relative,0.427777777777778,relative,C/R,0.1,19.17954885,G050-004946,True,2022
P-H04-W006,P-H04,WORK,terrain_roughness_relative,0.547712418300654,relative,C/R,0.1,19.17954885,G050-004946,True,2022
P-H04-W007,P-H04,WORK,settlement_anchor_map_mm,235.616438356164,mm,D,33.53424658,0,G050-005136,False,2022
P-H04-W007,P-H04,WORK,kzt,0.323463687150838,1,D,0.032,0,G050-005136,True,2022
P-H04-W007,P-H04,WORK,ko,0.540502793296089,1,D,0.014,0,G050-005136,True,2022
P-H04-W007,P-H04,WORK,seismic_energy_J_m2,7.5,J/m2,D,1.2,0,G050-005136,True,2022
P-H04-W007,P-H04,WORK,fill_density,0.371900826692581,1,C/R,0.08,21.25113608,G050-005136,True,2022
P-H04-W007,P-H04,WORK,fault_distance_m,147.023151046991,m,C/R,25,21.25113608,G050-005136,True,2022
P-H04-W007,P-H04,WORK,lithology,carnallite,category,D,,0,G050-005136,True,2022
P-H04-W007,P-H04,WORK,terrain_TRI_relative,0.333333333333333,relative,C/R,0.1,21.25113608,G050-005136,True,2022
P-H04-W007,P-H04,WORK,terrain_roughness_relative,0.423529411764706,relative,C/R,0.1,21.25113608,G050-005136,True,2022
P-H04-REF-B,P-H04,REF,settlement_anchor_map_mm,0.0,mm,S_REF,0,0,,False,2022
P-H04-REF-B,P-H04,REF,kzt,0.1,1,S_REF,,0,,True,2022
P-H04-REF-B,P-H04,REF,ko,0.3,1,S_REF,,0,,True,2022
P-H04-REF-B,P-H04,REF,seismic_energy_J_m2,0.0,J/m2,S_REF,,0,,True,2022
P-H04-REF-B,P-H04,REF,fill_density,0.0,1,S_REF,,0,,True,2022
P-H04-REF-B,P-H04,REF,fault_distance_m,9999.0,m,S_REF,,0,,True,2022
P-H04-REF-B,P-H04,REF,lithology,stable_external_reference,category,S_REF,,0,,True,2022
P-H04-REF-B,P-H04,REF,terrain_TRI_relative,,relative,S_REF,,0,,True,2022
P-H04-REF-B,P-H04,REF,terrain_roughness_relative,,relative,S_REF,,0,,True,2022
P-H05-REF-A,P-H05,REF,settlement_anchor_map_mm,0.0,mm,S_REF,0,0,,False,2022
P-H05-REF-A,P-H05,REF,kzt,0.1,1,S_REF,,0,,True,2022
P-H05-REF-A,P-H05,REF,ko,0.3,1,S_REF,,0,,True,2022
P-H05-REF-A,P-H05,REF,seismic_energy_J_m2,0.0,J/m2,S_REF,,0,,True,2022
P-H05-REF-A,P-H05,REF,fill_density,0.0,1,S_REF,,0,,True,2022
P-H05-REF-A,P-H05,REF,fault_distance_m,9999.0,m,S_REF,,0,,True,2022
P-H05-REF-A,P-H05,REF,lithology,stable_external_reference,category,S_REF,,0,,True,2022
P-H05-REF-A,P-H05,REF,terrain_TRI_relative,,relative,S_REF,,0,,True,2022
P-H05-REF-A,P-H05,REF,terrain_roughness_relative,,relative,S_REF,,0,,True,2022
P-H05-W001,P-H05,WORK,settlement_anchor_map_mm,1354.79452054795,mm,D,50.32191781,0,G050-011236,False,2022
P-H05-W001,P-H05,WORK,kzt,0.350279329608938,1,D,0.032,0,G050-011236,True,2022
P-H05-W001,P-H05,WORK,ko,0.399720670391061,1,D,0.014,0,G050-011236,True,2022
P-H05-W001,P-H05,WORK,seismic_energy_J_m2,7.5,J/m2,D,1.2,0,G050-011236,True,2022
P-H05-W001,P-H05,WORK,fill_density,0.0,1,C/R,0.08,29.55768508,G050-011236,True,2022
P-H05-W001,P-H05,WORK,fault_distance_m,587.842415045166,m,C/R,25,29.55768508,G050-011236,True,2022
P-H05-W001,P-H05,WORK,lithology,carnallite,category,D,,0,G050-011236,True,2022
P-H05-W001,P-H05,WORK,terrain_TRI_relative,0.177777777777778,relative,C/R,0.1,29.55768508,G050-011236,True,2022
P-H05-W001,P-H05,WORK,terrain_roughness_relative,0.516339869281046,relative,C/R,0.1,29.55768508,G050-011236,True,2022
P-H05-W002,P-H05,WORK,settlement_anchor_map_mm,1276.25570776256,mm,D,49.14383562,0,G050-011603,False,2022
P-H05-W002,P-H05,WORK,kzt,0.399441340782123,1,D,0.032,0,G050-011603,True,2022
P-H05-W002,P-H05,WORK,ko,0.387988826815642,1,D,0.014,0,G050-011603,True,2022
P-H05-W002,P-H05,WORK,seismic_energy_J_m2,7.5,J/m2,D,1.2,0,G050-011603,True,2022
P-H05-W002,P-H05,WORK,fill_density,0.0,1,C/R,0.08,32.99901868,G050-011603,True,2022
P-H05-W002,P-H05,WORK,fault_distance_m,476.119561613105,m,C/R,25,32.99901868,G050-011603,True,2022
P-H05-W002,P-H05,WORK,lithology,carnallite,category,D,,0,G050-011603,True,2022
P-H05-W002,P-H05,WORK,terrain_TRI_relative,0.361111111111111,relative,C/R,0.1,32.99901868,G050-011603,True,2022
P-H05-W002,P-H05,WORK,terrain_roughness_relative,0.545098039215686,relative,C/R,0.1,32.99901868,G050-011603,True,2022
P-H05-W003,P-H05,WORK,settlement_anchor_map_mm,1374.42922374429,mm,D,50.61643836,0,G050-011861,False,2022
P-H05-W003,P-H05,WORK,kzt,0.350279329608938,1,D,0.032,0,G050-011861,True,2022
P-H05-W003,P-H05,WORK,ko,0.387988826815642,1,D,0.014,0,G050-011861,True,2022
P-H05-W003,P-H05,WORK,seismic_energy_J_m2,7.5,J/m2,D,1.2,0,G050-011861,True,2022
P-H05-W003,P-H05,WORK,fill_density,0.0,1,C/R,0.08,27.24816869,G050-011861,True,2022
P-H05-W003,P-H05,WORK,fault_distance_m,400.334144718214,m,C/R,25,27.24816869,G050-011861,True,2022
P-H05-W003,P-H05,WORK,lithology,replacement_rock_salt,category,D,,0,G050-011861,True,2022
P-H05-W003,P-H05,WORK,terrain_TRI_relative,0.466666666666667,relative,C/R,0.1,27.24816869,G050-011861,True,2022
P-H05-W003,P-H05,WORK,terrain_roughness_relative,0.661437908496732,relative,C/R,0.1,27.24816869,G050-011861,True,2022
P-H05-W004,P-H05,WORK,settlement_anchor_map_mm,1610.04566210046,mm,D,54.15068493,0,G050-012240,False,2022
P-H05-W004,P-H05,WORK,kzt,0.336871508379888,1,D,0.032,0,G050-012240,True,2022
P-H05-W004,P-H05,WORK,ko,0.387988826815642,1,D,0.014,0,G050-012240,True,2022
P-H05-W004,P-H05,WORK,seismic_energy_J_m2,7.5,J/m2,D,1.2,0,G050-012240,True,2022
P-H05-W004,P-H05,WORK,fill_density,0.0247933883219957,1,C/R,0.08,25.95125367,G050-012240,True,2022
P-H05-W004,P-H05,WORK,fault_distance_m,286.656019375879,m,C/R,25,25.95125367,G050-012240,True,2022
P-H05-W004,P-H05,WORK,lithology,replacement_rock_salt,category,D,,0,G050-012240,True,2022
P-H05-W004,P-H05,WORK,terrain_TRI_relative,0.477777777777778,relative,C/R,0.1,25.95125367,G050-012240,True,2022
P-H05-W004,P-H05,WORK,terrain_roughness_relative,0.623529411764706,relative,C/R,0.1,25.95125367,G050-012240,True,2022
P-H05-W005,P-H05,WORK,settlement_anchor_map_mm,1236.98630136986,mm,D,48.55479452,0,G050-012617,False,2022
P-H05-W005,P-H05,WORK,kzt,0.327932960893855,1,D,0.032,0,G050-012617,True,2022
P-H05-W005,P-H05,WORK,ko,0.387988826815642,1,D,0.014,0,G050-012617,True,2022
P-H05-W005,P-H05,WORK,seismic_energy_J_m2,7.5,J/m2,R,2.7,50,G050-012617,True,2022
P-H05-W005,P-H05,WORK,fill_density,0.0909090936183929,1,C/R,0.08,30.09983907,G050-012617,True,2022
P-H05-W005,P-H05,WORK,fault_distance_m,172.977894033544,m,C/R,25,30.09983907,G050-012617,True,2022
P-H05-W005,P-H05,WORK,lithology,carnallite,category,D,,0,G050-012617,True,2022
P-H05-W005,P-H05,WORK,terrain_TRI_relative,0.605555555555556,relative,C/R,0.1,30.09983907,G050-012617,True,2022
P-H05-W005,P-H05,WORK,terrain_roughness_relative,0.435294117647059,relative,C/R,0.1,30.09983907,G050-012617,True,2022
P-H05-W006,P-H05,WORK,settlement_anchor_map_mm,1374.42922374429,mm,D,50.61643836,0,G050-012867,False,2022
P-H05-W006,P-H05,WORK,kzt,0.323463687150838,1,D,0.032,0,G050-012867,True,2022
P-H05-W006,P-H05,WORK,ko,0.387988826815642,1,D,0.014,0,G050-012867,True,2022
P-H05-W006,P-H05,WORK,seismic_energy_J_m2,7.5,J/m2,D,1.2,0,G050-012867,True,2022
P-H05-W006,P-H05,WORK,fill_density,0.0909090936183929,1,C/R,0.08,33.30290564,G050-012867,True,2022
P-H05-W006,P-H05,WORK,fault_distance_m,97.1924771386534,m,C/R,25,33.30290564,G050-012867,True,2022
P-H05-W006,P-H05,WORK,lithology,replacement_rock_salt,category,D,,0,G050-012867,True,2022
P-H05-W006,P-H05,WORK,terrain_TRI_relative,0.283333333333333,relative,C/R,0.1,33.30290564,G050-012867,True,2022
P-H05-W006,P-H05,WORK,terrain_roughness_relative,0.168627450980392,relative,C/R,0.1,33.30290564,G050-012867,True,2022
P-H05-W007,P-H05,WORK,settlement_anchor_map_mm,824.657534246575,mm,D,42.36986301,0,G050-013258,False,2022
P-H05-W007,P-H05,WORK,kzt,0.350279329608938,1,D,0.032,0,G050-013258,True,2022
P-H05-W007,P-H05,WORK,ko,0.384078212290503,1,D,0.014,0,G050-013258,True,2022
P-H05-W007,P-H05,WORK,seismic_energy_J_m2,7.5,J/m2,D,1.2,0,G050-013258,True,2022
P-H05-W007,P-H05,WORK,fill_density,0.0330578498542309,1,C/R,0.08,26.76511814,G050-013258,True,2022
P-H05-W007,P-H05,WORK,fault_distance_m,6.10957884679257,m,C/R,25,26.76511814,G050-013258,True,2022
P-H05-W007,P-H05,WORK,lithology,replacement_rock_salt,category,D,,0,G050-013258,True,2022
P-H05-W007,P-H05,WORK,terrain_TRI_relative,0.766666666666667,relative,C/R,0.1,26.76511814,G050-013258,True,2022
P-H05-W007,P-H05,WORK,terrain_roughness_relative,0.54640522875817,relative,C/R,0.1,26.76511814,G050-013258,True,2022
P-H05-REF-B,P-H05,REF,settlement_anchor_map_mm,0.0,mm,S_REF,0,0,,False,2022
P-H05-REF-B,P-H05,REF,kzt,0.1,1,S_REF,,0,,True,2022
P-H05-REF-B,P-H05,REF,ko,0.3,1,S_REF,,0,,True,2022
P-H05-REF-B,P-H05,REF,seismic_energy_J_m2,0.0,J/m2,S_REF,,0,,True,2022
P-H05-REF-B,P-H05,REF,fill_density,0.0,1,S_REF,,0,,True,2022
P-H05-REF-B,P-H05,REF,fault_distance_m,9999.0,m,S_REF,,0,,True,2022
P-H05-REF-B,P-H05,REF,lithology,stable_external_reference,category,S_REF,,0,,True,2022
P-H05-REF-B,P-H05,REF,terrain_TRI_relative,,relative,S_REF,,0,,True,2022
P-H05-REF-B,P-H05,REF,terrain_roughness_relative,,relative,S_REF,,0,,True,2022
P-H06-REF-A,P-H06,REF,settlement_anchor_map_mm,0.0,mm,S_REF,0,0,,False,2022
P-H06-REF-A,P-H06,REF,kzt,0.1,1,S_REF,,0,,True,2022
P-H06-REF-A,P-H06,REF,ko,0.3,1,S_REF,,0,,True,2022
P-H06-REF-A,P-H06,REF,seismic_energy_J_m2,0.0,J/m2,S_REF,,0,,True,2022
P-H06-REF-A,P-H06,REF,fill_density,0.0,1,S_REF,,0,,True,2022
P-H06-REF-A,P-H06,REF,fault_distance_m,9999.0,m,S_REF,,0,,True,2022
P-H06-REF-A,P-H06,REF,lithology,stable_external_reference,category,S_REF,,0,,True,2022
P-H06-REF-A,P-H06,REF,terrain_TRI_relative,,relative,S_REF,,0,,True,2022
P-H06-REF-A,P-H06,REF,terrain_roughness_relative,,relative,S_REF,,0,,True,2022
P-H06-W001,P-H06,WORK,settlement_anchor_map_mm,333.789954337899,mm,D,35.00684932,0,G050-006390,False,2022
P-H06-W001,P-H06,WORK,kzt,0.287709497206704,1,D,0.032,0,G050-006390,True,2022
P-H06-W001,P-H06,WORK,ko,0.382122905027933,1,D,0.014,0,G050-006390,True,2022
P-H06-W001,P-H06,WORK,seismic_energy_J_m2,22.5,J/m2,D,1.2,0,G050-006390,True,2022
P-H06-W001,P-H06,WORK,fill_density,0.776859521865845,1,C/R,0.08,27.4305865,G050-006390,True,2022
P-H06-W001,P-H06,WORK,fault_distance_m,670.312580616689,m,C/R,25,27.4305865,G050-006390,True,2022
P-H06-W001,P-H06,WORK,lithology,carnallite,category,D,,0,G050-006390,True,2022
P-H06-W001,P-H06,WORK,terrain_TRI_relative,0.405555555555556,relative,C/R,0.1,27.4305865,G050-006390,True,2022
P-H06-W001,P-H06,WORK,terrain_roughness_relative,0.46797385620915,relative,C/R,0.1,27.4305865,G050-006390,True,2022
P-H06-W002,P-H06,WORK,settlement_anchor_map_mm,176.712328767123,mm,D,32.65068493,0,G050-006710,False,2022
P-H06-W002,P-H06,WORK,kzt,0.287131484083986,1,R,0.072,50,G050-006710,True,2022
P-H06-W002,P-H06,WORK,ko,0.376256983240223,1,D,0.014,0,G050-006710,True,2022
P-H06-W002,P-H06,WORK,seismic_energy_J_m2,22.5,J/m2,D,1.2,0,G050-006710,True,2022
P-H06-W002,P-H06,WORK,fill_density,0.950413227081299,1,C/R,0.08,19.52878382,G050-006710,True,2022
P-H06-W002,P-H06,WORK,fault_distance_m,811.554947108061,m,C/R,25,19.52878382,G050-006710,True,2022
P-H06-W002,P-H06,WORK,lithology,carnallite,category,D,,0,G050-006710,True,2022
P-H06-W002,P-H06,WORK,terrain_TRI_relative,0.483333333333333,relative,C/R,0.1,19.52878382,G050-006710,True,2022
P-H06-W002,P-H06,WORK,terrain_roughness_relative,0.166013071895425,relative,C/R,0.1,19.52878382,G050-006710,True,2022
P-H06-W003,P-H06,WORK,settlement_anchor_map_mm,333.789954337899,mm,D,35.00684932,0,G050-007035,False,2022
P-H06-W003,P-H06,WORK,kzt,0.277036910352518,1,R,0.072,50,G050-007035,True,2022
P-H06-W003,P-H06,WORK,ko,0.30195530726257,1,D,0.014,0,G050-007035,True,2022
P-H06-W003,P-H06,WORK,seismic_energy_J_m2,25.8333333333333,J/m2,R,2.7,50,G050-007035,True,2022
P-H06-W003,P-H06,WORK,fill_density,0.942148745059967,1,C/R,0.08,29.06379327,G050-007035,True,2022
P-H06-W003,P-H06,WORK,fault_distance_m,912.158431249877,m,C/R,25,29.06379327,G050-007035,True,2022
P-H06-W003,P-H06,WORK,lithology,carnallite,category,D,,0,G050-007035,True,2022
P-H06-W003,P-H06,WORK,terrain_TRI_relative,0.633333333333333,relative,C/R,0.1,29.06379327,G050-007035,True,2022
P-H06-W003,P-H06,WORK,terrain_roughness_relative,0.45359477124183,relative,C/R,0.1,29.06379327,G050-007035,True,2022
P-H06-W004,P-H06,WORK,settlement_anchor_map_mm,333.789954337899,mm,D,35.00684932,0,G050-007240,False,2022
P-H06-W004,P-H06,WORK,kzt,0.263629089123467,1,R,0.072,50,G050-007240,True,2022
P-H06-W004,P-H06,WORK,ko,0.3,1,D,0.014,0,G050-007240,True,2022
P-H06-W004,P-H06,WORK,seismic_energy_J_m2,25.0,J/m2,R,2.7,50,G050-007240,True,2022
P-H06-W004,P-H06,WORK,fill_density,0.991735517978668,1,C/R,0.08,30.27426417,G050-007240,True,2022
P-H06-W004,P-H06,WORK,fault_distance_m,828.123976814275,m,C/R,25,30.27426417,G050-007240,True,2022
P-H06-W004,P-H06,WORK,lithology,carnallite,category,D,,0,G050-007240,True,2022
P-H06-W004,P-H06,WORK,terrain_TRI_relative,0.616666666666667,relative,C/R,0.1,30.27426417,G050-007240,True,2022
P-H06-W004,P-H06,WORK,terrain_roughness_relative,0.443137254901961,relative,C/R,0.1,30.27426417,G050-007240,True,2022
P-H06-W005,P-H06,WORK,settlement_anchor_map_mm,157.077625570776,mm,D,32.35616438,0,G050-007465,False,2022
P-H06-W005,P-H06,WORK,kzt,0.257580607251022,1,R,0.072,50,G050-007465,True,2022
P-H06-W005,P-H06,WORK,ko,0.3,1,D,0.014,0,G050-007465,True,2022
P-H06-W005,P-H06,WORK,seismic_energy_J_m2,25.8333333333333,J/m2,R,2.7,50,G050-007465,True,2022
P-H06-W005,P-H06,WORK,fill_density,0.975206613540649,1,C/R,0.08,22.2009845,G050-007465,True,2022
P-H06-W005,P-H06,WORK,fault_distance_m,744.089522378672,m,C/R,25,22.2009845,G050-007465,True,2022
P-H06-W005,P-H06,WORK,lithology,carnallite,category,D,,0,G050-007465,True,2022
P-H06-W005,P-H06,WORK,terrain_TRI_relative,0.444444444444444,relative,C/R,0.1,22.2009845,G050-007465,True,2022
P-H06-W005,P-H06,WORK,terrain_roughness_relative,0.444444444444445,relative,C/R,0.1,22.2009845,G050-007465,True,2022
P-H06-W006,P-H06,WORK,settlement_anchor_map_mm,333.789954337899,mm,D,35.00684932,0,G050-007820,False,2022
P-H06-W006,P-H06,WORK,kzt,0.268753791608564,1,R,0.072,50,G050-007820,True,2022
P-H06-W006,P-H06,WORK,ko,0.3,1,D,0.014,0,G050-007820,True,2022
P-H06-W006,P-H06,WORK,seismic_energy_J_m2,22.5,J/m2,D,1.2,0,G050-007820,True,2022
P-H06-W006,P-H06,WORK,fill_density,0.842975199222565,1,C/R,0.08,29.74811242,G050-007820,True,2022
P-H06-W006,P-H06,WORK,fault_distance_m,618.037840725268,m,C/R,25,29.74811242,G050-007820,True,2022
P-H06-W006,P-H06,WORK,lithology,carnallite,category,D,,0,G050-007820,True,2022
P-H06-W006,P-H06,WORK,terrain_TRI_relative,0.333333333333333,relative,C/R,0.1,29.74811242,G050-007820,True,2022
P-H06-W006,P-H06,WORK,terrain_roughness_relative,0.436601307189542,relative,C/R,0.1,29.74811242,G050-007820,True,2022
P-H06-W007,P-H06,WORK,settlement_anchor_map_mm,58.9041095890407,mm,D,30.88356164,0,G050-008053,False,2022
P-H06-W007,P-H06,WORK,kzt,0.278823245937504,1,R,0.07200241076,50.01506728,G050-008053,True,2022
P-H06-W007,P-H06,WORK,ko,0.3,1,D,0.014,0,G050-008053,True,2022
P-H06-W007,P-H06,WORK,seismic_energy_J_m2,22.5,J/m2,D,1.2,0,G050-008053,True,2022
P-H06-W007,P-H06,WORK,fill_density,0.876033067703247,1,C/R,0.08,23.95098434,G050-008053,True,2022
P-H06-W007,P-H06,WORK,fault_distance_m,543.976373334031,m,C/R,25,23.95098434,G050-008053,True,2022
P-H06-W007,P-H06,WORK,lithology,carnallite,category,D,,0,G050-008053,True,2022
P-H06-W007,P-H06,WORK,terrain_TRI_relative,0.427777777777778,relative,C/R,0.1,23.95098434,G050-008053,True,2022
P-H06-W007,P-H06,WORK,terrain_roughness_relative,0.558169934640523,relative,C/R,0.1,23.95098434,G050-008053,True,2022
P-H06-REF-B,P-H06,REF,settlement_anchor_map_mm,0.0,mm,S_REF,0,0,,False,2022
P-H06-REF-B,P-H06,REF,kzt,0.1,1,S_REF,,0,,True,2022
P-H06-REF-B,P-H06,REF,ko,0.3,1,S_REF,,0,,True,2022
P-H06-REF-B,P-H06,REF,seismic_energy_J_m2,0.0,J/m2,S_REF,,0,,True,2022
P-H06-REF-B,P-H06,REF,fill_density,0.0,1,S_REF,,0,,True,2022
P-H06-REF-B,P-H06,REF,fault_distance_m,9999.0,m,S_REF,,0,,True,2022
P-H06-REF-B,P-H06,REF,lithology,stable_external_reference,category,S_REF,,0,,True,2022
P-H06-REF-B,P-H06,REF,terrain_TRI_relative,,relative,S_REF,,0,,True,2022
P-H06-REF-B,P-H06,REF,terrain_roughness_relative,,relative,S_REF,,0,,True,2022
P-H07-REF-A,P-H07,REF,settlement_anchor_map_mm,0.0,mm,S_REF,0,0,,False,2022
P-H07-REF-A,P-H07,REF,kzt,0.1,1,S_REF,,0,,True,2022
P-H07-REF-A,P-H07,REF,ko,0.3,1,S_REF,,0,,True,2022
P-H07-REF-A,P-H07,REF,seismic_energy_J_m2,0.0,J/m2,S_REF,,0,,True,2022
P-H07-REF-A,P-H07,REF,fill_density,0.0,1,S_REF,,0,,True,2022
P-H07-REF-A,P-H07,REF,fault_distance_m,9999.0,m,S_REF,,0,,True,2022
P-H07-REF-A,P-H07,REF,lithology,stable_external_reference,category,S_REF,,0,,True,2022
P-H07-REF-A,P-H07,REF,terrain_TRI_relative,,relative,S_REF,,0,,True,2022
P-H07-REF-A,P-H07,REF,terrain_roughness_relative,,relative,S_REF,,0,,True,2022
P-H07-W001,P-H07,WORK,settlement_anchor_map_mm,213.278630986725,mm,R,64.75185078,45.71898468,G050-012029,False,2022
P-H07-W001,P-H07,WORK,kzt,0.281865272925384,1,R,0.0760971413,75.60713315,G050-012029,True,2022
P-H07-W001,P-H07,WORK,ko,0.634306555534042,1,R,0.02978426267,25.48946667,G050-012029,True,2022
P-H07-W001,P-H07,WORK,seismic_energy_J_m2,7.5,J/m2,R,2.671348798,45.22479967,G050-012029,True,2022
P-H07-W001,P-H07,WORK,fill_density,0.206611573696136,1,C/R,0.08,9.372196643,G050-012029,True,2022
P-H07-W001,P-H07,WORK,fault_distance_m,280.766821024851,m,C/R,25,9.372196643,G050-012029,True,2022
P-H07-W001,P-H07,WORK,lithology,sylvinite,category,D,,0,G050-012029,True,2022
P-H07-W001,P-H07,WORK,terrain_TRI_relative,0.261111111111111,relative,C/R,0.1,9.372196643,G050-012029,True,2022
P-H07-W001,P-H07,WORK,terrain_roughness_relative,0.0771241830065359,relative,C/R,0.1,9.372196643,G050-012029,True,2022
P-H07-W002,P-H07,WORK,settlement_anchor_map_mm,314.155251141553,mm,D,34.71232877,0,G050-012279,False,2022
P-H07-W002,P-H07,WORK,kzt,0.260893854748603,1,D,0.032,0,G050-012279,True,2022
P-H07-W002,P-H07,WORK,ko,0.598345299173116,1,R,0.0315103649,50.14806994,G050-012279,True,2022
P-H07-W002,P-H07,WORK,seismic_energy_J_m2,7.5,J/m2,R,2.712737593,52.1229322,G050-012279,True,2022
P-H07-W002,P-H07,WORK,fill_density,0.0,1,C/R,0.08,13.70309013,G050-012279,True,2022
P-H07-W002,P-H07,WORK,fault_distance_m,350.10119840217,m,C/R,25,13.70309013,G050-012279,True,2022
P-H07-W002,P-H07,WORK,lithology,sylvinite,category,D,,0,G050-012279,True,2022
P-H07-W002,P-H07,WORK,terrain_TRI_relative,0.255555555555556,relative,C/R,0.1,13.70309013,G050-012279,True,2022
P-H07-W002,P-H07,WORK,terrain_roughness_relative,0.0758169934640524,relative,C/R,0.1,13.70309013,G050-012279,True,2022
P-H07-W003,P-H07,WORK,settlement_anchor_map_mm,267.815818419103,mm,R,66.35631637,50,G050-012530,False,2022
P-H07-W003,P-H07,WORK,kzt,0.28473562153885,1,R,0.08,100,G050-012530,True,2022
P-H07-W003,P-H07,WORK,ko,0.379592633827739,1,R,0.035,100,G050-012530,True,2022
P-H07-W003,P-H07,WORK,seismic_energy_J_m2,7.5,J/m2,R,3.071935738,111.9892896,G050-012530,True,2022
P-H07-W003,P-H07,WORK,fill_density,0.0,1,C/R,0.08,16.70502289,G050-012530,True,2022
P-H07-W003,P-H07,WORK,fault_distance_m,446.423256333755,m,C/R,25,16.70502289,G050-012530,True,2022
P-H07-W003,P-H07,WORK,lithology,sylvinite,category,D,,0,G050-012530,True,2022
P-H07-W003,P-H07,WORK,terrain_TRI_relative,,relative,C/R,0.1,16.70502289,G050-012530,True,2022
P-H07-W003,P-H07,WORK,terrain_roughness_relative,,relative,C/R,0.1,16.70502289,G050-012530,True,2022
P-H07-W004,P-H07,WORK,settlement_anchor_map_mm,314.155251141553,mm,D,34.71232877,0,G050-012653,False,2022
P-H07-W004,P-H07,WORK,kzt,0.285331561713644,1,R,0.088,150,G050-012653,True,2022
P-H07-W004,P-H07,WORK,ko,0.351650940326918,1,R,0.035,100,G050-012653,True,2022
P-H07-W004,P-H07,WORK,seismic_energy_J_m2,7.5,J/m2,R,3.001246734,100.207789,G050-012653,True,2022
P-H07-W004,P-H07,WORK,fill_density,0.0082644624635577,1,C/R,0.08,15.65098202,G050-012653,True,2022
P-H07-W004,P-H07,WORK,fault_distance_m,434.852691235443,m,C/R,25,15.65098202,G050-012653,True,2022
P-H07-W004,P-H07,WORK,lithology,sylvinite,category,D,,0,G050-012653,True,2022
P-H07-W004,P-H07,WORK,terrain_TRI_relative,,relative,C/R,0.1,15.65098202,G050-012653,True,2022
P-H07-W004,P-H07,WORK,terrain_roughness_relative,,relative,C/R,0.1,15.65098202,G050-012653,True,2022
P-H07-W005,P-H07,WORK,settlement_anchor_map_mm,39.2694063926938,mm,D,30.5890411,0,G050-012905,False,2022
P-H07-W005,P-H07,WORK,kzt,0.284410027101921,1,R,0.088,150,G050-012905,True,2022
P-H07-W005,P-H07,WORK,ko,0.351650940326918,1,R,0.035,100,G050-012905,True,2022
P-H07-W005,P-H07,WORK,seismic_energy_J_m2,7.5,J/m2,R,2.7,50,G050-012905,True,2022
P-H07-W005,P-H07,WORK,fill_density,0.107438012957573,1,C/R,0.08,13.92632557,G050-012905,True,2022
P-H07-W005,P-H07,WORK,fault_distance_m,334.873697519098,m,C/R,25,13.92632557,G050-012905,True,2022
P-H07-W005,P-H07,WORK,lithology,sylvinite,category,D,,0,G050-012905,True,2022
P-H07-W005,P-H07,WORK,terrain_TRI_relative,,relative,C/R,0.1,13.92632557,G050-012905,True,2022
P-H07-W005,P-H07,WORK,terrain_roughness_relative,,relative,C/R,0.1,13.92632557,G050-012905,True,2022
P-H07-W006,P-H07,WORK,settlement_anchor_map_mm,98.1735159817354,mm,D,31.47260274,0,G050-013164,False,2022
P-H07-W006,P-H07,WORK,kzt,0.283240223463687,1,R,0.088,150,G050-013164,True,2022
P-H07-W006,P-H07,WORK,ko,0.489985671155174,1,R,0.035,100,G050-013164,True,2022
P-H07-W006,P-H07,WORK,seismic_energy_J_m2,7.5,J/m2,D,1.2,0,G050-013164,True,2022
P-H07-W006,P-H07,WORK,fill_density,0.438016533851624,1,C/R,0.08,23.68703889,G050-013164,True,2022
P-H07-W006,P-H07,WORK,fault_distance_m,234.894703802753,m,C/R,25,23.68703889,G050-013164,True,2022
P-H07-W006,P-H07,WORK,lithology,sylvinite,category,D,,0,G050-013164,True,2022
P-H07-W006,P-H07,WORK,terrain_TRI_relative,,relative,C/R,0.1,23.68703889,G050-013164,True,2022
P-H07-W006,P-H07,WORK,terrain_roughness_relative,,relative,C/R,0.1,23.68703889,G050-013164,True,2022
P-H07-W007,P-H07,WORK,settlement_anchor_map_mm,58.9041095890407,mm,D,30.88356164,0,G050-013284,False,2022
P-H07-W007,P-H07,WORK,kzt,0.283240223463687,1,R,0.08166192273,110.3870171,G050-013284,True,2022
P-H07-W007,P-H07,WORK,ko,0.603050438172689,1,R,0.03392608713,84.65838753,G050-013284,True,2022
P-H07-W007,P-H07,WORK,seismic_energy_J_m2,7.5,J/m2,R,2.637677898,39.61298292,G050-013284,True,2022
P-H07-W007,P-H07,WORK,fill_density,0.561983466148376,1,C/R,0.08,19.14095754,G050-013284,True,2022
P-H07-W007,P-H07,WORK,fault_distance_m,195.290042101521,m,C/R,25,19.14095754,G050-013284,True,2022
P-H07-W007,P-H07,WORK,lithology,sylvinite,category,D,,0,G050-013284,True,2022
P-H07-W007,P-H07,WORK,terrain_TRI_relative,,relative,C/R,0.1,19.14095754,G050-013284,True,2022
P-H07-W007,P-H07,WORK,terrain_roughness_relative,,relative,C/R,0.1,19.14095754,G050-013284,True,2022
P-H07-REF-B,P-H07,REF,settlement_anchor_map_mm,0.0,mm,S_REF,0,0,,False,2022
P-H07-REF-B,P-H07,REF,kzt,0.1,1,S_REF,,0,,True,2022
P-H07-REF-B,P-H07,REF,ko,0.3,1,S_REF,,0,,True,2022
P-H07-REF-B,P-H07,REF,seismic_energy_J_m2,0.0,J/m2,S_REF,,0,,True,2022
P-H07-REF-B,P-H07,REF,fill_density,0.0,1,S_REF,,0,,True,2022
P-H07-REF-B,P-H07,REF,fault_distance_m,9999.0,m,S_REF,,0,,True,2022
P-H07-REF-B,P-H07,REF,lithology,stable_external_reference,category,S_REF,,0,,True,2022
P-H07-REF-B,P-H07,REF,terrain_TRI_relative,,relative,S_REF,,0,,True,2022
P-H07-REF-B,P-H07,REF,terrain_roughness_relative,,relative,S_REF,,0,,True,2022
P-V01-REF-A,P-V01,REF,settlement_anchor_map_mm,0.0,mm,S_REF,0,0,,False,2022
P-V01-REF-A,P-V01,REF,kzt,0.1,1,S_REF,,0,,True,2022
P-V01-REF-A,P-V01,REF,ko,0.3,1,S_REF,,0,,True,2022
P-V01-REF-A,P-V01,REF,seismic_energy_J_m2,0.0,J/m2,S_REF,,0,,True,2022
P-V01-REF-A,P-V01,REF,fill_density,0.0,1,S_REF,,0,,True,2022
P-V01-REF-A,P-V01,REF,fault_distance_m,9999.0,m,S_REF,,0,,True,2022
P-V01-REF-A,P-V01,REF,lithology,stable_external_reference,category,S_REF,,0,,True,2022
P-V01-REF-A,P-V01,REF,terrain_TRI_relative,,relative,S_REF,,0,,True,2022
P-V01-REF-A,P-V01,REF,terrain_roughness_relative,,relative,S_REF,,0,,True,2022
P-V01-W001,P-V01,WORK,settlement_anchor_map_mm,176.712328767123,mm,D,32.65068493,0,G050-001187,False,2022
P-V01-W001,P-V01,WORK,kzt,0.587150837988827,1,D,0.032,0,G050-001187,True,2022
P-V01-W001,P-V01,WORK,ko,0.387988826815642,1,D,0.014,0,G050-001187,True,2022
P-V01-W001,P-V01,WORK,seismic_energy_J_m2,27.5,J/m2,D,1.2,0,G050-001187,True,2022
P-V01-W001,P-V01,WORK,fill_density,0.834710717201233,1,C/R,0.08,18.48771246,G050-001187,True,2022
P-V01-W001,P-V01,WORK,fault_distance_m,196.553140125084,m,C/R,25,18.48771246,G050-001187,True,2022
P-V01-W001,P-V01,WORK,lithology,carnallite,category,D,,0,G050-001187,True,2022
P-V01-W001,P-V01,WORK,terrain_TRI_relative,,relative,C/R,0.1,18.48771246,G050-001187,True,2022
P-V01-W001,P-V01,WORK,terrain_roughness_relative,,relative,C/R,0.1,18.48771246,G050-001187,True,2022
P-V01-W002,P-V01,WORK,settlement_anchor_map_mm,176.712328767123,mm,D,32.65068493,0,G050-001189,False,2022
P-V01-W002,P-V01,WORK,kzt,0.587150837988827,1,D,0.032,0,G050-001189,True,2022
P-V01-W002,P-V01,WORK,ko,0.387988826815642,1,D,0.014,0,G050-001189,True,2022
P-V01-W002,P-V01,WORK,seismic_energy_J_m2,27.5,J/m2,D,1.2,0,G050-001189,True,2022
P-V01-W002,P-V01,WORK,fill_density,0.884297549724579,1,C/R,0.08,12.51948061,G050-001189,True,2022
P-V01-W002,P-V01,WORK,fault_distance_m,171.439343165381,m,C/R,25,12.51948061,G050-001189,True,2022
P-V01-W002,P-V01,WORK,lithology,carnallite,category,D,,0,G050-001189,True,2022
P-V01-W002,P-V01,WORK,terrain_TRI_relative,,relative,C/R,0.1,12.51948061,G050-001189,True,2022
P-V01-W002,P-V01,WORK,terrain_roughness_relative,,relative,C/R,0.1,12.51948061,G050-001189,True,2022
P-V01-W003,P-V01,WORK,settlement_anchor_map_mm,176.712328767123,mm,D,32.65068493,0,G050-001191,False,2022
P-V01-W003,P-V01,WORK,kzt,0.573743016759777,1,D,0.032,0,G050-001191,True,2022
P-V01-W003,P-V01,WORK,ko,0.387988826815642,1,D,0.014,0,G050-001191,True,2022
P-V01-W003,P-V01,WORK,seismic_energy_J_m2,27.5,J/m2,D,1.2,0,G050-001191,True,2022
P-V01-W003,P-V01,WORK,fill_density,0.834710717201233,1,C/R,0.08,22.88379061,G050-001191,True,2022
P-V01-W003,P-V01,WORK,fault_distance_m,79.9730616157911,m,C/R,25,22.88379061,G050-001191,True,2022
P-V01-W003,P-V01,WORK,lithology,carnallite,category,D,,0,G050-001191,True,2022
P-V01-W003,P-V01,WORK,terrain_TRI_relative,,relative,C/R,0.1,22.88379061,G050-001191,True,2022
P-V01-W003,P-V01,WORK,terrain_roughness_relative,,relative,C/R,0.1,22.88379061,G050-001191,True,2022
P-V01-W004,P-V01,WORK,settlement_anchor_map_mm,215.981735159817,mm,D,33.23972603,0,G050-001193,False,2022
P-V01-W004,P-V01,WORK,kzt,0.587150837988827,1,D,0.032,0,G050-001193,True,2022
P-V01-W004,P-V01,WORK,ko,0.387988826815642,1,D,0.014,0,G050-001193,True,2022
P-V01-W004,P-V01,WORK,seismic_energy_J_m2,27.5,J/m2,D,1.2,0,G050-001193,True,2022
P-V01-W004,P-V01,WORK,fill_density,0.851239681243896,1,C/R,0.08,24.71664101,G050-001193,True,2022
P-V01-W004,P-V01,WORK,fault_distance_m,11.4932199337986,m,C/R,25,24.71664101,G050-001193,True,2022
P-V01-W004,P-V01,WORK,lithology,carnallite,category,D,,0,G050-001193,True,2022
P-V01-W004,P-V01,WORK,terrain_TRI_relative,,relative,C/R,0.1,24.71664101,G050-001193,True,2022
P-V01-W004,P-V01,WORK,terrain_roughness_relative,,relative,C/R,0.1,24.71664101,G050-001193,True,2022
P-V01-W005,P-V01,WORK,settlement_anchor_map_mm,903.196347031963,mm,D,43.54794521,0,G050-001195,False,2022
P-V01-W005,P-V01,WORK,kzt,0.587150837988827,1,D,0.032,0,G050-001195,True,2022
P-V01-W005,P-V01,WORK,ko,0.382122905027933,1,D,0.014,0,G050-001195,True,2022
P-V01-W005,P-V01,WORK,seismic_energy_J_m2,27.5,J/m2,D,1.2,0,G050-001195,True,2022
P-V01-W005,P-V01,WORK,fill_density,0.851239681243896,1,C/R,0.08,17.80064492,G050-001195,True,2022
P-V01-W005,P-V01,WORK,fault_distance_m,102.959501483388,m,C/R,25,17.80064492,G050-001195,True,2022
P-V01-W005,P-V01,WORK,lithology,carnallite,category,D,,0,G050-001195,True,2022
P-V01-W005,P-V01,WORK,terrain_TRI_relative,,relative,C/R,0.1,17.80064492,G050-001195,True,2022
P-V01-W005,P-V01,WORK,terrain_roughness_relative,,relative,C/R,0.1,17.80064492,G050-001195,True,2022
P-V01-W006,P-V01,WORK,settlement_anchor_map_mm,431.963470319634,mm,D,36.47945205,0,G050-001197,False,2022
P-V01-W006,P-V01,WORK,kzt,0.600558659217877,1,D,0.032,0,G050-001197,True,2022
P-V01-W006,P-V01,WORK,ko,0.387988826815642,1,D,0.014,0,G050-001197,True,2022
P-V01-W006,P-V01,WORK,seismic_energy_J_m2,27.5,J/m2,D,1.2,0,G050-001197,True,2022
P-V01-W006,P-V01,WORK,fill_density,0.826446294784546,1,C/R,0.08,13.17799028,G050-001197,True,2022
P-V01-W006,P-V01,WORK,fault_distance_m,194.425783032978,m,C/R,25,13.17799028,G050-001197,True,2022
P-V01-W006,P-V01,WORK,lithology,carnallite,category,D,,0,G050-001197,True,2022
P-V01-W006,P-V01,WORK,terrain_TRI_relative,,relative,C/R,0.1,13.17799028,G050-001197,True,2022
P-V01-W006,P-V01,WORK,terrain_roughness_relative,,relative,C/R,0.1,13.17799028,G050-001197,True,2022
P-V01-W007,P-V01,WORK,settlement_anchor_map_mm,431.963470319634,mm,D,36.47945205,0,G050-001199,False,2022
P-V01-W007,P-V01,WORK,kzt,0.600558659217877,1,D,0.032,0,G050-001199,True,2022
P-V01-W007,P-V01,WORK,ko,0.387988826815642,1,D,0.014,0,G050-001199,True,2022
P-V01-W007,P-V01,WORK,seismic_energy_J_m2,27.5,J/m2,D,1.2,0,G050-001199,True,2022
P-V01-W007,P-V01,WORK,fill_density,0.842975199222565,1,C/R,0.08,18.31833337,G050-001199,True,2022
P-V01-W007,P-V01,WORK,fault_distance_m,275.387872674686,m,C/R,25,18.31833337,G050-001199,True,2022
P-V01-W007,P-V01,WORK,lithology,carnallite,category,D,,0,G050-001199,True,2022
P-V01-W007,P-V01,WORK,terrain_TRI_relative,,relative,C/R,0.1,18.31833337,G050-001199,True,2022
P-V01-W007,P-V01,WORK,terrain_roughness_relative,,relative,C/R,0.1,18.31833337,G050-001199,True,2022
P-V01-REF-B,P-V01,REF,settlement_anchor_map_mm,0.0,mm,S_REF,0,0,,False,2022
P-V01-REF-B,P-V01,REF,kzt,0.1,1,S_REF,,0,,True,2022
P-V01-REF-B,P-V01,REF,ko,0.3,1,S_REF,,0,,True,2022
P-V01-REF-B,P-V01,REF,seismic_energy_J_m2,0.0,J/m2,S_REF,,0,,True,2022
P-V01-REF-B,P-V01,REF,fill_density,0.0,1,S_REF,,0,,True,2022
P-V01-REF-B,P-V01,REF,fault_distance_m,9999.0,m,S_REF,,0,,True,2022
P-V01-REF-B,P-V01,REF,lithology,stable_external_reference,category,S_REF,,0,,True,2022
P-V01-REF-B,P-V01,REF,terrain_TRI_relative,,relative,S_REF,,0,,True,2022
P-V01-REF-B,P-V01,REF,terrain_roughness_relative,,relative,S_REF,,0,,True,2022
P-V02-REF-A,P-V02,REF,settlement_anchor_map_mm,0.0,mm,S_REF,0,0,,False,2022
P-V02-REF-A,P-V02,REF,kzt,0.1,1,S_REF,,0,,True,2022
P-V02-REF-A,P-V02,REF,ko,0.3,1,S_REF,,0,,True,2022
P-V02-REF-A,P-V02,REF,seismic_energy_J_m2,0.0,J/m2,S_REF,,0,,True,2022
P-V02-REF-A,P-V02,REF,fill_density,0.0,1,S_REF,,0,,True,2022
P-V02-REF-A,P-V02,REF,fault_distance_m,9999.0,m,S_REF,,0,,True,2022
P-V02-REF-A,P-V02,REF,lithology,stable_external_reference,category,S_REF,,0,,True,2022
P-V02-REF-A,P-V02,REF,terrain_TRI_relative,,relative,S_REF,,0,,True,2022
P-V02-REF-A,P-V02,REF,terrain_roughness_relative,,relative,S_REF,,0,,True,2022
P-V02-W001,P-V02,WORK,settlement_anchor_map_mm,333.789954337899,mm,D,35.00684932,0,G050-003166,False,2022
P-V02-W001,P-V02,WORK,kzt,0.587150837988827,1,D,0.032,0,G050-003166,True,2022
P-V02-W001,P-V02,WORK,ko,0.495530726256983,1,D,0.014,0,G050-003166,True,2022
P-V02-W001,P-V02,WORK,seismic_energy_J_m2,7.5,J/m2,D,1.2,0,G050-003166,True,2022
P-V02-W001,P-V02,WORK,fill_density,0.892561972141266,1,C/R,0.08,18.27914303,G050-003166,True,2022
P-V02-W001,P-V02,WORK,fault_distance_m,98.0892182051995,m,C/R,25,18.27914303,G050-003166,True,2022
P-V02-W001,P-V02,WORK,lithology,carnallite,category,D,,0,G050-003166,True,2022
P-V02-W001,P-V02,WORK,terrain_TRI_relative,0.166666666666667,relative,C/R,0.1,18.27914303,G050-003166,True,2022
P-V02-W001,P-V02,WORK,terrain_roughness_relative,0.288888888888889,relative,C/R,0.1,18.27914303,G050-003166,True,2022
P-V02-W002,P-V02,WORK,settlement_anchor_map_mm,314.155251141553,mm,D,34.71232877,0,G050-003167,False,2022
P-V02-W002,P-V02,WORK,kzt,0.587150837988827,1,D,0.032,0,G050-003167,True,2022
P-V02-W002,P-V02,WORK,ko,0.495530726256983,1,D,0.014,0,G050-003167,True,2022
P-V02-W002,P-V02,WORK,seismic_energy_J_m2,7.5,J/m2,D,1.2,0,G050-003167,True,2022
P-V02-W002,P-V02,WORK,fill_density,0.892561972141266,1,C/R,0.08,33.9050644,G050-003167,True,2022
P-V02-W002,P-V02,WORK,fault_distance_m,64.9754912972371,m,C/R,25,33.9050644,G050-003167,True,2022
P-V02-W002,P-V02,WORK,lithology,replacement_rock_salt,category,R,,26.39603694,G050-003167,True,2022
P-V02-W002,P-V02,WORK,terrain_TRI_relative,,relative,C/R,0.1,33.9050644,G050-003167,True,2022
P-V02-W002,P-V02,WORK,terrain_roughness_relative,,relative,C/R,0.1,33.9050644,G050-003167,True,2022
P-V02-W003,P-V02,WORK,settlement_anchor_map_mm,39.2694063926938,mm,D,30.5890411,0,G050-003089,False,2022
P-V02-W003,P-V02,WORK,kzt,0.402564713212284,1,R,0.072,50,G050-003089,True,2022
P-V02-W003,P-V02,WORK,ko,0.479888268156425,1,D,0.014,0,G050-003089,True,2022
P-V02-W003,P-V02,WORK,seismic_energy_J_m2,7.5,J/m2,D,1.2,0,G050-003089,True,2022
P-V02-W003,P-V02,WORK,fill_density,0.876033067703247,1,C/R,0.08,25.68549231,G050-003089,True,2022
P-V02-W003,P-V02,WORK,fault_distance_m,38.1462750941436,m,C/R,25,25.68549231,G050-003089,True,2022
P-V02-W003,P-V02,WORK,lithology,replacement_rock_salt,category,D,,0,G050-003089,True,2022
P-V02-W003,P-V02,WORK,terrain_TRI_relative,0.0444444444444444,relative,C/R,0.1,25.68549231,G050-003089,True,2022
P-V02-W003,P-V02,WORK,terrain_roughness_relative,0.0679738562091504,relative,C/R,0.1,25.68549231,G050-003089,True,2022
P-V02-W004,P-V02,WORK,settlement_anchor_map_mm,78.5388127853876,mm,D,31.17808219,0,G050-003090,False,2022
P-V02-W004,P-V02,WORK,kzt,0.323463687150838,1,D,0.032,0,G050-003090,True,2022
P-V02-W004,P-V02,WORK,ko,0.442737430167598,1,D,0.014,0,G050-003090,True,2022
P-V02-W004,P-V02,WORK,seismic_energy_J_m2,7.5,J/m2,D,1.2,0,G050-003090,True,2022
P-V02-W004,P-V02,WORK,fill_density,0.859504103660583,1,C/R,0.08,25.91162928,G050-003090,True,2022
P-V02-W004,P-V02,WORK,fault_distance_m,4.76784068658537,m,C/R,25,25.91162928,G050-003090,True,2022
P-V02-W004,P-V02,WORK,lithology,carnallite,category,D,,0,G050-003090,True,2022
P-V02-W004,P-V02,WORK,terrain_TRI_relative,0.327777777777778,relative,C/R,0.1,25.91162928,G050-003090,True,2022
P-V02-W004,P-V02,WORK,terrain_roughness_relative,0.832679738562092,relative,C/R,0.1,25.91162928,G050-003090,True,2022
P-V02-W005,P-V02,WORK,settlement_anchor_map_mm,314.155251141553,mm,D,34.71232877,0,G050-003091,False,2022
P-V02-W005,P-V02,WORK,kzt,0.542458100558659,1,D,0.032,0,G050-003091,True,2022
P-V02-W005,P-V02,WORK,ko,0.409497206703911,1,D,0.014,0,G050-003091,True,2022
P-V02-W005,P-V02,WORK,seismic_energy_J_m2,7.5,J/m2,D,1.2,0,G050-003091,True,2022
P-V02-W005,P-V02,WORK,fill_density,0.834710717201233,1,C/R,0.08,25.85881559,G050-003091,True,2022
P-V02-W005,P-V02,WORK,fault_distance_m,15.2165828176424,m,C/R,25,25.85881559,G050-003091,True,2022
P-V02-W005,P-V02,WORK,lithology,carnallite,category,D,,0,G050-003091,True,2022
P-V02-W005,P-V02,WORK,terrain_TRI_relative,0.233333333333333,relative,C/R,0.1,25.85881559,G050-003091,True,2022
P-V02-W005,P-V02,WORK,terrain_roughness_relative,0.349019607843137,relative,C/R,0.1,25.85881559,G050-003091,True,2022
P-V02-W006,P-V02,WORK,settlement_anchor_map_mm,333.789954337899,mm,D,35.00684932,0,G050-003173,False,2022
P-V02-W006,P-V02,WORK,kzt,0.542458100558659,1,D,0.032,0,G050-003173,True,2022
P-V02-W006,P-V02,WORK,ko,0.65,1,D,0.014,0,G050-003173,True,2022
P-V02-W006,P-V02,WORK,seismic_energy_J_m2,7.5,J/m2,D,1.2,0,G050-003173,True,2022
P-V02-W006,P-V02,WORK,fill_density,0.909090936183929,1,C/R,0.08,16.869605,G050-003173,True,2022
P-V02-W006,P-V02,WORK,fault_distance_m,66.3613646428134,m,C/R,25,16.869605,G050-003173,True,2022
P-V02-W006,P-V02,WORK,lithology,carnallite,category,D,,0,G050-003173,True,2022
P-V02-W006,P-V02,WORK,terrain_TRI_relative,0.305555555555556,relative,C/R,0.1,16.869605,G050-003173,True,2022
P-V02-W006,P-V02,WORK,terrain_roughness_relative,0.588235294117647,relative,C/R,0.1,16.869605,G050-003173,True,2022
P-V02-W007,P-V02,WORK,settlement_anchor_map_mm,117.808219178082,mm,D,31.76712329,0,G050-003174,False,2022
P-V02-W007,P-V02,WORK,kzt,0.537988826815642,1,D,0.032,0,G050-003174,True,2022
P-V02-W007,P-V02,WORK,ko,0.407541899441341,1,D,0.014,0,G050-003174,True,2022
P-V02-W007,P-V02,WORK,seismic_energy_J_m2,7.5,J/m2,D,1.2,0,G050-003174,True,2022
P-V02-W007,P-V02,WORK,fill_density,0.925619840621948,1,C/R,0.08,26.85512828,G050-003174,True,2022
P-V02-W007,P-V02,WORK,fault_distance_m,101.796762171313,m,C/R,25,26.85512828,G050-003174,True,2022
P-V02-W007,P-V02,WORK,lithology,carnallite,category,D,,0,G050-003174,True,2022
P-V02-W007,P-V02,WORK,terrain_TRI_relative,0.322222222222222,relative,C/R,0.1,26.85512828,G050-003174,True,2022
P-V02-W007,P-V02,WORK,terrain_roughness_relative,0.615686274509804,relative,C/R,0.1,26.85512828,G050-003174,True,2022
P-V02-REF-B,P-V02,REF,settlement_anchor_map_mm,0.0,mm,S_REF,0,0,,False,2022
P-V02-REF-B,P-V02,REF,kzt,0.1,1,S_REF,,0,,True,2022
P-V02-REF-B,P-V02,REF,ko,0.3,1,S_REF,,0,,True,2022
P-V02-REF-B,P-V02,REF,seismic_energy_J_m2,0.0,J/m2,S_REF,,0,,True,2022
P-V02-REF-B,P-V02,REF,fill_density,0.0,1,S_REF,,0,,True,2022
P-V02-REF-B,P-V02,REF,fault_distance_m,9999.0,m,S_REF,,0,,True,2022
P-V02-REF-B,P-V02,REF,lithology,stable_external_reference,category,S_REF,,0,,True,2022
P-V02-REF-B,P-V02,REF,terrain_TRI_relative,,relative,S_REF,,0,,True,2022
P-V02-REF-B,P-V02,REF,terrain_roughness_relative,,relative,S_REF,,0,,True,2022
P-V03-REF-A,P-V03,REF,settlement_anchor_map_mm,0.0,mm,S_REF,0,0,,False,2022
P-V03-REF-A,P-V03,REF,kzt,0.1,1,S_REF,,0,,True,2022
P-V03-REF-A,P-V03,REF,ko,0.3,1,S_REF,,0,,True,2022
P-V03-REF-A,P-V03,REF,seismic_energy_J_m2,0.0,J/m2,S_REF,,0,,True,2022
P-V03-REF-A,P-V03,REF,fill_density,0.0,1,S_REF,,0,,True,2022
P-V03-REF-A,P-V03,REF,fault_distance_m,9999.0,m,S_REF,,0,,True,2022
P-V03-REF-A,P-V03,REF,lithology,stable_external_reference,category,S_REF,,0,,True,2022
P-V03-REF-A,P-V03,REF,terrain_TRI_relative,,relative,S_REF,,0,,True,2022
P-V03-REF-A,P-V03,REF,terrain_roughness_relative,,relative,S_REF,,0,,True,2022
P-V03-W001,P-V03,WORK,settlement_anchor_map_mm,490.867579908675,mm,D,37.3630137,0,G050-005534,False,2022
P-V03-W001,P-V03,WORK,kzt,0.475266571165867,1,R,0.072,50,G050-005534,True,2022
P-V03-W001,P-V03,WORK,ko,0.495530726256983,1,D,0.014,0,G050-005534,True,2022
P-V03-W001,P-V03,WORK,seismic_energy_J_m2,7.5,J/m2,D,1.2,0,G050-005534,True,2022
P-V03-W001,P-V03,WORK,fill_density,0.793388426303864,1,C/R,0.08,29.88107122,G050-005534,True,2022
P-V03-W001,P-V03,WORK,fault_distance_m,365.126021095514,m,C/R,25,29.88107122,G050-005534,True,2022
P-V03-W001,P-V03,WORK,lithology,mixed_salts,category,R,,50,G050-005534,True,2022
P-V03-W001,P-V03,WORK,terrain_TRI_relative,0.355555555555556,relative,C/R,0.1,29.88107122,G050-005534,True,2022
P-V03-W001,P-V03,WORK,terrain_roughness_relative,0.464052287581699,relative,C/R,0.1,29.88107122,G050-005534,True,2022
P-V03-W002,P-V03,WORK,settlement_anchor_map_mm,510.502283105023,mm,D,37.65753425,0,G050-005535,False,2022
P-V03-W002,P-V03,WORK,kzt,0.497765363128492,1,D,0.032,0,G050-005535,True,2022
P-V03-W002,P-V03,WORK,ko,0.495530726256983,1,D,0.014,0,G050-005535,True,2022
P-V03-W002,P-V03,WORK,seismic_energy_J_m2,7.5,J/m2,D,1.2,0,G050-005535,True,2022
P-V03-W002,P-V03,WORK,fill_density,0.809917330741882,1,C/R,0.08,19.14760099,G050-005535,True,2022
P-V03-W002,P-V03,WORK,fault_distance_m,362.549999758179,m,C/R,25,19.14760099,G050-005535,True,2022
P-V03-W002,P-V03,WORK,lithology,mixed_salts,category,D,,0,G050-005535,True,2022
P-V03-W002,P-V03,WORK,terrain_TRI_relative,0.394444444444444,relative,C/R,0.1,19.14760099,G050-005535,True,2022
P-V03-W002,P-V03,WORK,terrain_roughness_relative,0.580392156862745,relative,C/R,0.1,19.14760099,G050-005535,True,2022
P-V03-W003,P-V03,WORK,settlement_anchor_map_mm,1374.42922374429,mm,D,50.61643836,0,G050-005536,False,2022
P-V03-W003,P-V03,WORK,kzt,0.484357541899441,1,D,0.032,0,G050-005536,True,2022
P-V03-W003,P-V03,WORK,ko,0.495530726256983,1,D,0.014,0,G050-005536,True,2022
P-V03-W003,P-V03,WORK,seismic_energy_J_m2,7.5,J/m2,R,2.7,50,G050-005536,True,2022
P-V03-W003,P-V03,WORK,fill_density,0.842975199222565,1,C/R,0.08,14.28064128,G050-005536,True,2022
P-V03-W003,P-V03,WORK,fault_distance_m,359.973978420844,m,C/R,25,14.28064128,G050-005536,True,2022
P-V03-W003,P-V03,WORK,lithology,mixed_salts,category,D,,0,G050-005536,True,2022
P-V03-W003,P-V03,WORK,terrain_TRI_relative,0.338888888888889,relative,C/R,0.1,14.28064128,G050-005536,True,2022
P-V03-W003,P-V03,WORK,terrain_roughness_relative,0.677124183006536,relative,C/R,0.1,14.28064128,G050-005536,True,2022
P-V03-W004,P-V03,WORK,settlement_anchor_map_mm,1668.9497716895,mm,D,55.03424658,0,G050-005537,False,2022
P-V03-W004,P-V03,WORK,kzt,0.452995210078962,1,R,0.072,50,G050-005537,True,2022
P-V03-W004,P-V03,WORK,ko,0.495530726256983,1,D,0.014,0,G050-005537,True,2022
P-V03-W004,P-V03,WORK,seismic_energy_J_m2,7.5,J/m2,D,1.2,0,G050-005537,True,2022
P-V03-W004,P-V03,WORK,fill_density,0.892561972141266,1,C/R,0.08,17.59189542,G050-005537,True,2022
P-V03-W004,P-V03,WORK,fault_distance_m,357.397957083509,m,C/R,25,17.59189542,G050-005537,True,2022
P-V03-W004,P-V03,WORK,lithology,mixed_salts,category,D,,0,G050-005537,True,2022
P-V03-W004,P-V03,WORK,terrain_TRI_relative,0.227777777777778,relative,C/R,0.1,17.59189542,G050-005537,True,2022
P-V03-W004,P-V03,WORK,terrain_roughness_relative,0.350326797385621,relative,C/R,0.1,17.59189542,G050-005537,True,2022
P-V03-W005,P-V03,WORK,settlement_anchor_map_mm,471.232876712329,mm,D,37.06849315,0,G050-005538,False,2022
P-V03-W005,P-V03,WORK,kzt,0.410750534489897,1,R,0.072,50,G050-005538,True,2022
P-V03-W005,P-V03,WORK,ko,0.618715083798883,1,D,0.014,0,G050-005538,True,2022
P-V03-W005,P-V03,WORK,seismic_energy_J_m2,7.5,J/m2,D,1.2,0,G050-005538,True,2022
P-V03-W005,P-V03,WORK,fill_density,0.909090936183929,1,C/R,0.08,26.17977193,G050-005538,True,2022
P-V03-W005,P-V03,WORK,fault_distance_m,354.821935746175,m,C/R,25,26.17977193,G050-005538,True,2022
P-V03-W005,P-V03,WORK,lithology,mixed_salts,category,D,,0,G050-005538,True,2022
P-V03-W005,P-V03,WORK,terrain_TRI_relative,0.316666666666667,relative,C/R,0.1,26.17977193,G050-005538,True,2022
P-V03-W005,P-V03,WORK,terrain_roughness_relative,0.471895424836601,relative,C/R,0.1,26.17977193,G050-005538,True,2022
P-V03-W006,P-V03,WORK,settlement_anchor_map_mm,431.963470319634,mm,D,36.47945205,0,G050-005539,False,2022
P-V03-W006,P-V03,WORK,kzt,0.412233908242754,1,R,0.072,50,G050-005539,True,2022
P-V03-W006,P-V03,WORK,ko,0.495530726256983,1,D,0.014,0,G050-005539,True,2022
P-V03-W006,P-V03,WORK,seismic_energy_J_m2,7.5,J/m2,D,1.2,0,G050-005539,True,2022
P-V03-W006,P-V03,WORK,fill_density,0.867768585681915,1,C/R,0.08,17.94016703,G050-005539,True,2022
P-V03-W006,P-V03,WORK,fault_distance_m,352.24591440884,m,C/R,25,17.94016703,G050-005539,True,2022
P-V03-W006,P-V03,WORK,lithology,carnallite,category,D,,0,G050-005539,True,2022
P-V03-W006,P-V03,WORK,terrain_TRI_relative,0.0666666666666667,relative,C/R,0.1,17.94016703,G050-005539,True,2022
P-V03-W006,P-V03,WORK,terrain_roughness_relative,0.124183006535948,relative,C/R,0.1,17.94016703,G050-005539,True,2022
P-V03-W007,P-V03,WORK,settlement_anchor_map_mm,215.981735159817,mm,D,33.23972603,0,G050-005540,False,2022
P-V03-W007,P-V03,WORK,kzt,0.399672160948046,1,R,0.072,50,G050-005540,True,2022
P-V03-W007,P-V03,WORK,ko,0.495530726256983,1,D,0.014,0,G050-005540,True,2022
P-V03-W007,P-V03,WORK,seismic_energy_J_m2,7.5,J/m2,R,2.618103524,36.35058729,G050-005540,True,2022
P-V03-W007,P-V03,WORK,fill_density,0.867768585681915,1,C/R,0.08,17.6103009,G050-005540,True,2022
P-V03-W007,P-V03,WORK,fault_distance_m,350.373116638985,m,C/R,25,17.6103009,G050-005540,True,2022
P-V03-W007,P-V03,WORK,lithology,replacement_rock_salt,category,D,,0,G050-005540,True,2022
P-V03-W007,P-V03,WORK,terrain_TRI_relative,0.161111111111111,relative,C/R,0.1,17.6103009,G050-005540,True,2022
P-V03-W007,P-V03,WORK,terrain_roughness_relative,0.27843137254902,relative,C/R,0.1,17.6103009,G050-005540,True,2022
P-V03-REF-B,P-V03,REF,settlement_anchor_map_mm,0.0,mm,S_REF,0,0,,False,2022
P-V03-REF-B,P-V03,REF,kzt,0.1,1,S_REF,,0,,True,2022
P-V03-REF-B,P-V03,REF,ko,0.3,1,S_REF,,0,,True,2022
P-V03-REF-B,P-V03,REF,seismic_energy_J_m2,0.0,J/m2,S_REF,,0,,True,2022
P-V03-REF-B,P-V03,REF,fill_density,0.0,1,S_REF,,0,,True,2022
P-V03-REF-B,P-V03,REF,fault_distance_m,9999.0,m,S_REF,,0,,True,2022
P-V03-REF-B,P-V03,REF,lithology,stable_external_reference,category,S_REF,,0,,True,2022
P-V03-REF-B,P-V03,REF,terrain_TRI_relative,,relative,S_REF,,0,,True,2022
P-V03-REF-B,P-V03,REF,terrain_roughness_relative,,relative,S_REF,,0,,True,2022
P-V04-REF-A,P-V04,REF,settlement_anchor_map_mm,0.0,mm,S_REF,0,0,,False,2022
P-V04-REF-A,P-V04,REF,kzt,0.1,1,S_REF,,0,,True,2022
P-V04-REF-A,P-V04,REF,ko,0.3,1,S_REF,,0,,True,2022
P-V04-REF-A,P-V04,REF,seismic_energy_J_m2,0.0,J/m2,S_REF,,0,,True,2022
P-V04-REF-A,P-V04,REF,fill_density,0.0,1,S_REF,,0,,True,2022
P-V04-REF-A,P-V04,REF,fault_distance_m,9999.0,m,S_REF,,0,,True,2022
P-V04-REF-A,P-V04,REF,lithology,stable_external_reference,category,S_REF,,0,,True,2022
P-V04-REF-A,P-V04,REF,terrain_TRI_relative,,relative,S_REF,,0,,True,2022
P-V04-REF-A,P-V04,REF,terrain_roughness_relative,,relative,S_REF,,0,,True,2022
P-V04-W001,P-V04,WORK,settlement_anchor_map_mm,196.34703196347,mm,D,32.94520548,0,G050-008646,False,2022
P-V04-W001,P-V04,WORK,kzt,0.287709497206704,1,D,0.032,0,G050-008646,True,2022
P-V04-W001,P-V04,WORK,ko,0.307821229050279,1,D,0.014,0,G050-008646,True,2022
P-V04-W001,P-V04,WORK,seismic_energy_J_m2,27.5,J/m2,D,1.2,0,G050-008646,True,2022
P-V04-W001,P-V04,WORK,fill_density,0.900826454162598,1,C/R,0.08,22.9325544,G050-008646,True,2022
P-V04-W001,P-V04,WORK,fault_distance_m,460.573557228131,m,C/R,25,22.9325544,G050-008646,True,2022
P-V04-W001,P-V04,WORK,lithology,carnallite,category,D,,0,G050-008646,True,2022
P-V04-W001,P-V04,WORK,terrain_TRI_relative,0.0166666666666667,relative,C/R,0.1,22.9325544,G050-008646,True,2022
P-V04-W001,P-V04,WORK,terrain_roughness_relative,0.0522875816993464,relative,C/R,0.1,22.9325544,G050-008646,True,2022
P-V04-W002,P-V04,WORK,settlement_anchor_map_mm,196.34703196347,mm,D,32.94520548,0,G050-008646,False,2022
P-V04-W002,P-V04,WORK,kzt,0.287709497206704,1,D,0.032,0,G050-008646,True,2022
P-V04-W002,P-V04,WORK,ko,0.307821229050279,1,D,0.014,0,G050-008646,True,2022
P-V04-W002,P-V04,WORK,seismic_energy_J_m2,27.5,J/m2,D,1.2,0,G050-008646,True,2022
P-V04-W002,P-V04,WORK,fill_density,0.900826454162598,1,C/R,0.08,18.75403407,G050-008646,True,2022
P-V04-W002,P-V04,WORK,fault_distance_m,460.573557228131,m,C/R,25,18.75403407,G050-008646,True,2022
P-V04-W002,P-V04,WORK,lithology,carnallite,category,D,,0,G050-008646,True,2022
P-V04-W002,P-V04,WORK,terrain_TRI_relative,0.0166666666666667,relative,C/R,0.1,18.75403407,G050-008646,True,2022
P-V04-W002,P-V04,WORK,terrain_roughness_relative,0.0522875816993464,relative,C/R,0.1,18.75403407,G050-008646,True,2022
P-V04-W003,P-V04,WORK,settlement_anchor_map_mm,196.34703196347,mm,D,32.94520548,0,G050-008648,False,2022
P-V04-W003,P-V04,WORK,kzt,0.238547486033519,1,D,0.032,0,G050-008648,True,2022
P-V04-W003,P-V04,WORK,ko,0.327374301675978,1,D,0.014,0,G050-008648,True,2022
P-V04-W003,P-V04,WORK,seismic_energy_J_m2,27.5,J/m2,D,1.2,0,G050-008648,True,2022
P-V04-W003,P-V04,WORK,fill_density,0.826446294784546,1,C/R,0.08,6.570205917,G050-008648,True,2022
P-V04-W003,P-V04,WORK,fault_distance_m,513.635668466929,m,C/R,25,6.570205917,G050-008648,True,2022
P-V04-W003,P-V04,WORK,lithology,carnallite,category,D,,0,G050-008648,True,2022
P-V04-W003,P-V04,WORK,terrain_TRI_relative,0.505555555555556,relative,C/R,0.1,6.570205917,G050-008648,True,2022
P-V04-W003,P-V04,WORK,terrain_roughness_relative,0.359477124183006,relative,C/R,0.1,6.570205917,G050-008648,True,2022
P-V04-W004,P-V04,WORK,settlement_anchor_map_mm,333.789954337899,mm,D,35.00684932,0,G050-008650,False,2022
P-V04-W004,P-V04,WORK,kzt,0.234078212290503,1,D,0.032,0,G050-008650,True,2022
P-V04-W004,P-V04,WORK,ko,0.343016759776536,1,D,0.014,0,G050-008650,True,2022
P-V04-W004,P-V04,WORK,seismic_energy_J_m2,27.5,J/m2,D,1.2,0,G050-008650,True,2022
P-V04-W004,P-V04,WORK,fill_density,0.983471095561981,1,C/R,0.08,14.13404802,G050-008650,True,2022
P-V04-W004,P-V04,WORK,fault_distance_m,477.422491878379,m,C/R,25,14.13404802,G050-008650,True,2022
P-V04-W004,P-V04,WORK,lithology,carnallite,category,D,,0,G050-008650,True,2022
P-V04-W004,P-V04,WORK,terrain_TRI_relative,0.833333333333333,relative,C/R,0.1,14.13404802,G050-008650,True,2022
P-V04-W004,P-V04,WORK,terrain_roughness_relative,0.301960784313726,relative,C/R,0.1,14.13404802,G050-008650,True,2022
P-V04-W005,P-V04,WORK,settlement_anchor_map_mm,333.789954337899,mm,D,35.00684932,0,G050-008650,False,2022
P-V04-W005,P-V04,WORK,kzt,0.234078212290503,1,D,0.032,0,G050-008650,True,2022
P-V04-W005,P-V04,WORK,ko,0.343016759776536,1,D,0.014,0,G050-008650,True,2022
P-V04-W005,P-V04,WORK,seismic_energy_J_m2,27.5,J/m2,D,1.2,0,G050-008650,True,2022
P-V04-W005,P-V04,WORK,fill_density,0.983471095561981,1,C/R,0.08,10.58789191,G050-008650,True,2022
P-V04-W005,P-V04,WORK,fault_distance_m,477.422491878379,m,C/R,25,10.58789191,G050-008650,True,2022
P-V04-W005,P-V04,WORK,lithology,carnallite,category,D,,0,G050-008650,True,2022
P-V04-W005,P-V04,WORK,terrain_TRI_relative,0.833333333333333,relative,C/R,0.1,10.58789191,G050-008650,True,2022
P-V04-W005,P-V04,WORK,terrain_roughness_relative,0.301960784313726,relative,C/R,0.1,10.58789191,G050-008650,True,2022
P-V04-W006,P-V04,WORK,settlement_anchor_map_mm,235.616438356164,mm,D,33.53424658,0,G050-008651,False,2022
P-V04-W006,P-V04,WORK,kzt,0.220670391061452,1,D,0.032,0,G050-008651,True,2022
P-V04-W006,P-V04,WORK,ko,0.350837988826816,1,D,0.014,0,G050-008651,True,2022
P-V04-W006,P-V04,WORK,seismic_energy_J_m2,27.5,J/m2,D,1.2,0,G050-008651,True,2022
P-V04-W006,P-V04,WORK,fill_density,0.966942131519318,1,C/R,0.08,7.402876816,G050-008651,True,2022
P-V04-W006,P-V04,WORK,fault_distance_m,444.80129253628,m,C/R,25,7.402876816,G050-008651,True,2022
P-V04-W006,P-V04,WORK,lithology,carnallite,category,D,,0,G050-008651,True,2022
P-V04-W006,P-V04,WORK,terrain_TRI_relative,0.3,relative,C/R,0.1,7.402876816,G050-008651,True,2022
P-V04-W006,P-V04,WORK,terrain_roughness_relative,0.362091503267974,relative,C/R,0.1,7.402876816,G050-008651,True,2022
P-V04-W007,P-V04,WORK,settlement_anchor_map_mm,353.424657534246,mm,D,35.30136986,0,G050-008653,False,2022
P-V04-W007,P-V04,WORK,kzt,0.184916201117318,1,D,0.032,0,G050-008653,True,2022
P-V04-W007,P-V04,WORK,ko,0.65,1,D,0.014,0,G050-008653,True,2022
P-V04-W007,P-V04,WORK,seismic_energy_J_m2,26.3932793533762,J/m2,R,2.563371864,27.22864405,G050-008653,True,2022
P-V04-W007,P-V04,WORK,fill_density,0.942148745059967,1,C/R,0.08,2.939048606,G050-008653,True,2022
P-V04-W007,P-V04,WORK,fault_distance_m,394.415472684144,m,C/R,25,2.939048606,G050-008653,True,2022
P-V04-W007,P-V04,WORK,lithology,carnallite,category,D,,0,G050-008653,True,2022
P-V04-W007,P-V04,WORK,terrain_TRI_relative,0.216666666666667,relative,C/R,0.1,2.939048606,G050-008653,True,2022
P-V04-W007,P-V04,WORK,terrain_roughness_relative,0.281045751633987,relative,C/R,0.1,2.939048606,G050-008653,True,2022
P-V04-REF-B,P-V04,REF,settlement_anchor_map_mm,0.0,mm,S_REF,0,0,,False,2022
P-V04-REF-B,P-V04,REF,kzt,0.1,1,S_REF,,0,,True,2022
P-V04-REF-B,P-V04,REF,ko,0.3,1,S_REF,,0,,True,2022
P-V04-REF-B,P-V04,REF,seismic_energy_J_m2,0.0,J/m2,S_REF,,0,,True,2022
P-V04-REF-B,P-V04,REF,fill_density,0.0,1,S_REF,,0,,True,2022
P-V04-REF-B,P-V04,REF,fault_distance_m,9999.0,m,S_REF,,0,,True,2022
P-V04-REF-B,P-V04,REF,lithology,stable_external_reference,category,S_REF,,0,,True,2022
P-V04-REF-B,P-V04,REF,terrain_TRI_relative,,relative,S_REF,,0,,True,2022
P-V04-REF-B,P-V04,REF,terrain_roughness_relative,,relative,S_REF,,0,,True,2022
P-V05-REF-A,P-V05,REF,settlement_anchor_map_mm,0.0,mm,S_REF,0,0,,False,2022
P-V05-REF-A,P-V05,REF,kzt,0.1,1,S_REF,,0,,True,2022
P-V05-REF-A,P-V05,REF,ko,0.3,1,S_REF,,0,,True,2022
P-V05-REF-A,P-V05,REF,seismic_energy_J_m2,0.0,J/m2,S_REF,,0,,True,2022
P-V05-REF-A,P-V05,REF,fill_density,0.0,1,S_REF,,0,,True,2022
P-V05-REF-A,P-V05,REF,fault_distance_m,9999.0,m,S_REF,,0,,True,2022
P-V05-REF-A,P-V05,REF,lithology,stable_external_reference,category,S_REF,,0,,True,2022
P-V05-REF-A,P-V05,REF,terrain_TRI_relative,,relative,S_REF,,0,,True,2022
P-V05-REF-A,P-V05,REF,terrain_roughness_relative,,relative,S_REF,,0,,True,2022
P-V05-W001,P-V05,WORK,settlement_anchor_map_mm,1276.25570776256,mm,D,49.14383562,0,G050-011974,False,2022
P-V05-W001,P-V05,WORK,kzt,0.238547486033519,1,D,0.032,0,G050-011974,True,2022
P-V05-W001,P-V05,WORK,ko,0.65,1,D,0.014,0,G050-011974,True,2022
P-V05-W001,P-V05,WORK,seismic_energy_J_m2,7.5,J/m2,R,2.668461748,44.7436247,G050-011974,True,2022
P-V05-W001,P-V05,WORK,fill_density,0.677685976028442,1,C/R,0.08,19.94748616,G050-011974,True,2022
P-V05-W001,P-V05,WORK,fault_distance_m,696.262391746623,m,C/R,25,19.94748616,G050-011974,True,2022
P-V05-W001,P-V05,WORK,lithology,carnallite,category,D,,0,G050-011974,True,2022
P-V05-W001,P-V05,WORK,terrain_TRI_relative,0.377777777777778,relative,C/R,0.1,19.94748616,G050-011974,True,2022
P-V05-W001,P-V05,WORK,terrain_roughness_relative,0.70718954248366,relative,C/R,0.1,19.94748616,G050-011974,True,2022
P-V05-W002,P-V05,WORK,settlement_anchor_map_mm,1492.23744292237,mm,D,52.38356164,0,G050-011976,False,2022
P-V05-W002,P-V05,WORK,kzt,0.193854748603352,1,D,0.032,0,G050-011976,True,2022
P-V05-W002,P-V05,WORK,ko,0.65,1,D,0.014,0,G050-011976,True,2022
P-V05-W002,P-V05,WORK,seismic_energy_J_m2,7.5,J/m2,D,1.2,0,G050-011976,True,2022
P-V05-W002,P-V05,WORK,fill_density,0.611570239067078,1,C/R,0.08,17.95823149,G050-011976,True,2022
P-V05-W002,P-V05,WORK,fault_distance_m,694.046533193539,m,C/R,25,17.95823149,G050-011976,True,2022
P-V05-W002,P-V05,WORK,lithology,carnallite,category,D,,0,G050-011976,True,2022
P-V05-W002,P-V05,WORK,terrain_TRI_relative,0.344444444444444,relative,C/R,0.1,17.95823149,G050-011976,True,2022
P-V05-W002,P-V05,WORK,terrain_roughness_relative,0.777777777777778,relative,C/R,0.1,17.95823149,G050-011976,True,2022
P-V05-W003,P-V05,WORK,settlement_anchor_map_mm,1492.23744292237,mm,D,52.38356164,0,G050-011976,False,2022
P-V05-W003,P-V05,WORK,kzt,0.193854748603352,1,D,0.032,0,G050-011976,True,2022
P-V05-W003,P-V05,WORK,ko,0.65,1,D,0.014,0,G050-011976,True,2022
P-V05-W003,P-V05,WORK,seismic_energy_J_m2,7.5,J/m2,D,1.2,0,G050-011976,True,2022
P-V05-W003,P-V05,WORK,fill_density,0.611570239067078,1,C/R,0.08,2.847504022,G050-011976,True,2022
P-V05-W003,P-V05,WORK,fault_distance_m,694.046533193539,m,C/R,25,2.847504022,G050-011976,True,2022
P-V05-W003,P-V05,WORK,lithology,carnallite,category,D,,0,G050-011976,True,2022
P-V05-W003,P-V05,WORK,terrain_TRI_relative,0.344444444444444,relative,C/R,0.1,2.847504022,G050-011976,True,2022
P-V05-W003,P-V05,WORK,terrain_roughness_relative,0.777777777777778,relative,C/R,0.1,2.847504022,G050-011976,True,2022
P-V05-W004,P-V05,WORK,settlement_anchor_map_mm,1394.06392694064,mm,D,50.9109589,0,G050-011977,False,2022
P-V05-W004,P-V05,WORK,kzt,0.184916201117318,1,D,0.032,0,G050-011977,True,2022
P-V05-W004,P-V05,WORK,ko,0.65,1,D,0.014,0,G050-011977,True,2022
P-V05-W004,P-V05,WORK,seismic_energy_J_m2,7.5,J/m2,D,1.2,0,G050-011977,True,2022
P-V05-W004,P-V05,WORK,fill_density,0.586776852607727,1,C/R,0.08,15.26917885,G050-011977,True,2022
P-V05-W004,P-V05,WORK,fault_distance_m,692.877136012438,m,C/R,25,15.26917885,G050-011977,True,2022
P-V05-W004,P-V05,WORK,lithology,carnallite,category,D,,0,G050-011977,True,2022
P-V05-W004,P-V05,WORK,terrain_TRI_relative,,relative,C/R,0.1,15.26917885,G050-011977,True,2022
P-V05-W004,P-V05,WORK,terrain_roughness_relative,,relative,C/R,0.1,15.26917885,G050-011977,True,2022
P-V05-W005,P-V05,WORK,settlement_anchor_map_mm,1472.60273972603,mm,D,52.0890411,0,G050-011979,False,2022
P-V05-W005,P-V05,WORK,kzt,0.229608938547486,1,D,0.032,0,G050-011979,True,2022
P-V05-W005,P-V05,WORK,ko,0.65,1,D,0.014,0,G050-011979,True,2022
P-V05-W005,P-V05,WORK,seismic_energy_J_m2,7.5,J/m2,D,1.2,0,G050-011979,True,2022
P-V05-W005,P-V05,WORK,fill_density,0.669421494007111,1,C/R,0.08,12.93724701,G050-011979,True,2022
P-V05-W005,P-V05,WORK,fault_distance_m,690.538341650238,m,C/R,25,12.93724701,G050-011979,True,2022
P-V05-W005,P-V05,WORK,lithology,carnallite,category,D,,0,G050-011979,True,2022
P-V05-W005,P-V05,WORK,terrain_TRI_relative,0.0555555555555556,relative,C/R,0.1,12.93724701,G050-011979,True,2022
P-V05-W005,P-V05,WORK,terrain_roughness_relative,0.0967320261437908,relative,C/R,0.1,12.93724701,G050-011979,True,2022
P-V05-W006,P-V05,WORK,settlement_anchor_map_mm,1472.60273972603,mm,D,52.0890411,0,G050-011979,False,2022
P-V05-W006,P-V05,WORK,kzt,0.229608938547486,1,D,0.032,0,G050-011979,True,2022
P-V05-W006,P-V05,WORK,ko,0.65,1,D,0.014,0,G050-011979,True,2022
P-V05-W006,P-V05,WORK,seismic_energy_J_m2,7.5,J/m2,D,1.2,0,G050-011979,True,2022
P-V05-W006,P-V05,WORK,fill_density,0.669421494007111,1,C/R,0.08,19.07544803,G050-011979,True,2022
P-V05-W006,P-V05,WORK,fault_distance_m,690.538341650238,m,C/R,25,19.07544803,G050-011979,True,2022
P-V05-W006,P-V05,WORK,lithology,carnallite,category,D,,0,G050-011979,True,2022
P-V05-W006,P-V05,WORK,terrain_TRI_relative,0.0555555555555556,relative,C/R,0.1,19.07544803,G050-011979,True,2022
P-V05-W006,P-V05,WORK,terrain_roughness_relative,0.0967320261437908,relative,C/R,0.1,19.07544803,G050-011979,True,2022
P-V05-W007,P-V05,WORK,settlement_anchor_map_mm,1747.48858447489,mm,D,56.21232877,0,G050-011981,False,2022
P-V05-W007,P-V05,WORK,kzt,0.292178770949721,1,D,0.032,0,G050-011981,True,2022
P-V05-W007,P-V05,WORK,ko,0.387988826815642,1,D,0.014,0,G050-011981,True,2022
P-V05-W007,P-V05,WORK,seismic_energy_J_m2,7.5,J/m2,D,1.2,0,G050-011981,True,2022
P-V05-W007,P-V05,WORK,fill_density,0.727272748947144,1,C/R,0.08,7.731500851,G050-011981,True,2022
P-V05-W007,P-V05,WORK,fault_distance_m,688.616105239907,m,C/R,25,7.731500851,G050-011981,True,2022
P-V05-W007,P-V05,WORK,lithology,carnallite,category,R,,32.18920147,G050-011981,True,2022
P-V05-W007,P-V05,WORK,terrain_TRI_relative,0.0222222222222222,relative,C/R,0.1,7.731500851,G050-011981,True,2022
P-V05-W007,P-V05,WORK,terrain_roughness_relative,0.0326797385620915,relative,C/R,0.1,7.731500851,G050-011981,True,2022
P-V05-REF-B,P-V05,REF,settlement_anchor_map_mm,0.0,mm,S_REF,0,0,,False,2022
P-V05-REF-B,P-V05,REF,kzt,0.1,1,S_REF,,0,,True,2022
P-V05-REF-B,P-V05,REF,ko,0.3,1,S_REF,,0,,True,2022
P-V05-REF-B,P-V05,REF,seismic_energy_J_m2,0.0,J/m2,S_REF,,0,,True,2022
P-V05-REF-B,P-V05,REF,fill_density,0.0,1,S_REF,,0,,True,2022
P-V05-REF-B,P-V05,REF,fault_distance_m,9999.0,m,S_REF,,0,,True,2022
P-V05-REF-B,P-V05,REF,lithology,stable_external_reference,category,S_REF,,0,,True,2022
P-V05-REF-B,P-V05,REF,terrain_TRI_relative,,relative,S_REF,,0,,True,2022
P-V05-REF-B,P-V05,REF,terrain_roughness_relative,,relative,S_REF,,0,,True,2022
P-V06-REF-A,P-V06,REF,settlement_anchor_map_mm,0.0,mm,S_REF,0,0,,False,2022
P-V06-REF-A,P-V06,REF,kzt,0.1,1,S_REF,,0,,True,2022
P-V06-REF-A,P-V06,REF,ko,0.3,1,S_REF,,0,,True,2022
P-V06-REF-A,P-V06,REF,seismic_energy_J_m2,0.0,J/m2,S_REF,,0,,True,2022
P-V06-REF-A,P-V06,REF,fill_density,0.0,1,S_REF,,0,,True,2022
P-V06-REF-A,P-V06,REF,fault_distance_m,9999.0,m,S_REF,,0,,True,2022
P-V06-REF-A,P-V06,REF,lithology,stable_external_reference,category,S_REF,,0,,True,2022
P-V06-REF-A,P-V06,REF,terrain_TRI_relative,,relative,S_REF,,0,,True,2022
P-V06-REF-A,P-V06,REF,terrain_roughness_relative,,relative,S_REF,,0,,True,2022
P-V06-W001,P-V06,WORK,settlement_anchor_map_mm,0.0,mm,D,30,0,G050-014956,False,2022
P-V06-W001,P-V06,WORK,kzt,0.287803436749491,1,R,0.06950877302,34.42983138,G050-014956,True,2022
P-V06-W001,P-V06,WORK,ko,0.65,1,D,0.014,0,G050-014956,True,2022
P-V06-W001,P-V06,WORK,seismic_energy_J_m2,7.5,J/m2,D,1.2,0,G050-014956,True,2022
P-V06-W001,P-V06,WORK,fill_density,0.0,1,C/R,0.08,30.04908765,G050-014956,True,2022
P-V06-W001,P-V06,WORK,fault_distance_m,107.385324123165,m,C/R,25,30.04908765,G050-014956,True,2022
P-V06-W001,P-V06,WORK,lithology,sylvinite,category,D,,0,G050-014956,True,2022
P-V06-W001,P-V06,WORK,terrain_TRI_relative,,relative,C/R,0.1,30.04908765,G050-014956,True,2022
P-V06-W001,P-V06,WORK,terrain_roughness_relative,,relative,C/R,0.1,30.04908765,G050-014956,True,2022
P-V06-W002,P-V06,WORK,settlement_anchor_map_mm,196.34703196347,mm,D,32.94520548,0,G050-014957,False,2022
P-V06-W002,P-V06,WORK,kzt,0.288833427748755,1,R,0.07371321678,60.70760487,G050-014957,True,2022
P-V06-W002,P-V06,WORK,ko,0.65,1,D,0.014,0,G050-014957,True,2022
P-V06-W002,P-V06,WORK,seismic_energy_J_m2,7.5,J/m2,D,1.2,0,G050-014957,True,2022
P-V06-W002,P-V06,WORK,fill_density,0.0,1,C/R,0.08,19.93918599,G050-014957,True,2022
P-V06-W002,P-V06,WORK,fault_distance_m,66.0462325776325,m,C/R,25,19.93918599,G050-014957,True,2022
P-V06-W002,P-V06,WORK,lithology,sylvinite,category,D,,0,G050-014957,True,2022
P-V06-W002,P-V06,WORK,terrain_TRI_relative,0.138888888888889,relative,C/R,0.1,19.93918599,G050-014957,True,2022
P-V06-W002,P-V06,WORK,terrain_roughness_relative,0.445751633986928,relative,C/R,0.1,19.93918599,G050-014957,True,2022
P-V06-W003,P-V06,WORK,settlement_anchor_map_mm,176.712328767123,mm,D,32.65068493,0,G050-014958,False,2022
P-V06-W003,P-V06,WORK,kzt,0.288619801202108,1,R,0.08092177828,105.7611143,G050-014958,True,2022
P-V06-W003,P-V06,WORK,ko,0.65,1,D,0.014,0,G050-014958,True,2022
P-V06-W003,P-V06,WORK,seismic_energy_J_m2,7.5,J/m2,D,1.2,0,G050-014958,True,2022
P-V06-W003,P-V06,WORK,fill_density,0.0,1,C/R,0.08,13.15677055,G050-014958,True,2022
P-V06-W003,P-V06,WORK,fault_distance_m,24.7071410321003,m,C/R,25,13.15677055,G050-014958,True,2022
P-V06-W003,P-V06,WORK,lithology,sylvinite,category,R,,34.42983138,G050-014958,True,2022
P-V06-W003,P-V06,WORK,terrain_TRI_relative,,relative,C/R,0.1,13.15677055,G050-014958,True,2022
P-V06-W003,P-V06,WORK,terrain_roughness_relative,,relative,C/R,0.1,13.15677055,G050-014958,True,2022
P-V06-W004,P-V06,WORK,settlement_anchor_map_mm,196.34703196347,mm,D,32.94520548,0,G050-014961,False,2022
P-V06-W004,P-V06,WORK,kzt,0.287709497206704,1,D,0.032,0,G050-014961,True,2022
P-V06-W004,P-V06,WORK,ko,0.65,1,D,0.014,0,G050-014961,True,2022
P-V06-W004,P-V06,WORK,seismic_energy_J_m2,7.5,J/m2,D,1.2,0,G050-014961,True,2022
P-V06-W004,P-V06,WORK,fill_density,0.0,1,C/R,0.08,8.258199632,G050-014961,True,2022
P-V06-W004,P-V06,WORK,fault_distance_m,99.310133604496,m,C/R,25,8.258199632,G050-014961,True,2022
P-V06-W004,P-V06,WORK,lithology,sylvinite,category,D,,0,G050-014961,True,2022
P-V06-W004,P-V06,WORK,terrain_TRI_relative,0.322222222222222,relative,C/R,0.1,8.258199632,G050-014961,True,2022
P-V06-W004,P-V06,WORK,terrain_roughness_relative,0.580392156862745,relative,C/R,0.1,8.258199632,G050-014961,True,2022
P-V06-W005,P-V06,WORK,settlement_anchor_map_mm,298.763322176289,mm,R,66.97526644,50,G050-014963,False,2022
P-V06-W005,P-V06,WORK,kzt,0.287204137336672,1,R,0.08,100,G050-014963,True,2022
P-V06-W005,P-V06,WORK,ko,0.65,1,D,0.014,0,G050-014963,True,2022
P-V06-W005,P-V06,WORK,seismic_energy_J_m2,7.5,J/m2,D,1.2,0,G050-014963,True,2022
P-V06-W005,P-V06,WORK,fill_density,0.0,1,C/R,0.08,25.67592577,G050-014963,True,2022
P-V06-W005,P-V06,WORK,fault_distance_m,181.98831669556,m,C/R,25,25.67592577,G050-014963,True,2022
P-V06-W005,P-V06,WORK,lithology,sylvinite,category,D,,0,G050-014963,True,2022
P-V06-W005,P-V06,WORK,terrain_TRI_relative,0.183333333333333,relative,C/R,0.1,25.67592577,G050-014963,True,2022
P-V06-W005,P-V06,WORK,terrain_roughness_relative,0.128104575163399,relative,C/R,0.1,25.67592577,G050-014963,True,2022
P-V06-W006,P-V06,WORK,settlement_anchor_map_mm,157.077625570776,mm,D,32.35616438,0,G050-014965,False,2022
P-V06-W006,P-V06,WORK,kzt,0.285560762555294,1,R,0.08249122698,115.5701686,G050-014965,True,2022
P-V06-W006,P-V06,WORK,ko,0.65,1,D,0.014,0,G050-014965,True,2022
P-V06-W006,P-V06,WORK,seismic_energy_J_m2,7.5,J/m2,D,1.2,0,G050-014965,True,2022
P-V06-W006,P-V06,WORK,fill_density,0.0247933883219957,1,C/R,0.08,24.31778164,G050-014965,True,2022
P-V06-W006,P-V06,WORK,fault_distance_m,264.666499786624,m,C/R,25,24.31778164,G050-014965,True,2022
P-V06-W006,P-V06,WORK,lithology,replacement_rock_salt,category,R,,50,G050-014965,True,2022
P-V06-W006,P-V06,WORK,terrain_TRI_relative,0.0722222222222222,relative,C/R,0.1,24.31778164,G050-014965,True,2022
P-V06-W006,P-V06,WORK,terrain_roughness_relative,0.0601307189542484,relative,C/R,0.1,24.31778164,G050-014965,True,2022
P-V06-W007,P-V06,WORK,settlement_anchor_map_mm,157.077625570776,mm,D,32.35616438,0,G050-014966,False,2022
P-V06-W007,P-V06,WORK,kzt,0.284401919964887,1,R,0.08314253185,119.640824,G050-014966,True,2022
P-V06-W007,P-V06,WORK,ko,0.65,1,D,0.014,0,G050-014966,True,2022
P-V06-W007,P-V06,WORK,seismic_energy_J_m2,7.5,J/m2,D,1.2,0,G050-014966,True,2022
P-V06-W007,P-V06,WORK,fill_density,0.0413223132491112,1,C/R,0.08,9.352916935,G050-014966,True,2022
P-V06-W007,P-V06,WORK,fault_distance_m,290.249525183961,m,C/R,25,9.352916935,G050-014966,True,2022
P-V06-W007,P-V06,WORK,lithology,replacement_rock_salt,category,R,,80.94289744,G050-014966,True,2022
P-V06-W007,P-V06,WORK,terrain_TRI_relative,0.455555555555556,relative,C/R,0.1,9.352916935,G050-014966,True,2022
P-V06-W007,P-V06,WORK,terrain_roughness_relative,0.167320261437908,relative,C/R,0.1,9.352916935,G050-014966,True,2022
P-V06-REF-B,P-V06,REF,settlement_anchor_map_mm,0.0,mm,S_REF,0,0,,False,2022
P-V06-REF-B,P-V06,REF,kzt,0.1,1,S_REF,,0,,True,2022
P-V06-REF-B,P-V06,REF,ko,0.3,1,S_REF,,0,,True,2022
P-V06-REF-B,P-V06,REF,seismic_energy_J_m2,0.0,J/m2,S_REF,,0,,True,2022
P-V06-REF-B,P-V06,REF,fill_density,0.0,1,S_REF,,0,,True,2022
P-V06-REF-B,P-V06,REF,fault_distance_m,9999.0,m,S_REF,,0,,True,2022
P-V06-REF-B,P-V06,REF,lithology,stable_external_reference,category,S_REF,,0,,True,2022
P-V06-REF-B,P-V06,REF,terrain_TRI_relative,,relative,S_REF,,0,,True,2022
P-V06-REF-B,P-V06,REF,terrain_roughness_relative,,relative,S_REF,,0,,True,2022
