design,model_id,scope,group,rows,groups,mae
spatiotemporal_leave_profile_out,B1_persistence_last_rate,pooled_micro,all,266,14,6.696015897348676
spatiotemporal_leave_profile_out,B1_persistence_last_rate,equal_profile_macro,all_equal_weight,266,14,6.592413248179321
spatiotemporal_leave_profile_out,B1_persistence_last_rate,worst_profile,P-H04,20,1,22.237554125255702
spatiotemporal_leave_profile_out,B1_persistence_last_rate,by_profile,P-D01,21,1,8.301217665873763
spatiotemporal_leave_profile_out,B1_persistence_last_rate,by_profile,P-H01,20,1,7.570160946818165
spatiotemporal_leave_profile_out,B1_persistence_last_rate,by_profile,P-H02,20,1,8.29074601342246
spatiotemporal_leave_profile_out,B1_persistence_last_rate,by_profile,P-H03,19,1,4.726430252143265
spatiotemporal_leave_profile_out,B1_persistence_last_rate,by_profile,P-H04,20,1,22.237554125255702
spatiotemporal_leave_profile_out,B1_persistence_last_rate,by_profile,P-H05,13,1,7.497871858222248
spatiotemporal_leave_profile_out,B1_persistence_last_rate,by_profile,P-H06,17,1,2.899583199575215
spatiotemporal_leave_profile_out,B1_persistence_last_rate,by_profile,P-H07,19,1,4.435774795777108
spatiotemporal_leave_profile_out,B1_persistence_last_rate,by_profile,P-V01,18,1,3.6787783223780712
spatiotemporal_leave_profile_out,B1_persistence_last_rate,by_profile,P-V02,21,1,7.665416732119075
spatiotemporal_leave_profile_out,B1_persistence_last_rate,by_profile,P-V03,21,1,3.87929716611751
spatiotemporal_leave_profile_out,B1_persistence_last_rate,by_profile,P-V04,21,1,4.9084442302126785
spatiotemporal_leave_profile_out,B1_persistence_last_rate,by_profile,P-V05,17,1,2.791866062116169
spatiotemporal_leave_profile_out,B1_persistence_last_rate,by_profile,P-V06,19,1,3.4106441044790863
spatiotemporal_leave_profile_out,B3_profile_robust_trend,pooled_micro,all,266,14,8.081574008544825
spatiotemporal_leave_profile_out,B3_profile_robust_trend,equal_profile_macro,all_equal_weight,266,14,7.877664429990646
spatiotemporal_leave_profile_out,B3_profile_robust_trend,worst_profile,P-H04,20,1,21.183607464982394
spatiotemporal_leave_profile_out,B3_profile_robust_trend,by_profile,P-D01,21,1,14.460091123950676
spatiotemporal_leave_profile_out,B3_profile_robust_trend,by_profile,P-H01,20,1,10.998117623069875
spatiotemporal_leave_profile_out,B3_profile_robust_trend,by_profile,P-H02,20,1,13.968548039960243
spatiotemporal_leave_profile_out,B3_profile_robust_trend,by_profile,P-H03,19,1,4.9215271323544565
spatiotemporal_leave_profile_out,B3_profile_robust_trend,by_profile,P-H04,20,1,21.183607464982394
spatiotemporal_leave_profile_out,B3_profile_robust_trend,by_profile,P-H05,13,1,7.1791368800631075
spatiotemporal_leave_profile_out,B3_profile_robust_trend,by_profile,P-H06,17,1,2.921073768992122
spatiotemporal_leave_profile_out,B3_profile_robust_trend,by_profile,P-H07,19,1,4.986001324847453
spatiotemporal_leave_profile_out,B3_profile_robust_trend,by_profile,P-V01,18,1,3.671812885570077
spatiotemporal_leave_profile_out,B3_profile_robust_trend,by_profile,P-V02,21,1,8.171468050713205
spatiotemporal_leave_profile_out,B3_profile_robust_trend,by_profile,P-V03,21,1,5.064658965955677
spatiotemporal_leave_profile_out,B3_profile_robust_trend,by_profile,P-V04,21,1,5.691009255741576
spatiotemporal_leave_profile_out,B3_profile_robust_trend,by_profile,P-V05,17,1,3.047999160695117
spatiotemporal_leave_profile_out,B3_profile_robust_trend,by_profile,P-V06,19,1,4.022250342973082
spatiotemporal_leave_profile_out,B5_fixed_kalman,pooled_micro,all,266,14,6.5702130503287455
spatiotemporal_leave_profile_out,B5_fixed_kalman,equal_profile_macro,all_equal_weight,266,14,6.451064266610866
spatiotemporal_leave_profile_out,B5_fixed_kalman,worst_profile,P-H04,20,1,18.51985500330855
spatiotemporal_leave_profile_out,B5_fixed_kalman,by_profile,P-D01,21,1,9.758743940112641
spatiotemporal_leave_profile_out,B5_fixed_kalman,by_profile,P-H01,20,1,6.7180364585379255
spatiotemporal_leave_profile_out,B5_fixed_kalman,by_profile,P-H02,20,1,13.368109602450994
spatiotemporal_leave_profile_out,B5_fixed_kalman,by_profile,P-H03,19,1,6.1932818473740365
spatiotemporal_leave_profile_out,B5_fixed_kalman,by_profile,P-H04,20,1,18.51985500330855
spatiotemporal_leave_profile_out,B5_fixed_kalman,by_profile,P-H05,13,1,6.631825199966641
spatiotemporal_leave_profile_out,B5_fixed_kalman,by_profile,P-H06,17,1,2.490496469406928
spatiotemporal_leave_profile_out,B5_fixed_kalman,by_profile,P-H07,19,1,3.5377752005159753
spatiotemporal_leave_profile_out,B5_fixed_kalman,by_profile,P-V01,18,1,3.6387212353228517
spatiotemporal_leave_profile_out,B5_fixed_kalman,by_profile,P-V02,21,1,6.0298333290027575
spatiotemporal_leave_profile_out,B5_fixed_kalman,by_profile,P-V03,21,1,3.1675126764507633
spatiotemporal_leave_profile_out,B5_fixed_kalman,by_profile,P-V04,21,1,4.0997882219046256
spatiotemporal_leave_profile_out,B5_fixed_kalman,by_profile,P-V05,17,1,2.3067577781730977
spatiotemporal_leave_profile_out,B5_fixed_kalman,by_profile,P-V06,19,1,3.8541627700243386
spatiotemporal_leave_profile_out,B6_adaptive_kalman,pooled_micro,all,266,14,6.2465992013027485
spatiotemporal_leave_profile_out,B6_adaptive_kalman,equal_profile_macro,all_equal_weight,266,14,6.146918513271417
spatiotemporal_leave_profile_out,B6_adaptive_kalman,worst_profile,P-H04,20,1,17.65614839154538
spatiotemporal_leave_profile_out,B6_adaptive_kalman,by_profile,P-D01,21,1,8.79106154647023
spatiotemporal_leave_profile_out,B6_adaptive_kalman,by_profile,P-H01,20,1,6.413543062702831
spatiotemporal_leave_profile_out,B6_adaptive_kalman,by_profile,P-H02,20,1,11.804236154141197
spatiotemporal_leave_profile_out,B6_adaptive_kalman,by_profile,P-H03,19,1,6.007073743376705
spatiotemporal_leave_profile_out,B6_adaptive_kalman,by_profile,P-H04,20,1,17.65614839154538
spatiotemporal_leave_profile_out,B6_adaptive_kalman,by_profile,P-H05,13,1,6.691933355577727
spatiotemporal_leave_profile_out,B6_adaptive_kalman,by_profile,P-H06,17,1,2.478958692114253
spatiotemporal_leave_profile_out,B6_adaptive_kalman,by_profile,P-H07,19,1,3.5525265586370454
spatiotemporal_leave_profile_out,B6_adaptive_kalman,by_profile,P-V01,18,1,3.588011323068905
spatiotemporal_leave_profile_out,B6_adaptive_kalman,by_profile,P-V02,21,1,6.1555128835588775
spatiotemporal_leave_profile_out,B6_adaptive_kalman,by_profile,P-V03,21,1,3.1292375552727236
spatiotemporal_leave_profile_out,B6_adaptive_kalman,by_profile,P-V04,21,1,3.893340471811282
spatiotemporal_leave_profile_out,B6_adaptive_kalman,by_profile,P-V05,17,1,2.299820332758712
spatiotemporal_leave_profile_out,B6_adaptive_kalman,by_profile,P-V06,19,1,3.595455114763947
spatiotemporal_leave_profile_out,B7_two_regime_imm,pooled_micro,all,266,14,5.742647738501244
spatiotemporal_leave_profile_out,B7_two_regime_imm,equal_profile_macro,all_equal_weight,266,14,5.676284587744159
spatiotemporal_leave_profile_out,B7_two_regime_imm,worst_profile,P-H04,20,1,17.808843241694127
spatiotemporal_leave_profile_out,B7_two_regime_imm,by_profile,P-D01,21,1,7.156622495777024
spatiotemporal_leave_profile_out,B7_two_regime_imm,by_profile,P-H01,20,1,6.536645399502381
spatiotemporal_leave_profile_out,B7_two_regime_imm,by_profile,P-H02,20,1,9.36867900404376
spatiotemporal_leave_profile_out,B7_two_regime_imm,by_profile,P-H03,19,1,4.734816767164495
spatiotemporal_leave_profile_out,B7_two_regime_imm,by_profile,P-H04,20,1,17.808843241694127
spatiotemporal_leave_profile_out,B7_two_regime_imm,by_profile,P-H05,13,1,6.870281638980274
spatiotemporal_leave_profile_out,B7_two_regime_imm,by_profile,P-H06,17,1,2.2224958698238786
spatiotemporal_leave_profile_out,B7_two_regime_imm,by_profile,P-H07,19,1,3.5980983248113505
spatiotemporal_leave_profile_out,B7_two_regime_imm,by_profile,P-V01,18,1,3.604291097881221
spatiotemporal_leave_profile_out,B7_two_regime_imm,by_profile,P-V02,21,1,5.792397312146166
spatiotemporal_leave_profile_out,B7_two_regime_imm,by_profile,P-V03,21,1,2.9491633880935537
spatiotemporal_leave_profile_out,B7_two_regime_imm,by_profile,P-V04,21,1,3.105706906365542
spatiotemporal_leave_profile_out,B7_two_regime_imm,by_profile,P-V05,17,1,2.3991885386048053
spatiotemporal_leave_profile_out,B7_two_regime_imm,by_profile,P-V06,19,1,3.3207542435296467
spatiotemporal_leave_profile_out,B8_student_t_robust_imm,pooled_micro,all,266,14,5.878976482486816
spatiotemporal_leave_profile_out,B8_student_t_robust_imm,equal_profile_macro,all_equal_weight,266,14,5.7976360841399375
spatiotemporal_leave_profile_out,B8_student_t_robust_imm,worst_profile,P-H04,20,1,19.101752709101426
spatiotemporal_leave_profile_out,B8_student_t_robust_imm,by_profile,P-D01,21,1,7.93717399771431
spatiotemporal_leave_profile_out,B8_student_t_robust_imm,by_profile,P-H01,20,1,6.658242933095607
spatiotemporal_leave_profile_out,B8_student_t_robust_imm,by_profile,P-H02,20,1,10.051637894936384
spatiotemporal_leave_profile_out,B8_student_t_robust_imm,by_profile,P-H03,19,1,4.05808955982119
spatiotemporal_leave_profile_out,B8_student_t_robust_imm,by_profile,P-H04,20,1,19.101752709101426
spatiotemporal_leave_profile_out,B8_student_t_robust_imm,by_profile,P-H05,13,1,6.720648669064833
spatiotemporal_leave_profile_out,B8_student_t_robust_imm,by_profile,P-H06,17,1,2.218921906015608
spatiotemporal_leave_profile_out,B8_student_t_robust_imm,by_profile,P-H07,19,1,3.5566036453662804
spatiotemporal_leave_profile_out,B8_student_t_robust_imm,by_profile,P-V01,18,1,3.6069218731882113
spatiotemporal_leave_profile_out,B8_student_t_robust_imm,by_profile,P-V02,21,1,5.526697504103406
spatiotemporal_leave_profile_out,B8_student_t_robust_imm,by_profile,P-V03,21,1,2.9335623719543684
spatiotemporal_leave_profile_out,B8_student_t_robust_imm,by_profile,P-V04,21,1,3.099889581444372
spatiotemporal_leave_profile_out,B8_student_t_robust_imm,by_profile,P-V05,17,1,2.4005383938440534
spatiotemporal_leave_profile_out,B8_student_t_robust_imm,by_profile,P-V06,19,1,3.2962241383090656
spatiotemporal_leave_profile_out,M1_ridge,pooled_micro,all,266,14,7.724834947263837
spatiotemporal_leave_profile_out,M1_ridge,equal_profile_macro,all_equal_weight,266,14,7.59994880733599
spatiotemporal_leave_profile_out,M1_ridge,worst_profile,P-H04,20,1,19.67114619715235
spatiotemporal_leave_profile_out,M1_ridge,by_profile,P-D01,21,1,15.221993170296416
spatiotemporal_leave_profile_out,M1_ridge,by_profile,P-H01,20,1,8.81996139030503
spatiotemporal_leave_profile_out,M1_ridge,by_profile,P-H02,20,1,12.16023152692197
spatiotemporal_leave_profile_out,M1_ridge,by_profile,P-H03,19,1,6.445096515067459
spatiotemporal_leave_profile_out,M1_ridge,by_profile,P-H04,20,1,19.67114619715235
spatiotemporal_leave_profile_out,M1_ridge,by_profile,P-H05,13,1,7.636124516918662
spatiotemporal_leave_profile_out,M1_ridge,by_profile,P-H06,17,1,4.425071700495361
spatiotemporal_leave_profile_out,M1_ridge,by_profile,P-H07,19,1,4.599954353505549
spatiotemporal_leave_profile_out,M1_ridge,by_profile,P-V01,18,1,4.443031417545372
spatiotemporal_leave_profile_out,M1_ridge,by_profile,P-V02,21,1,3.919295831462386
spatiotemporal_leave_profile_out,M1_ridge,by_profile,P-V03,21,1,5.042857232434611
spatiotemporal_leave_profile_out,M1_ridge,by_profile,P-V04,21,1,6.39204632052177
spatiotemporal_leave_profile_out,M1_ridge,by_profile,P-V05,17,1,4.737044541476973
spatiotemporal_leave_profile_out,M1_ridge,by_profile,P-V06,19,1,2.8854285885999307
spatiotemporal_leave_profile_out,M2_extra_trees,pooled_micro,all,266,14,7.677224713511985
spatiotemporal_leave_profile_out,M2_extra_trees,equal_profile_macro,all_equal_weight,266,14,7.4791398209543445
spatiotemporal_leave_profile_out,M2_extra_trees,worst_profile,P-D01,21,1,18.92666050794328
spatiotemporal_leave_profile_out,M2_extra_trees,by_profile,P-D01,21,1,18.92666050794328
spatiotemporal_leave_profile_out,M2_extra_trees,by_profile,P-H01,20,1,11.261262207451079
spatiotemporal_leave_profile_out,M2_extra_trees,by_profile,P-H02,20,1,13.166727534292525
spatiotemporal_leave_profile_out,M2_extra_trees,by_profile,P-H03,19,1,4.916370301177481
spatiotemporal_leave_profile_out,M2_extra_trees,by_profile,P-H04,20,1,16.775852820463538
spatiotemporal_leave_profile_out,M2_extra_trees,by_profile,P-H05,13,1,6.220629501828285
spatiotemporal_leave_profile_out,M2_extra_trees,by_profile,P-H06,17,1,2.4097224438821008
spatiotemporal_leave_profile_out,M2_extra_trees,by_profile,P-H07,19,1,6.865998125344293
spatiotemporal_leave_profile_out,M2_extra_trees,by_profile,P-V01,18,1,4.0026293893876606
spatiotemporal_leave_profile_out,M2_extra_trees,by_profile,P-V02,21,1,5.136822294924384
spatiotemporal_leave_profile_out,M2_extra_trees,by_profile,P-V03,21,1,3.9355433192630573
spatiotemporal_leave_profile_out,M2_extra_trees,by_profile,P-V04,21,1,3.755653716242512
spatiotemporal_leave_profile_out,M2_extra_trees,by_profile,P-V05,17,1,2.938384765249826
spatiotemporal_leave_profile_out,M2_extra_trees,by_profile,P-V06,19,1,4.395700565910803
spatiotemporal_leave_profile_out,Z01_elastic_net,pooled_micro,all,266,14,7.447502837382597
spatiotemporal_leave_profile_out,Z01_elastic_net,equal_profile_macro,all_equal_weight,266,14,7.329565698311746
spatiotemporal_leave_profile_out,Z01_elastic_net,worst_profile,P-H04,20,1,19.346494189375523
spatiotemporal_leave_profile_out,Z01_elastic_net,by_profile,P-D01,21,1,14.008116627824677
spatiotemporal_leave_profile_out,Z01_elastic_net,by_profile,P-H01,20,1,7.823613487575885
spatiotemporal_leave_profile_out,Z01_elastic_net,by_profile,P-H02,20,1,11.006847217574617
spatiotemporal_leave_profile_out,Z01_elastic_net,by_profile,P-H03,19,1,7.02493334802827
spatiotemporal_leave_profile_out,Z01_elastic_net,by_profile,P-H04,20,1,19.346494189375523
spatiotemporal_leave_profile_out,Z01_elastic_net,by_profile,P-H05,13,1,7.405422196549641
spatiotemporal_leave_profile_out,Z01_elastic_net,by_profile,P-H06,17,1,4.201973546073288
spatiotemporal_leave_profile_out,Z01_elastic_net,by_profile,P-H07,19,1,4.720275728887877
spatiotemporal_leave_profile_out,Z01_elastic_net,by_profile,P-V01,18,1,4.372706882872836
spatiotemporal_leave_profile_out,Z01_elastic_net,by_profile,P-V02,21,1,4.389535580594963
spatiotemporal_leave_profile_out,Z01_elastic_net,by_profile,P-V03,21,1,5.172589385326226
spatiotemporal_leave_profile_out,Z01_elastic_net,by_profile,P-V04,21,1,5.87837887005107
spatiotemporal_leave_profile_out,Z01_elastic_net,by_profile,P-V05,17,1,4.2468648374781335
spatiotemporal_leave_profile_out,Z01_elastic_net,by_profile,P-V06,19,1,3.0161678781514354
spatiotemporal_leave_profile_out,Z08_xgboost,pooled_micro,all,266,14,7.600572110631468
spatiotemporal_leave_profile_out,Z08_xgboost,equal_profile_macro,all_equal_weight,266,14,7.407385431175363
spatiotemporal_leave_profile_out,Z08_xgboost,worst_profile,P-D01,21,1,21.29625240427088
spatiotemporal_leave_profile_out,Z08_xgboost,by_profile,P-D01,21,1,21.29625240427088
spatiotemporal_leave_profile_out,Z08_xgboost,by_profile,P-H01,20,1,10.438178986187172
spatiotemporal_leave_profile_out,Z08_xgboost,by_profile,P-H02,20,1,10.537773340974748
spatiotemporal_leave_profile_out,Z08_xgboost,by_profile,P-H03,19,1,6.457149043512903
spatiotemporal_leave_profile_out,Z08_xgboost,by_profile,P-H04,20,1,15.791363366206067
spatiotemporal_leave_profile_out,Z08_xgboost,by_profile,P-H05,13,1,6.039201138503977
spatiotemporal_leave_profile_out,Z08_xgboost,by_profile,P-H06,17,1,2.6760278647209366
spatiotemporal_leave_profile_out,Z08_xgboost,by_profile,P-H07,19,1,3.897499517636647
spatiotemporal_leave_profile_out,Z08_xgboost,by_profile,P-V01,18,1,4.893560151113905
spatiotemporal_leave_profile_out,Z08_xgboost,by_profile,P-V02,21,1,4.8157700604195846
spatiotemporal_leave_profile_out,Z08_xgboost,by_profile,P-V03,21,1,4.78028085108672
spatiotemporal_leave_profile_out,Z08_xgboost,by_profile,P-V04,21,1,3.6537831361501665
spatiotemporal_leave_profile_out,Z08_xgboost,by_profile,P-V05,17,1,3.995504575159515
spatiotemporal_leave_profile_out,Z08_xgboost,by_profile,P-V06,19,1,4.431051600511852
spatiotemporal_leave_profile_out,Z09_lightgbm,pooled_micro,all,266,14,7.391039959065148
spatiotemporal_leave_profile_out,Z09_lightgbm,equal_profile_macro,all_equal_weight,266,14,7.186869359328399
spatiotemporal_leave_profile_out,Z09_lightgbm,worst_profile,P-D01,21,1,18.728311597406137
spatiotemporal_leave_profile_out,Z09_lightgbm,by_profile,P-D01,21,1,18.728311597406137
spatiotemporal_leave_profile_out,Z09_lightgbm,by_profile,P-H01,20,1,10.615414411851098
spatiotemporal_leave_profile_out,Z09_lightgbm,by_profile,P-H02,20,1,11.418459304078441
spatiotemporal_leave_profile_out,Z09_lightgbm,by_profile,P-H03,19,1,4.97855111642794
spatiotemporal_leave_profile_out,Z09_lightgbm,by_profile,P-H04,20,1,17.654407005027437
spatiotemporal_leave_profile_out,Z09_lightgbm,by_profile,P-H05,13,1,5.5883409310131675
spatiotemporal_leave_profile_out,Z09_lightgbm,by_profile,P-H06,17,1,2.328267890217988
spatiotemporal_leave_profile_out,Z09_lightgbm,by_profile,P-H07,19,1,3.7706788980357095
spatiotemporal_leave_profile_out,Z09_lightgbm,by_profile,P-V01,18,1,4.511566348632386
spatiotemporal_leave_profile_out,Z09_lightgbm,by_profile,P-V02,21,1,4.155536835085665
spatiotemporal_leave_profile_out,Z09_lightgbm,by_profile,P-V03,21,1,4.648039880866836
spatiotemporal_leave_profile_out,Z09_lightgbm,by_profile,P-V04,21,1,4.204761829560309
spatiotemporal_leave_profile_out,Z09_lightgbm,by_profile,P-V05,17,1,3.0770268808361045
spatiotemporal_leave_profile_out,Z09_lightgbm,by_profile,P-V06,19,1,4.9368081015583725
spatiotemporal_leave_zone_out,B1_persistence_last_rate,pooled_micro,all,266,4,6.696015897348675
spatiotemporal_leave_zone_out,B1_persistence_last_rate,equal_zone_macro,all_equal_weight,266,4,5.883032588696782
spatiotemporal_leave_zone_out,B1_persistence_last_rate,worst_zone,GEO_SW,117,1,9.56339702808715
spatiotemporal_leave_zone_out,B1_persistence_last_rate,by_zone,GEO_NE,103,1,4.251947918293178
spatiotemporal_leave_zone_out,B1_persistence_last_rate,by_zone,GEO_NW,24,1,5.251430919702193
spatiotemporal_leave_zone_out,B1_persistence_last_rate,by_zone,GEO_SE,22,1,4.465354488704609
spatiotemporal_leave_zone_out,B1_persistence_last_rate,by_zone,GEO_SW,117,1,9.56339702808715
spatiotemporal_leave_zone_out,B3_profile_robust_trend,pooled_micro,all,266,4,8.090640212478721
spatiotemporal_leave_zone_out,B3_profile_robust_trend,equal_zone_macro,all_equal_weight,266,4,6.87901422708309
spatiotemporal_leave_zone_out,B3_profile_robust_trend,worst_zone,GEO_SW,117,1,12.208972529562896
spatiotemporal_leave_zone_out,B3_profile_robust_trend,by_zone,GEO_NE,103,1,4.627723503475924
spatiotemporal_leave_zone_out,B3_profile_robust_trend,by_zone,GEO_NW,24,1,6.029525223001648
spatiotemporal_leave_zone_out,B3_profile_robust_trend,by_zone,GEO_SE,22,1,4.649835652291892
spatiotemporal_leave_zone_out,B3_profile_robust_trend,by_zone,GEO_SW,117,1,12.208972529562896
spatiotemporal_leave_zone_out,B5_fixed_kalman,pooled_micro,all,266,4,6.570213050328746
spatiotemporal_leave_zone_out,B5_fixed_kalman,equal_zone_macro,all_equal_weight,266,4,5.80039716171283
spatiotemporal_leave_zone_out,B5_fixed_kalman,worst_zone,GEO_SW,117,1,9.723260735112158
spatiotemporal_leave_zone_out,B5_fixed_kalman,by_zone,GEO_NE,103,1,3.769866285475541
spatiotemporal_leave_zone_out,B5_fixed_kalman,by_zone,GEO_NW,24,1,4.0863910987719905
spatiotemporal_leave_zone_out,B5_fixed_kalman,by_zone,GEO_SE,22,1,5.62207052749163
spatiotemporal_leave_zone_out,B5_fixed_kalman,by_zone,GEO_SW,117,1,9.723260735112158
spatiotemporal_leave_zone_out,B6_adaptive_kalman,pooled_micro,all,266,4,6.2253731704225554
spatiotemporal_leave_zone_out,B6_adaptive_kalman,equal_zone_macro,all_equal_weight,266,4,5.562305603590028
spatiotemporal_leave_zone_out,B6_adaptive_kalman,worst_zone,GEO_SW,117,1,9.062165282667271
spatiotemporal_leave_zone_out,B6_adaptive_kalman,by_zone,GEO_NE,103,1,3.6721338697776487
spatiotemporal_leave_zone_out,B6_adaptive_kalman,by_zone,GEO_NW,24,1,4.058912455548566
spatiotemporal_leave_zone_out,B6_adaptive_kalman,by_zone,GEO_SE,22,1,5.456010806366627
spatiotemporal_leave_zone_out,B6_adaptive_kalman,by_zone,GEO_SW,117,1,9.062165282667271
spatiotemporal_leave_zone_out,B7_two_regime_imm,pooled_micro,all,266,4,5.7525538469890805
spatiotemporal_leave_zone_out,B7_two_regime_imm,equal_zone_macro,all_equal_weight,266,4,4.975365091299785
spatiotemporal_leave_zone_out,B7_two_regime_imm,worst_zone,GEO_SW,117,1,8.478262599607717
spatiotemporal_leave_zone_out,B7_two_regime_imm,by_zone,GEO_NE,103,1,3.455885388552455
spatiotemporal_leave_zone_out,B7_two_regime_imm,by_zone,GEO_NW,24,1,3.492765914616227
spatiotemporal_leave_zone_out,B7_two_regime_imm,by_zone,GEO_SE,22,1,4.474546462422739
spatiotemporal_leave_zone_out,B7_two_regime_imm,by_zone,GEO_SW,117,1,8.478262599607717
spatiotemporal_leave_zone_out,B8_student_t_robust_imm,pooled_micro,all,266,4,5.884633074311632
spatiotemporal_leave_zone_out,B8_student_t_robust_imm,equal_zone_macro,all_equal_weight,266,4,4.9284490576459685
spatiotemporal_leave_zone_out,B8_student_t_robust_imm,worst_zone,GEO_SW,117,1,8.919625530884483
spatiotemporal_leave_zone_out,B8_student_t_robust_imm,by_zone,GEO_NE,103,1,3.4232461066636986
spatiotemporal_leave_zone_out,B8_student_t_robust_imm,by_zone,GEO_NW,24,1,3.48076031013184
spatiotemporal_leave_zone_out,B8_student_t_robust_imm,by_zone,GEO_SE,22,1,3.890164282903852
spatiotemporal_leave_zone_out,B8_student_t_robust_imm,by_zone,GEO_SW,117,1,8.919625530884483
spatiotemporal_leave_zone_out,M1_ridge,pooled_micro,all,266,4,9.9635393996147
spatiotemporal_leave_zone_out,M1_ridge,equal_zone_macro,all_equal_weight,266,4,7.800501093464787
spatiotemporal_leave_zone_out,M1_ridge,worst_zone,GEO_SW,117,1,12.860436707762497
spatiotemporal_leave_zone_out,M1_ridge,by_zone,GEO_NE,103,1,9.079912879480679
spatiotemporal_leave_zone_out,M1_ridge,by_zone,GEO_NW,24,1,3.3214767986182365
spatiotemporal_leave_zone_out,M1_ridge,by_zone,GEO_SE,22,1,5.940177987997732
spatiotemporal_leave_zone_out,M1_ridge,by_zone,GEO_SW,117,1,12.860436707762497
spatiotemporal_leave_zone_out,M2_extra_trees,pooled_micro,all,266,4,9.897154000533307
spatiotemporal_leave_zone_out,M2_extra_trees,equal_zone_macro,all_equal_weight,266,4,7.623443958146816
spatiotemporal_leave_zone_out,M2_extra_trees,worst_zone,GEO_SW,117,1,15.555878075954661
spatiotemporal_leave_zone_out,M2_extra_trees,by_zone,GEO_NE,103,1,5.880628842644665
spatiotemporal_leave_zone_out,M2_extra_trees,by_zone,GEO_NW,24,1,3.820271177514794
spatiotemporal_leave_zone_out,M2_extra_trees,by_zone,GEO_SE,22,1,5.236997736473144
spatiotemporal_leave_zone_out,M2_extra_trees,by_zone,GEO_SW,117,1,15.555878075954661
spatiotemporal_leave_zone_out,Z01_elastic_net,pooled_micro,all,266,4,10.495235523373932
spatiotemporal_leave_zone_out,Z01_elastic_net,equal_zone_macro,all_equal_weight,266,4,8.344314614176046
spatiotemporal_leave_zone_out,Z01_elastic_net,worst_zone,GEO_SW,117,1,12.947805929197491
spatiotemporal_leave_zone_out,Z01_elastic_net,by_zone,GEO_NE,103,1,10.122326180501762
spatiotemporal_leave_zone_out,Z01_elastic_net,by_zone,GEO_NW,24,1,3.741489637784532
spatiotemporal_leave_zone_out,Z01_elastic_net,by_zone,GEO_SE,22,1,6.565636709220398
spatiotemporal_leave_zone_out,Z01_elastic_net,by_zone,GEO_SW,117,1,12.947805929197491
spatiotemporal_leave_zone_out,Z08_xgboost,pooled_micro,all,266,4,10.230293774015175
spatiotemporal_leave_zone_out,Z08_xgboost,equal_zone_macro,all_equal_weight,266,4,7.807495310641925
spatiotemporal_leave_zone_out,Z08_xgboost,worst_zone,GEO_SW,117,1,15.171518772011478
spatiotemporal_leave_zone_out,Z08_xgboost,by_zone,GEO_NE,103,1,7.235385935704768
spatiotemporal_leave_zone_out,Z08_xgboost,by_zone,GEO_NW,24,1,3.4190062091853926
spatiotemporal_leave_zone_out,Z08_xgboost,by_zone,GEO_SE,22,1,5.404070325666061
spatiotemporal_leave_zone_out,Z08_xgboost,by_zone,GEO_SW,117,1,15.171518772011478
spatiotemporal_leave_zone_out,Z09_lightgbm,pooled_micro,all,266,4,9.231424344594544
spatiotemporal_leave_zone_out,Z09_lightgbm,equal_zone_macro,all_equal_weight,266,4,7.092781173568043
spatiotemporal_leave_zone_out,Z09_lightgbm,worst_zone,GEO_SW,117,1,14.109507565452411
spatiotemporal_leave_zone_out,Z09_lightgbm,by_zone,GEO_NE,103,1,5.970229831139126
spatiotemporal_leave_zone_out,Z09_lightgbm,by_zone,GEO_NW,24,1,3.701148673956336
spatiotemporal_leave_zone_out,Z09_lightgbm,by_zone,GEO_SE,22,1,4.590238623724299
spatiotemporal_leave_zone_out,Z09_lightgbm,by_zone,GEO_SW,117,1,14.109507565452411
