outer_fold_id,model_id,candidate_index,parameter_sha256,parameter_json,status,failure,inner_folds,inner_rows,inner_mae,inner_crps,inner_b1_mae,transition_rows,transition_mae,transition_b1_mae,transition_guardrail_status,probabilistic_mae_guardrail_passed,probabilistic_score_available,eligible,selected,selection_status,median_effective_iterations
rolling_origin_2021-05-18,Z03_rbf_svr,0,2a2e555f10b860ae5366037d5c37ee0a231da4ec054ee907141d15ef378f8378,"{""C"":1.0,""epsilon"":0.5,""gamma"":""scale""}",COMPLETE,,3,111,11.8176501365358,,6.521251593714805,29,14.414216112207374,9.563718964395301,FAIL_TRANSITION_GUARDRAIL,True,True,False,False,NOT_SELECTED,
rolling_origin_2021-05-18,Z03_rbf_svr,1,5761e7b5ce6227276b422b97245285aece4dc6f78f2c4b250218996cb8a1b493,"{""C"":1.0,""epsilon"":0.5,""gamma"":0.01}",COMPLETE,,3,111,12.145584461423612,,6.521251593714805,29,13.712157092100064,9.563718964395301,FAIL_TRANSITION_GUARDRAIL,True,True,False,False,NOT_SELECTED,
rolling_origin_2021-05-18,Z03_rbf_svr,2,80134f2a1e08e2fc9467707bcc85b9989c978a31d8266b2e8480f95bee3426dc,"{""C"":1.0,""epsilon"":2.0,""gamma"":""scale""}",COMPLETE,,3,111,11.664706619420082,,6.521251593714805,29,14.453914042930476,9.563718964395301,FAIL_TRANSITION_GUARDRAIL,True,True,False,False,NOT_SELECTED,
rolling_origin_2021-05-18,Z03_rbf_svr,3,1b852a7a9be729635fc078f8060bd8623feb8dbbd97b82671f18ac1eba13b8fd,"{""C"":1.0,""epsilon"":2.0,""gamma"":0.01}",COMPLETE,,3,111,12.079772667946557,,6.521251593714805,29,13.722682639760986,9.563718964395301,FAIL_TRANSITION_GUARDRAIL,True,True,False,False,NOT_SELECTED,
rolling_origin_2021-05-18,Z03_rbf_svr,4,89418c62d041bf921ccf869dce8b4b8cf0759d0fe9cb5ede171ad4a1c29803a9,"{""C"":1.0,""epsilon"":5.0,""gamma"":""scale""}",COMPLETE,,3,111,11.676278844162574,,6.521251593714805,29,14.314984468355455,9.563718964395301,FAIL_TRANSITION_GUARDRAIL,True,True,False,False,NOT_SELECTED,
rolling_origin_2021-05-18,Z03_rbf_svr,5,d5d32d5739b783d8260cce8d0ece0e515924fb66b3976c05e2414af97cd4689f,"{""C"":1.0,""epsilon"":5.0,""gamma"":0.01}",COMPLETE,,3,111,11.844817637338542,,6.521251593714805,29,13.715875513141992,9.563718964395301,FAIL_TRANSITION_GUARDRAIL,True,True,False,False,NOT_SELECTED,
rolling_origin_2021-05-18,Z03_rbf_svr,6,329ad8ee051062c81c2f70bc4a285cf673ee9ff20082689f65e9c476f9618435,"{""C"":10.0,""epsilon"":0.5,""gamma"":""scale""}",COMPLETE,,3,111,8.17327237573116,,6.521251593714805,29,10.973849589687488,9.563718964395301,FAIL_TRANSITION_GUARDRAIL,True,True,False,False,NOT_SELECTED,
rolling_origin_2021-05-18,Z03_rbf_svr,7,c0b800cb6b60a786241a620bbd4aba6cddaee610bc8733f5cc4a00cdb04e7070,"{""C"":10.0,""epsilon"":0.5,""gamma"":0.01}",COMPLETE,,3,111,6.26268370242155,,6.521251593714805,29,8.869150512454457,9.563718964395301,PASS,True,True,True,False,NOT_SELECTED,
rolling_origin_2021-05-18,Z03_rbf_svr,8,9894126bc46443c438f3c256423a28c3f9fa6524d18a1565d908ec29e30a9c65,"{""C"":10.0,""epsilon"":2.0,""gamma"":""scale""}",COMPLETE,,3,111,8.0766919131613,,6.521251593714805,29,11.040590514478659,9.563718964395301,FAIL_TRANSITION_GUARDRAIL,True,True,False,False,NOT_SELECTED,
rolling_origin_2021-05-18,Z03_rbf_svr,9,932106047da708e2595ebfa8722b36413863113b37e6815265635b840925a0e8,"{""C"":10.0,""epsilon"":2.0,""gamma"":0.01}",COMPLETE,,3,111,6.423867380997118,,6.521251593714805,29,8.772282276912835,9.563718964395301,PASS,True,True,True,False,NOT_SELECTED,
rolling_origin_2021-05-18,Z03_rbf_svr,10,8b0be7e24c0fe8ba1fa9eaa3318e8bc5c148de27d5614d259e4ee76fbeb2de4f,"{""C"":10.0,""epsilon"":5.0,""gamma"":""scale""}",COMPLETE,,3,111,8.517126956458332,,6.521251593714805,29,11.164662348971587,9.563718964395301,FAIL_TRANSITION_GUARDRAIL,True,True,False,False,NOT_SELECTED,
rolling_origin_2021-05-18,Z03_rbf_svr,11,2e89ca8131a67a0515a0715aaf73c81e263455310898449968ece269fb3becf6,"{""C"":10.0,""epsilon"":5.0,""gamma"":0.01}",COMPLETE,,3,111,6.6374205698530595,,6.521251593714805,29,8.994615012242152,9.563718964395301,PASS,True,True,True,False,NOT_SELECTED,
rolling_origin_2021-05-18,Z03_rbf_svr,12,9090d162191a276b63afe850fa4ad0c48a4b760770c973bb460168cbb9cecebf,"{""C"":100.0,""epsilon"":0.5,""gamma"":""scale""}",COMPLETE,,3,111,7.955152517702344,,6.521251593714805,29,10.524536982599766,9.563718964395301,FAIL_TRANSITION_GUARDRAIL,True,True,False,False,NOT_SELECTED,
rolling_origin_2021-05-18,Z03_rbf_svr,13,c58ee565e5e894b06ab0561ba3d872ee93c59aa2bfff4f771137d2e0fa0bc768,"{""C"":100.0,""epsilon"":0.5,""gamma"":0.01}",COMPLETE,,3,111,6.620491623719168,,6.521251593714805,29,8.252279729036808,9.563718964395301,PASS,True,True,True,False,NOT_SELECTED,
rolling_origin_2021-05-18,Z03_rbf_svr,14,3fd0800504dde571a084f4f2e2b575dc909c7193d2dd8a915fba677472f2d39d,"{""C"":100.0,""epsilon"":2.0,""gamma"":""scale""}",COMPLETE,,3,111,8.067055406353473,,6.521251593714805,29,10.431992335955355,9.563718964395301,PASS,True,True,True,False,NOT_SELECTED,
rolling_origin_2021-05-18,Z03_rbf_svr,15,b9e55f1ea146daaf019c31aae3f61abdd8a0c096b44c2ac7387108da5f3f2453,"{""C"":100.0,""epsilon"":2.0,""gamma"":0.01}",COMPLETE,,3,111,6.399263467316573,,6.521251593714805,29,8.180948876637446,9.563718964395301,PASS,True,True,True,False,NOT_SELECTED,
rolling_origin_2021-05-18,Z03_rbf_svr,16,54fe2fdf903febfe7ac60787d31f2a25d6dad93364d67b0167d18c34d2edc8e1,"{""C"":100.0,""epsilon"":5.0,""gamma"":""scale""}",COMPLETE,,3,111,8.021859705266321,,6.521251593714805,29,10.343720458165013,9.563718964395301,PASS,True,True,True,False,NOT_SELECTED,
rolling_origin_2021-05-18,Z03_rbf_svr,17,4f2f0f193d33a6d91fff7b81171b2cc65169a520262a15164b8e0456736c8e8e,"{""C"":100.0,""epsilon"":5.0,""gamma"":0.01}",COMPLETE,,3,111,6.1126110377857765,,6.521251593714805,29,7.799553851272193,9.563718964395301,PASS,True,True,True,True,SELECTED_PREREGISTERED_GUARDRAILS_PASS,
rolling_origin_2021-07-13,Z03_rbf_svr,0,2a2e555f10b860ae5366037d5c37ee0a231da4ec054ee907141d15ef378f8378,"{""C"":1.0,""epsilon"":0.5,""gamma"":""scale""}",COMPLETE,,3,180,9.321141618627815,,5.3463586566178165,45,9.128071613851912,7.405224533824608,FAIL_TRANSITION_GUARDRAIL,True,True,False,False,NOT_SELECTED,
rolling_origin_2021-07-13,Z03_rbf_svr,1,5761e7b5ce6227276b422b97245285aece4dc6f78f2c4b250218996cb8a1b493,"{""C"":1.0,""epsilon"":0.5,""gamma"":0.01}",COMPLETE,,3,180,10.031229121719926,,5.3463586566178165,45,8.873222727858064,7.405224533824608,FAIL_TRANSITION_GUARDRAIL,True,True,False,False,NOT_SELECTED,
rolling_origin_2021-07-13,Z03_rbf_svr,2,80134f2a1e08e2fc9467707bcc85b9989c978a31d8266b2e8480f95bee3426dc,"{""C"":1.0,""epsilon"":2.0,""gamma"":""scale""}",COMPLETE,,3,180,9.222829726629005,,5.3463586566178165,45,9.228846293355927,7.405224533824608,FAIL_TRANSITION_GUARDRAIL,True,True,False,False,NOT_SELECTED,
rolling_origin_2021-07-13,Z03_rbf_svr,3,1b852a7a9be729635fc078f8060bd8623feb8dbbd97b82671f18ac1eba13b8fd,"{""C"":1.0,""epsilon"":2.0,""gamma"":0.01}",COMPLETE,,3,180,10.022092122022352,,5.3463586566178165,45,8.831771335151187,7.405224533824608,FAIL_TRANSITION_GUARDRAIL,True,True,False,False,NOT_SELECTED,
rolling_origin_2021-07-13,Z03_rbf_svr,4,89418c62d041bf921ccf869dce8b4b8cf0759d0fe9cb5ede171ad4a1c29803a9,"{""C"":1.0,""epsilon"":5.0,""gamma"":""scale""}",COMPLETE,,3,180,9.324754909600248,,5.3463586566178165,45,9.050577994352915,7.405224533824608,FAIL_TRANSITION_GUARDRAIL,True,True,False,False,NOT_SELECTED,
rolling_origin_2021-07-13,Z03_rbf_svr,5,d5d32d5739b783d8260cce8d0ece0e515924fb66b3976c05e2414af97cd4689f,"{""C"":1.0,""epsilon"":5.0,""gamma"":0.01}",COMPLETE,,3,180,9.87689493285354,,5.3463586566178165,45,8.80814000728672,7.405224533824608,FAIL_TRANSITION_GUARDRAIL,True,True,False,False,NOT_SELECTED,
rolling_origin_2021-07-13,Z03_rbf_svr,6,329ad8ee051062c81c2f70bc4a285cf673ee9ff20082689f65e9c476f9618435,"{""C"":10.0,""epsilon"":0.5,""gamma"":""scale""}",COMPLETE,,3,180,6.439755411929093,,5.3463586566178165,45,7.474958100138171,7.405224533824608,PASS,True,True,True,False,NOT_SELECTED,
rolling_origin_2021-07-13,Z03_rbf_svr,7,c0b800cb6b60a786241a620bbd4aba6cddaee610bc8733f5cc4a00cdb04e7070,"{""C"":10.0,""epsilon"":0.5,""gamma"":0.01}",COMPLETE,,3,180,4.742633393186896,,5.3463586566178165,45,5.414697425633264,7.405224533824608,PASS,True,True,True,True,SELECTED_PREREGISTERED_GUARDRAILS_PASS,
rolling_origin_2021-07-13,Z03_rbf_svr,8,9894126bc46443c438f3c256423a28c3f9fa6524d18a1565d908ec29e30a9c65,"{""C"":10.0,""epsilon"":2.0,""gamma"":""scale""}",COMPLETE,,3,180,6.330700897189917,,5.3463586566178165,45,7.445742937499613,7.405224533824608,PASS,True,True,True,False,NOT_SELECTED,
rolling_origin_2021-07-13,Z03_rbf_svr,9,932106047da708e2595ebfa8722b36413863113b37e6815265635b840925a0e8,"{""C"":10.0,""epsilon"":2.0,""gamma"":0.01}",COMPLETE,,3,180,4.937138392376865,,5.3463586566178165,45,5.5220257010643,7.405224533824608,PASS,True,True,True,False,NOT_SELECTED,
rolling_origin_2021-07-13,Z03_rbf_svr,10,8b0be7e24c0fe8ba1fa9eaa3318e8bc5c148de27d5614d259e4ee76fbeb2de4f,"{""C"":10.0,""epsilon"":5.0,""gamma"":""scale""}",COMPLETE,,3,180,6.568855236664792,,5.3463586566178165,45,7.20912819896014,7.405224533824608,PASS,True,True,True,False,NOT_SELECTED,
rolling_origin_2021-07-13,Z03_rbf_svr,11,2e89ca8131a67a0515a0715aaf73c81e263455310898449968ece269fb3becf6,"{""C"":10.0,""epsilon"":5.0,""gamma"":0.01}",COMPLETE,,3,180,4.90478778795513,,5.3463586566178165,45,5.612605876799601,7.405224533824608,PASS,True,True,True,False,NOT_SELECTED,
rolling_origin_2021-07-13,Z03_rbf_svr,12,9090d162191a276b63afe850fa4ad0c48a4b760770c973bb460168cbb9cecebf,"{""C"":100.0,""epsilon"":0.5,""gamma"":""scale""}",COMPLETE,,3,180,6.706994962661507,,5.3463586566178165,45,8.183151453452616,7.405224533824608,FAIL_TRANSITION_GUARDRAIL,True,True,False,False,NOT_SELECTED,
rolling_origin_2021-07-13,Z03_rbf_svr,13,c58ee565e5e894b06ab0561ba3d872ee93c59aa2bfff4f771137d2e0fa0bc768,"{""C"":100.0,""epsilon"":0.5,""gamma"":0.01}",COMPLETE,,3,180,5.40361879522676,,5.3463586566178165,45,6.485384911254707,7.405224533824608,PASS,True,True,True,False,NOT_SELECTED,
rolling_origin_2021-07-13,Z03_rbf_svr,14,3fd0800504dde571a084f4f2e2b575dc909c7193d2dd8a915fba677472f2d39d,"{""C"":100.0,""epsilon"":2.0,""gamma"":""scale""}",COMPLETE,,3,180,6.520029383924897,,5.3463586566178165,45,7.581411584265137,7.405224533824608,PASS,True,True,True,False,NOT_SELECTED,
rolling_origin_2021-07-13,Z03_rbf_svr,15,b9e55f1ea146daaf019c31aae3f61abdd8a0c096b44c2ac7387108da5f3f2453,"{""C"":100.0,""epsilon"":2.0,""gamma"":0.01}",COMPLETE,,3,180,5.292627673510756,,5.3463586566178165,45,6.25982881465591,7.405224533824608,PASS,True,True,True,False,NOT_SELECTED,
rolling_origin_2021-07-13,Z03_rbf_svr,16,54fe2fdf903febfe7ac60787d31f2a25d6dad93364d67b0167d18c34d2edc8e1,"{""C"":100.0,""epsilon"":5.0,""gamma"":""scale""}",COMPLETE,,3,180,6.35012408933502,,5.3463586566178165,45,7.0241455459665,7.405224533824608,PASS,True,True,True,False,NOT_SELECTED,
rolling_origin_2021-07-13,Z03_rbf_svr,17,4f2f0f193d33a6d91fff7b81171b2cc65169a520262a15164b8e0456736c8e8e,"{""C"":100.0,""epsilon"":5.0,""gamma"":0.01}",COMPLETE,,3,180,5.109578552463267,,5.3463586566178165,45,6.075159138486868,7.405224533824608,PASS,True,True,True,False,NOT_SELECTED,
rolling_origin_2021-11-02,Z03_rbf_svr,0,2a2e555f10b860ae5366037d5c37ee0a231da4ec054ee907141d15ef378f8378,"{""C"":1.0,""epsilon"":0.5,""gamma"":""scale""}",COMPLETE,,3,110,7.493614881365942,,5.388572394150334,28,6.308540880826079,6.423245253982816,PASS,True,True,True,False,NOT_SELECTED,
rolling_origin_2021-11-02,Z03_rbf_svr,1,5761e7b5ce6227276b422b97245285aece4dc6f78f2c4b250218996cb8a1b493,"{""C"":1.0,""epsilon"":0.5,""gamma"":0.01}",COMPLETE,,3,110,8.134997959060046,,5.388572394150334,28,6.053244175007756,6.423245253982816,PASS,True,True,True,False,NOT_SELECTED,
rolling_origin_2021-11-02,Z03_rbf_svr,2,80134f2a1e08e2fc9467707bcc85b9989c978a31d8266b2e8480f95bee3426dc,"{""C"":1.0,""epsilon"":2.0,""gamma"":""scale""}",COMPLETE,,3,110,7.527509359691232,,5.388572394150334,28,6.466046377281257,6.423245253982816,PASS,True,True,True,False,NOT_SELECTED,
rolling_origin_2021-11-02,Z03_rbf_svr,3,1b852a7a9be729635fc078f8060bd8623feb8dbbd97b82671f18ac1eba13b8fd,"{""C"":1.0,""epsilon"":2.0,""gamma"":0.01}",COMPLETE,,3,110,8.19103239821551,,5.388572394150334,28,6.019887612404743,6.423245253982816,PASS,True,True,True,False,NOT_SELECTED,
rolling_origin_2021-11-02,Z03_rbf_svr,4,89418c62d041bf921ccf869dce8b4b8cf0759d0fe9cb5ede171ad4a1c29803a9,"{""C"":1.0,""epsilon"":5.0,""gamma"":""scale""}",COMPLETE,,3,110,7.714927296737065,,5.388572394150334,28,6.104508073200778,6.423245253982816,PASS,True,True,True,False,NOT_SELECTED,
rolling_origin_2021-11-02,Z03_rbf_svr,5,d5d32d5739b783d8260cce8d0ece0e515924fb66b3976c05e2414af97cd4689f,"{""C"":1.0,""epsilon"":5.0,""gamma"":0.01}",COMPLETE,,3,110,8.207978614346262,,5.388572394150334,28,5.984111881480047,6.423245253982816,PASS,True,True,True,False,NOT_SELECTED,
rolling_origin_2021-11-02,Z03_rbf_svr,6,329ad8ee051062c81c2f70bc4a285cf673ee9ff20082689f65e9c476f9618435,"{""C"":10.0,""epsilon"":0.5,""gamma"":""scale""}",COMPLETE,,3,110,5.934486145380265,,5.388572394150334,28,5.983763609829026,6.423245253982816,PASS,True,True,True,False,NOT_SELECTED,
rolling_origin_2021-11-02,Z03_rbf_svr,7,c0b800cb6b60a786241a620bbd4aba6cddaee610bc8733f5cc4a00cdb04e7070,"{""C"":10.0,""epsilon"":0.5,""gamma"":0.01}",COMPLETE,,3,110,4.875653176264604,,5.388572394150334,28,5.465558386037827,6.423245253982816,PASS,True,True,True,False,NOT_SELECTED,
rolling_origin_2021-11-02,Z03_rbf_svr,8,9894126bc46443c438f3c256423a28c3f9fa6524d18a1565d908ec29e30a9c65,"{""C"":10.0,""epsilon"":2.0,""gamma"":""scale""}",COMPLETE,,3,110,5.834604341772308,,5.388572394150334,28,5.919316579214832,6.423245253982816,PASS,True,True,True,False,NOT_SELECTED,
rolling_origin_2021-11-02,Z03_rbf_svr,9,932106047da708e2595ebfa8722b36413863113b37e6815265635b840925a0e8,"{""C"":10.0,""epsilon"":2.0,""gamma"":0.01}",COMPLETE,,3,110,4.966087945749484,,5.388572394150334,28,5.481572136744269,6.423245253982816,PASS,True,True,True,False,NOT_SELECTED,
rolling_origin_2021-11-02,Z03_rbf_svr,10,8b0be7e24c0fe8ba1fa9eaa3318e8bc5c148de27d5614d259e4ee76fbeb2de4f,"{""C"":10.0,""epsilon"":5.0,""gamma"":""scale""}",COMPLETE,,3,110,5.856194632403334,,5.388572394150334,28,5.15737116129231,6.423245253982816,PASS,True,True,True,False,NOT_SELECTED,
rolling_origin_2021-11-02,Z03_rbf_svr,11,2e89ca8131a67a0515a0715aaf73c81e263455310898449968ece269fb3becf6,"{""C"":10.0,""epsilon"":5.0,""gamma"":0.01}",COMPLETE,,3,110,4.5430063474630495,,5.388572394150334,28,4.764383555028603,6.423245253982816,PASS,True,True,True,True,SELECTED_PREREGISTERED_GUARDRAILS_PASS,
rolling_origin_2021-11-02,Z03_rbf_svr,12,9090d162191a276b63afe850fa4ad0c48a4b760770c973bb460168cbb9cecebf,"{""C"":100.0,""epsilon"":0.5,""gamma"":""scale""}",COMPLETE,,3,110,6.621021101092982,,5.388572394150334,28,7.21695247304955,6.423245253982816,FAIL_TRANSITION_GUARDRAIL,True,True,False,False,NOT_SELECTED,
rolling_origin_2021-11-02,Z03_rbf_svr,13,c58ee565e5e894b06ab0561ba3d872ee93c59aa2bfff4f771137d2e0fa0bc768,"{""C"":100.0,""epsilon"":0.5,""gamma"":0.01}",COMPLETE,,3,110,5.59707235337641,,5.388572394150334,28,7.313617777456767,6.423245253982816,FAIL_TRANSITION_GUARDRAIL,True,True,False,False,NOT_SELECTED,
rolling_origin_2021-11-02,Z03_rbf_svr,14,3fd0800504dde571a084f4f2e2b575dc909c7193d2dd8a915fba677472f2d39d,"{""C"":100.0,""epsilon"":2.0,""gamma"":""scale""}",COMPLETE,,3,110,6.189186349804432,,5.388572394150334,28,6.238125775678336,6.423245253982816,PASS,True,True,True,False,NOT_SELECTED,
rolling_origin_2021-11-02,Z03_rbf_svr,15,b9e55f1ea146daaf019c31aae3f61abdd8a0c096b44c2ac7387108da5f3f2453,"{""C"":100.0,""epsilon"":2.0,""gamma"":0.01}",COMPLETE,,3,110,5.575970478319397,,5.388572394150334,28,7.082498976592375,6.423245253982816,FAIL_TRANSITION_GUARDRAIL,True,True,False,False,NOT_SELECTED,
rolling_origin_2021-11-02,Z03_rbf_svr,16,54fe2fdf903febfe7ac60787d31f2a25d6dad93364d67b0167d18c34d2edc8e1,"{""C"":100.0,""epsilon"":5.0,""gamma"":""scale""}",COMPLETE,,3,110,5.87398201960203,,5.388572394150334,28,5.405056620813512,6.423245253982816,PASS,True,True,True,False,NOT_SELECTED,
rolling_origin_2021-11-02,Z03_rbf_svr,17,4f2f0f193d33a6d91fff7b81171b2cc65169a520262a15164b8e0456736c8e8e,"{""C"":100.0,""epsilon"":5.0,""gamma"":0.01}",COMPLETE,,3,110,5.426504547131684,,5.388572394150334,28,6.505452484227878,6.423245253982816,PASS,True,True,True,False,NOT_SELECTED,
rolling_origin_2022-03-01,Z03_rbf_svr,0,2a2e555f10b860ae5366037d5c37ee0a231da4ec054ee907141d15ef378f8378,"{""C"":1.0,""epsilon"":0.5,""gamma"":""scale""}",COMPLETE,,3,187,7.819328459434776,,5.589386294271756,60,9.067912664242662,6.601388429505467,FAIL_TRANSITION_GUARDRAIL,True,True,False,False,NOT_SELECTED,
rolling_origin_2022-03-01,Z03_rbf_svr,1,5761e7b5ce6227276b422b97245285aece4dc6f78f2c4b250218996cb8a1b493,"{""C"":1.0,""epsilon"":0.5,""gamma"":0.01}",COMPLETE,,3,187,8.30530523727616,,5.589386294271756,60,8.051617789028374,6.601388429505467,FAIL_TRANSITION_GUARDRAIL,True,True,False,False,NOT_SELECTED,
rolling_origin_2022-03-01,Z03_rbf_svr,2,80134f2a1e08e2fc9467707bcc85b9989c978a31d8266b2e8480f95bee3426dc,"{""C"":1.0,""epsilon"":2.0,""gamma"":""scale""}",COMPLETE,,3,187,7.886494935222446,,5.589386294271756,60,9.137105577672155,6.601388429505467,FAIL_TRANSITION_GUARDRAIL,True,True,False,False,NOT_SELECTED,
rolling_origin_2022-03-01,Z03_rbf_svr,3,1b852a7a9be729635fc078f8060bd8623feb8dbbd97b82671f18ac1eba13b8fd,"{""C"":1.0,""epsilon"":2.0,""gamma"":0.01}",COMPLETE,,3,187,8.33233437072863,,5.589386294271756,60,8.035926226908403,6.601388429505467,FAIL_TRANSITION_GUARDRAIL,True,True,False,False,NOT_SELECTED,
rolling_origin_2022-03-01,Z03_rbf_svr,4,89418c62d041bf921ccf869dce8b4b8cf0759d0fe9cb5ede171ad4a1c29803a9,"{""C"":1.0,""epsilon"":5.0,""gamma"":""scale""}",COMPLETE,,3,187,8.12964726466239,,5.589386294271756,60,9.053413216230155,6.601388429505467,FAIL_TRANSITION_GUARDRAIL,True,True,False,False,NOT_SELECTED,
rolling_origin_2022-03-01,Z03_rbf_svr,5,d5d32d5739b783d8260cce8d0ece0e515924fb66b3976c05e2414af97cd4689f,"{""C"":1.0,""epsilon"":5.0,""gamma"":0.01}",COMPLETE,,3,187,8.460080178093122,,5.589386294271756,60,8.043945024235192,6.601388429505467,FAIL_TRANSITION_GUARDRAIL,True,True,False,False,NOT_SELECTED,
rolling_origin_2022-03-01,Z03_rbf_svr,6,329ad8ee051062c81c2f70bc4a285cf673ee9ff20082689f65e9c476f9618435,"{""C"":10.0,""epsilon"":0.5,""gamma"":""scale""}",COMPLETE,,3,187,6.505724461242768,,5.589386294271756,60,8.823980507253316,6.601388429505467,FAIL_TRANSITION_GUARDRAIL,True,True,False,False,NOT_SELECTED,
rolling_origin_2022-03-01,Z03_rbf_svr,7,c0b800cb6b60a786241a620bbd4aba6cddaee610bc8733f5cc4a00cdb04e7070,"{""C"":10.0,""epsilon"":0.5,""gamma"":0.01}",COMPLETE,,3,187,5.834279364810029,,5.589386294271756,60,7.762386375146378,6.601388429505467,FAIL_TRANSITION_GUARDRAIL,True,True,False,False,NOT_SELECTED,
rolling_origin_2022-03-01,Z03_rbf_svr,8,9894126bc46443c438f3c256423a28c3f9fa6524d18a1565d908ec29e30a9c65,"{""C"":10.0,""epsilon"":2.0,""gamma"":""scale""}",COMPLETE,,3,187,6.36838988721072,,5.589386294271756,60,8.51724962212099,6.601388429505467,FAIL_TRANSITION_GUARDRAIL,True,True,False,False,NOT_SELECTED,
rolling_origin_2022-03-01,Z03_rbf_svr,9,932106047da708e2595ebfa8722b36413863113b37e6815265635b840925a0e8,"{""C"":10.0,""epsilon"":2.0,""gamma"":0.01}",COMPLETE,,3,187,5.78065833568543,,5.589386294271756,60,7.505803019625039,6.601388429505467,FAIL_TRANSITION_GUARDRAIL,True,True,False,False,NOT_SELECTED,
rolling_origin_2022-03-01,Z03_rbf_svr,10,8b0be7e24c0fe8ba1fa9eaa3318e8bc5c148de27d5614d259e4ee76fbeb2de4f,"{""C"":10.0,""epsilon"":5.0,""gamma"":""scale""}",COMPLETE,,3,187,6.315192443760913,,5.589386294271756,60,8.092190471710124,6.601388429505467,FAIL_TRANSITION_GUARDRAIL,True,True,False,False,NOT_SELECTED,
rolling_origin_2022-03-01,Z03_rbf_svr,11,2e89ca8131a67a0515a0715aaf73c81e263455310898449968ece269fb3becf6,"{""C"":10.0,""epsilon"":5.0,""gamma"":0.01}",COMPLETE,,3,187,5.454521494324046,,5.589386294271756,60,6.994930909116013,6.601388429505467,PASS,True,True,True,True,SELECTED_PREREGISTERED_GUARDRAILS_PASS,
rolling_origin_2022-03-01,Z03_rbf_svr,12,9090d162191a276b63afe850fa4ad0c48a4b760770c973bb460168cbb9cecebf,"{""C"":100.0,""epsilon"":0.5,""gamma"":""scale""}",COMPLETE,,3,187,6.83765467813549,,5.589386294271756,60,8.575053490121423,6.601388429505467,FAIL_TRANSITION_GUARDRAIL,True,True,False,False,NOT_SELECTED,
rolling_origin_2022-03-01,Z03_rbf_svr,13,c58ee565e5e894b06ab0561ba3d872ee93c59aa2bfff4f771137d2e0fa0bc768,"{""C"":100.0,""epsilon"":0.5,""gamma"":0.01}",COMPLETE,,3,187,6.13168532242221,,5.589386294271756,60,8.486293432600236,6.601388429505467,FAIL_TRANSITION_GUARDRAIL,True,True,False,False,NOT_SELECTED,
rolling_origin_2022-03-01,Z03_rbf_svr,14,3fd0800504dde571a084f4f2e2b575dc909c7193d2dd8a915fba677472f2d39d,"{""C"":100.0,""epsilon"":2.0,""gamma"":""scale""}",COMPLETE,,3,187,6.511800551644329,,5.589386294271756,60,7.990133857171239,6.601388429505467,FAIL_TRANSITION_GUARDRAIL,True,True,False,False,NOT_SELECTED,
rolling_origin_2022-03-01,Z03_rbf_svr,15,b9e55f1ea146daaf019c31aae3f61abdd8a0c096b44c2ac7387108da5f3f2453,"{""C"":100.0,""epsilon"":2.0,""gamma"":0.01}",COMPLETE,,3,187,6.149592664446134,,5.589386294271756,60,8.206384142456285,6.601388429505467,FAIL_TRANSITION_GUARDRAIL,True,True,False,False,NOT_SELECTED,
rolling_origin_2022-03-01,Z03_rbf_svr,16,54fe2fdf903febfe7ac60787d31f2a25d6dad93364d67b0167d18c34d2edc8e1,"{""C"":100.0,""epsilon"":5.0,""gamma"":""scale""}",COMPLETE,,3,187,6.228296837676999,,5.589386294271756,60,7.778979058776146,6.601388429505467,FAIL_TRANSITION_GUARDRAIL,True,True,False,False,NOT_SELECTED,
rolling_origin_2022-03-01,Z03_rbf_svr,17,4f2f0f193d33a6d91fff7b81171b2cc65169a520262a15164b8e0456736c8e8e,"{""C"":100.0,""epsilon"":5.0,""gamma"":0.01}",COMPLETE,,3,187,5.929488009170077,,5.589386294271756,60,7.810167018553823,6.601388429505467,FAIL_TRANSITION_GUARDRAIL,True,True,False,False,NOT_SELECTED,
rolling_origin_2022-05-17,Z03_rbf_svr,0,2a2e555f10b860ae5366037d5c37ee0a231da4ec054ee907141d15ef378f8378,"{""C"":1.0,""epsilon"":0.5,""gamma"":""scale""}",COMPLETE,,3,117,8.744828269447975,,6.148306518052798,39,12.62731903457893,7.154912105640262,FAIL_TRANSITION_GUARDRAIL,True,True,False,False,NOT_SELECTED,
rolling_origin_2022-05-17,Z03_rbf_svr,1,5761e7b5ce6227276b422b97245285aece4dc6f78f2c4b250218996cb8a1b493,"{""C"":1.0,""epsilon"":0.5,""gamma"":0.01}",COMPLETE,,3,117,8.85838925705602,,6.148306518052798,39,11.056330883534683,7.154912105640262,FAIL_TRANSITION_GUARDRAIL,True,True,False,False,NOT_SELECTED,
rolling_origin_2022-05-17,Z03_rbf_svr,2,80134f2a1e08e2fc9467707bcc85b9989c978a31d8266b2e8480f95bee3426dc,"{""C"":1.0,""epsilon"":2.0,""gamma"":""scale""}",COMPLETE,,3,117,8.835431697684665,,6.148306518052798,39,12.606732033539158,7.154912105640262,FAIL_TRANSITION_GUARDRAIL,True,True,False,False,NOT_SELECTED,
rolling_origin_2022-05-17,Z03_rbf_svr,3,1b852a7a9be729635fc078f8060bd8623feb8dbbd97b82671f18ac1eba13b8fd,"{""C"":1.0,""epsilon"":2.0,""gamma"":0.01}",COMPLETE,,3,117,8.86109329550345,,6.148306518052798,39,11.094995896771126,7.154912105640262,FAIL_TRANSITION_GUARDRAIL,True,True,False,False,NOT_SELECTED,
rolling_origin_2022-05-17,Z03_rbf_svr,4,89418c62d041bf921ccf869dce8b4b8cf0759d0fe9cb5ede171ad4a1c29803a9,"{""C"":1.0,""epsilon"":5.0,""gamma"":""scale""}",COMPLETE,,3,117,9.141971702685243,,6.148306518052798,39,12.680941798506085,7.154912105640262,FAIL_TRANSITION_GUARDRAIL,True,True,False,False,NOT_SELECTED,
rolling_origin_2022-05-17,Z03_rbf_svr,5,d5d32d5739b783d8260cce8d0ece0e515924fb66b3976c05e2414af97cd4689f,"{""C"":1.0,""epsilon"":5.0,""gamma"":0.01}",COMPLETE,,3,117,9.064517465276372,,6.148306518052798,39,11.100444331178462,7.154912105640262,FAIL_TRANSITION_GUARDRAIL,True,True,False,False,NOT_SELECTED,
rolling_origin_2022-05-17,Z03_rbf_svr,6,329ad8ee051062c81c2f70bc4a285cf673ee9ff20082689f65e9c476f9618435,"{""C"":10.0,""epsilon"":0.5,""gamma"":""scale""}",COMPLETE,,3,117,7.91144249244871,,6.148306518052798,39,12.487176367312586,7.154912105640262,FAIL_TRANSITION_GUARDRAIL,True,True,False,False,NOT_SELECTED,
rolling_origin_2022-05-17,Z03_rbf_svr,7,c0b800cb6b60a786241a620bbd4aba6cddaee610bc8733f5cc4a00cdb04e7070,"{""C"":10.0,""epsilon"":0.5,""gamma"":0.01}",COMPLETE,,3,117,7.432209762288154,,6.148306518052798,39,11.548615092491142,7.154912105640262,FAIL_TRANSITION_GUARDRAIL,True,True,False,False,NOT_SELECTED,
rolling_origin_2022-05-17,Z03_rbf_svr,8,9894126bc46443c438f3c256423a28c3f9fa6524d18a1565d908ec29e30a9c65,"{""C"":10.0,""epsilon"":2.0,""gamma"":""scale""}",COMPLETE,,3,117,7.747569109147423,,6.148306518052798,39,12.052344179882452,7.154912105640262,FAIL_TRANSITION_GUARDRAIL,True,True,False,False,NOT_SELECTED,
rolling_origin_2022-05-17,Z03_rbf_svr,9,932106047da708e2595ebfa8722b36413863113b37e6815265635b840925a0e8,"{""C"":10.0,""epsilon"":2.0,""gamma"":0.01}",COMPLETE,,3,117,7.2870916978276785,,6.148306518052798,39,11.22189795534759,7.154912105640262,FAIL_TRANSITION_GUARDRAIL,True,True,False,False,NOT_SELECTED,
rolling_origin_2022-05-17,Z03_rbf_svr,10,8b0be7e24c0fe8ba1fa9eaa3318e8bc5c148de27d5614d259e4ee76fbeb2de4f,"{""C"":10.0,""epsilon"":5.0,""gamma"":""scale""}",COMPLETE,,3,117,7.742335116172494,,6.148306518052798,39,11.761702538724164,7.154912105640262,FAIL_TRANSITION_GUARDRAIL,True,True,False,False,NOT_SELECTED,
rolling_origin_2022-05-17,Z03_rbf_svr,11,2e89ca8131a67a0515a0715aaf73c81e263455310898449968ece269fb3becf6,"{""C"":10.0,""epsilon"":5.0,""gamma"":0.01}",COMPLETE,,3,117,7.075217804127263,,6.148306518052798,39,10.484911257402825,7.154912105640262,FAIL_TRANSITION_GUARDRAIL,True,True,False,False,NOT_SELECTED,
rolling_origin_2022-05-17,Z03_rbf_svr,12,9090d162191a276b63afe850fa4ad0c48a4b760770c973bb460168cbb9cecebf,"{""C"":100.0,""epsilon"":0.5,""gamma"":""scale""}",COMPLETE,,3,117,7.671530749974078,,6.148306518052798,39,11.029777748452744,7.154912105640262,FAIL_TRANSITION_GUARDRAIL,True,True,False,False,NOT_SELECTED,
rolling_origin_2022-05-17,Z03_rbf_svr,13,c58ee565e5e894b06ab0561ba3d872ee93c59aa2bfff4f771137d2e0fa0bc768,"{""C"":100.0,""epsilon"":0.5,""gamma"":0.01}",COMPLETE,,3,117,7.074133657461324,,6.148306518052798,39,10.790988926612133,7.154912105640262,FAIL_TRANSITION_GUARDRAIL,True,True,False,False,NOT_SELECTED,
rolling_origin_2022-05-17,Z03_rbf_svr,14,3fd0800504dde571a084f4f2e2b575dc909c7193d2dd8a915fba677472f2d39d,"{""C"":100.0,""epsilon"":2.0,""gamma"":""scale""}",COMPLETE,,3,117,7.612892334929982,,6.148306518052798,39,10.73023399419994,7.154912105640262,FAIL_TRANSITION_GUARDRAIL,True,True,False,False,NOT_SELECTED,
rolling_origin_2022-05-17,Z03_rbf_svr,15,b9e55f1ea146daaf019c31aae3f61abdd8a0c096b44c2ac7387108da5f3f2453,"{""C"":100.0,""epsilon"":2.0,""gamma"":0.01}",COMPLETE,,3,117,7.1528536990382845,,6.148306518052798,39,10.7377656469402,7.154912105640262,FAIL_TRANSITION_GUARDRAIL,True,True,False,False,NOT_SELECTED,
rolling_origin_2022-05-17,Z03_rbf_svr,16,54fe2fdf903febfe7ac60787d31f2a25d6dad93364d67b0167d18c34d2edc8e1,"{""C"":100.0,""epsilon"":5.0,""gamma"":""scale""}",COMPLETE,,3,117,7.461106877903807,,6.148306518052798,39,11.074296050037361,7.154912105640262,FAIL_TRANSITION_GUARDRAIL,True,True,False,False,NOT_SELECTED,
rolling_origin_2022-05-17,Z03_rbf_svr,17,4f2f0f193d33a6d91fff7b81171b2cc65169a520262a15164b8e0456736c8e8e,"{""C"":100.0,""epsilon"":5.0,""gamma"":0.01}",COMPLETE,,3,117,6.923365180864221,,6.148306518052798,39,10.184024025797063,7.154912105640262,FAIL_TRANSITION_GUARDRAIL,True,True,False,True,DIAGNOSTIC_FALLBACK_NO_ELIGIBLE_CANDIDATE,
rolling_origin_2022-07-19,Z03_rbf_svr,0,2a2e555f10b860ae5366037d5c37ee0a231da4ec054ee907141d15ef378f8378,"{""C"":1.0,""epsilon"":0.5,""gamma"":""scale""}",COMPLETE,,3,194,8.549424315836225,,5.336089923564329,52,14.316228551507226,7.2165938149920965,FAIL_TRANSITION_GUARDRAIL,True,True,False,False,NOT_SELECTED,
rolling_origin_2022-07-19,Z03_rbf_svr,1,5761e7b5ce6227276b422b97245285aece4dc6f78f2c4b250218996cb8a1b493,"{""C"":1.0,""epsilon"":0.5,""gamma"":0.01}",COMPLETE,,3,194,8.65354602936343,,5.336089923564329,52,12.872705544096423,7.2165938149920965,FAIL_TRANSITION_GUARDRAIL,True,True,False,False,NOT_SELECTED,
rolling_origin_2022-07-19,Z03_rbf_svr,2,80134f2a1e08e2fc9467707bcc85b9989c978a31d8266b2e8480f95bee3426dc,"{""C"":1.0,""epsilon"":2.0,""gamma"":""scale""}",COMPLETE,,3,194,8.600656014143127,,5.336089923564329,52,14.335587448413166,7.2165938149920965,FAIL_TRANSITION_GUARDRAIL,True,True,False,False,NOT_SELECTED,
rolling_origin_2022-07-19,Z03_rbf_svr,3,1b852a7a9be729635fc078f8060bd8623feb8dbbd97b82671f18ac1eba13b8fd,"{""C"":1.0,""epsilon"":2.0,""gamma"":0.01}",COMPLETE,,3,194,8.705706523433042,,5.336089923564329,52,12.913694703249584,7.2165938149920965,FAIL_TRANSITION_GUARDRAIL,True,True,False,False,NOT_SELECTED,
rolling_origin_2022-07-19,Z03_rbf_svr,4,89418c62d041bf921ccf869dce8b4b8cf0759d0fe9cb5ede171ad4a1c29803a9,"{""C"":1.0,""epsilon"":5.0,""gamma"":""scale""}",COMPLETE,,3,194,8.952932829994687,,5.336089923564329,52,14.413557954353662,7.2165938149920965,FAIL_TRANSITION_GUARDRAIL,True,True,False,False,NOT_SELECTED,
rolling_origin_2022-07-19,Z03_rbf_svr,5,d5d32d5739b783d8260cce8d0ece0e515924fb66b3976c05e2414af97cd4689f,"{""C"":1.0,""epsilon"":5.0,""gamma"":0.01}",COMPLETE,,3,194,8.979689685960961,,5.336089923564329,52,12.99605126353007,7.2165938149920965,FAIL_TRANSITION_GUARDRAIL,True,True,False,False,NOT_SELECTED,
rolling_origin_2022-07-19,Z03_rbf_svr,6,329ad8ee051062c81c2f70bc4a285cf673ee9ff20082689f65e9c476f9618435,"{""C"":10.0,""epsilon"":0.5,""gamma"":""scale""}",COMPLETE,,3,194,7.493525086951877,,5.336089923564329,52,13.48122424038581,7.2165938149920965,FAIL_TRANSITION_GUARDRAIL,True,True,False,False,NOT_SELECTED,
rolling_origin_2022-07-19,Z03_rbf_svr,7,c0b800cb6b60a786241a620bbd4aba6cddaee610bc8733f5cc4a00cdb04e7070,"{""C"":10.0,""epsilon"":0.5,""gamma"":0.01}",COMPLETE,,3,194,6.722334185595977,,5.336089923564329,52,12.138644639188648,7.2165938149920965,FAIL_TRANSITION_GUARDRAIL,True,True,False,False,NOT_SELECTED,
rolling_origin_2022-07-19,Z03_rbf_svr,8,9894126bc46443c438f3c256423a28c3f9fa6524d18a1565d908ec29e30a9c65,"{""C"":10.0,""epsilon"":2.0,""gamma"":""scale""}",COMPLETE,,3,194,7.401639192535945,,5.336089923564329,52,13.220606396771258,7.2165938149920965,FAIL_TRANSITION_GUARDRAIL,True,True,False,False,NOT_SELECTED,
rolling_origin_2022-07-19,Z03_rbf_svr,9,932106047da708e2595ebfa8722b36413863113b37e6815265635b840925a0e8,"{""C"":10.0,""epsilon"":2.0,""gamma"":0.01}",COMPLETE,,3,194,6.560650861431872,,5.336089923564329,52,11.815780714697697,7.2165938149920965,FAIL_TRANSITION_GUARDRAIL,True,True,False,False,NOT_SELECTED,
rolling_origin_2022-07-19,Z03_rbf_svr,10,8b0be7e24c0fe8ba1fa9eaa3318e8bc5c148de27d5614d259e4ee76fbeb2de4f,"{""C"":10.0,""epsilon"":5.0,""gamma"":""scale""}",COMPLETE,,3,194,7.48815152551395,,5.336089923564329,52,12.939236963471696,7.2165938149920965,FAIL_TRANSITION_GUARDRAIL,True,True,False,False,NOT_SELECTED,
rolling_origin_2022-07-19,Z03_rbf_svr,11,2e89ca8131a67a0515a0715aaf73c81e263455310898449968ece269fb3becf6,"{""C"":10.0,""epsilon"":5.0,""gamma"":0.01}",COMPLETE,,3,194,6.539903262776428,,5.336089923564329,52,11.421532607241634,7.2165938149920965,FAIL_TRANSITION_GUARDRAIL,True,True,False,False,NOT_SELECTED,
rolling_origin_2022-07-19,Z03_rbf_svr,12,9090d162191a276b63afe850fa4ad0c48a4b760770c973bb460168cbb9cecebf,"{""C"":100.0,""epsilon"":0.5,""gamma"":""scale""}",COMPLETE,,3,194,6.929755242544458,,5.336089923564329,52,10.700388449649044,7.2165938149920965,FAIL_TRANSITION_GUARDRAIL,True,True,False,False,NOT_SELECTED,
rolling_origin_2022-07-19,Z03_rbf_svr,13,c58ee565e5e894b06ab0561ba3d872ee93c59aa2bfff4f771137d2e0fa0bc768,"{""C"":100.0,""epsilon"":0.5,""gamma"":0.01}",COMPLETE,,3,194,6.134609339745783,,5.336089923564329,52,10.243629080608798,7.2165938149920965,FAIL_TRANSITION_GUARDRAIL,True,True,False,False,NOT_SELECTED,
rolling_origin_2022-07-19,Z03_rbf_svr,14,3fd0800504dde571a084f4f2e2b575dc909c7193d2dd8a915fba677472f2d39d,"{""C"":100.0,""epsilon"":2.0,""gamma"":""scale""}",COMPLETE,,3,194,6.796352268194054,,5.336089923564329,52,10.34289957530842,7.2165938149920965,FAIL_TRANSITION_GUARDRAIL,True,True,False,False,NOT_SELECTED,
rolling_origin_2022-07-19,Z03_rbf_svr,15,b9e55f1ea146daaf019c31aae3f61abdd8a0c096b44c2ac7387108da5f3f2453,"{""C"":100.0,""epsilon"":2.0,""gamma"":0.01}",COMPLETE,,3,194,6.17225057071537,,5.336089923564329,52,10.031742855714942,7.2165938149920965,FAIL_TRANSITION_GUARDRAIL,True,True,False,False,NOT_SELECTED,
rolling_origin_2022-07-19,Z03_rbf_svr,16,54fe2fdf903febfe7ac60787d31f2a25d6dad93364d67b0167d18c34d2edc8e1,"{""C"":100.0,""epsilon"":5.0,""gamma"":""scale""}",COMPLETE,,3,194,6.890419536231074,,5.336089923564329,52,10.398953642208133,7.2165938149920965,FAIL_TRANSITION_GUARDRAIL,True,True,False,False,NOT_SELECTED,
rolling_origin_2022-07-19,Z03_rbf_svr,17,4f2f0f193d33a6d91fff7b81171b2cc65169a520262a15164b8e0456736c8e8e,"{""C"":100.0,""epsilon"":5.0,""gamma"":0.01}",COMPLETE,,3,194,5.9441167401275035,,5.336089923564329,52,9.556244177055525,7.2165938149920965,FAIL_TRANSITION_GUARDRAIL,True,True,False,True,DIAGNOSTIC_FALLBACK_NO_ELIGIBLE_CANDIDATE,
rolling_origin_2022-10-18,Z03_rbf_svr,0,2a2e555f10b860ae5366037d5c37ee0a231da4ec054ee907141d15ef378f8378,"{""C"":1.0,""epsilon"":0.5,""gamma"":""scale""}",COMPLETE,,3,116,9.633672116264119,,5.511659980307867,28,18.22087264140691,9.05739289274045,FAIL_TRANSITION_GUARDRAIL,True,True,False,False,NOT_SELECTED,
rolling_origin_2022-10-18,Z03_rbf_svr,1,5761e7b5ce6227276b422b97245285aece4dc6f78f2c4b250218996cb8a1b493,"{""C"":1.0,""epsilon"":0.5,""gamma"":0.01}",COMPLETE,,3,116,9.393803748006333,,5.511659980307867,28,16.788940122404046,9.05739289274045,FAIL_TRANSITION_GUARDRAIL,True,True,False,False,NOT_SELECTED,
rolling_origin_2022-10-18,Z03_rbf_svr,2,80134f2a1e08e2fc9467707bcc85b9989c978a31d8266b2e8480f95bee3426dc,"{""C"":1.0,""epsilon"":2.0,""gamma"":""scale""}",COMPLETE,,3,116,9.637683075160789,,5.511659980307867,28,18.269644246310595,9.05739289274045,FAIL_TRANSITION_GUARDRAIL,True,True,False,False,NOT_SELECTED,
rolling_origin_2022-10-18,Z03_rbf_svr,3,1b852a7a9be729635fc078f8060bd8623feb8dbbd97b82671f18ac1eba13b8fd,"{""C"":1.0,""epsilon"":2.0,""gamma"":0.01}",COMPLETE,,3,116,9.492176336919455,,5.511659980307867,28,16.865170950552123,9.05739289274045,FAIL_TRANSITION_GUARDRAIL,True,True,False,False,NOT_SELECTED,
rolling_origin_2022-10-18,Z03_rbf_svr,4,89418c62d041bf921ccf869dce8b4b8cf0759d0fe9cb5ede171ad4a1c29803a9,"{""C"":1.0,""epsilon"":5.0,""gamma"":""scale""}",COMPLETE,,3,116,9.980707430927854,,5.511659980307867,28,18.27362713644113,9.05739289274045,FAIL_TRANSITION_GUARDRAIL,True,True,False,False,NOT_SELECTED,
rolling_origin_2022-10-18,Z03_rbf_svr,5,d5d32d5739b783d8260cce8d0ece0e515924fb66b3976c05e2414af97cd4689f,"{""C"":1.0,""epsilon"":5.0,""gamma"":0.01}",COMPLETE,,3,116,9.799390443691879,,5.511659980307867,28,17.093235895373137,9.05739289274045,FAIL_TRANSITION_GUARDRAIL,True,True,False,False,NOT_SELECTED,
rolling_origin_2022-10-18,Z03_rbf_svr,6,329ad8ee051062c81c2f70bc4a285cf673ee9ff20082689f65e9c476f9618435,"{""C"":10.0,""epsilon"":0.5,""gamma"":""scale""}",COMPLETE,,3,116,8.583107186838776,,5.511659980307867,28,16.99702481861959,9.05739289274045,FAIL_TRANSITION_GUARDRAIL,True,True,False,False,NOT_SELECTED,
rolling_origin_2022-10-18,Z03_rbf_svr,7,c0b800cb6b60a786241a620bbd4aba6cddaee610bc8733f5cc4a00cdb04e7070,"{""C"":10.0,""epsilon"":0.5,""gamma"":0.01}",COMPLETE,,3,116,7.326530963374165,,5.511659980307867,28,15.332737692716135,9.05739289274045,FAIL_TRANSITION_GUARDRAIL,True,True,False,False,NOT_SELECTED,
rolling_origin_2022-10-18,Z03_rbf_svr,8,9894126bc46443c438f3c256423a28c3f9fa6524d18a1565d908ec29e30a9c65,"{""C"":10.0,""epsilon"":2.0,""gamma"":""scale""}",COMPLETE,,3,116,8.613231352472257,,5.511659980307867,28,17.086948394900624,9.05739289274045,FAIL_TRANSITION_GUARDRAIL,True,True,False,False,NOT_SELECTED,
rolling_origin_2022-10-18,Z03_rbf_svr,9,932106047da708e2595ebfa8722b36413863113b37e6815265635b840925a0e8,"{""C"":10.0,""epsilon"":2.0,""gamma"":0.01}",COMPLETE,,3,116,7.1838201307164224,,5.511659980307867,28,15.211986158880046,9.05739289274045,FAIL_TRANSITION_GUARDRAIL,True,True,False,False,NOT_SELECTED,
rolling_origin_2022-10-18,Z03_rbf_svr,10,8b0be7e24c0fe8ba1fa9eaa3318e8bc5c148de27d5614d259e4ee76fbeb2de4f,"{""C"":10.0,""epsilon"":5.0,""gamma"":""scale""}",COMPLETE,,3,116,8.714549714961564,,5.511659980307867,28,16.599429012892262,9.05739289274045,FAIL_TRANSITION_GUARDRAIL,True,True,False,False,NOT_SELECTED,
rolling_origin_2022-10-18,Z03_rbf_svr,11,2e89ca8131a67a0515a0715aaf73c81e263455310898449968ece269fb3becf6,"{""C"":10.0,""epsilon"":5.0,""gamma"":0.01}",COMPLETE,,3,116,7.252204153026241,,5.511659980307867,28,14.863691420770811,9.05739289274045,FAIL_TRANSITION_GUARDRAIL,True,True,False,False,NOT_SELECTED,
rolling_origin_2022-10-18,Z03_rbf_svr,12,9090d162191a276b63afe850fa4ad0c48a4b760770c973bb460168cbb9cecebf,"{""C"":100.0,""epsilon"":0.5,""gamma"":""scale""}",COMPLETE,,3,116,7.819722261786398,,5.511659980307867,28,13.733531927494408,9.05739289274045,FAIL_TRANSITION_GUARDRAIL,True,True,False,False,NOT_SELECTED,
rolling_origin_2022-10-18,Z03_rbf_svr,13,c58ee565e5e894b06ab0561ba3d872ee93c59aa2bfff4f771137d2e0fa0bc768,"{""C"":100.0,""epsilon"":0.5,""gamma"":0.01}",COMPLETE,,3,116,6.503627532958196,,5.511659980307867,28,12.395217341948804,9.05739289274045,FAIL_TRANSITION_GUARDRAIL,True,True,False,False,NOT_SELECTED,
rolling_origin_2022-10-18,Z03_rbf_svr,14,3fd0800504dde571a084f4f2e2b575dc909c7193d2dd8a915fba677472f2d39d,"{""C"":100.0,""epsilon"":2.0,""gamma"":""scale""}",COMPLETE,,3,116,7.615878060003251,,5.511659980307867,28,13.268725669871381,9.05739289274045,FAIL_TRANSITION_GUARDRAIL,True,True,False,False,NOT_SELECTED,
rolling_origin_2022-10-18,Z03_rbf_svr,15,b9e55f1ea146daaf019c31aae3f61abdd8a0c096b44c2ac7387108da5f3f2453,"{""C"":100.0,""epsilon"":2.0,""gamma"":0.01}",COMPLETE,,3,116,6.568927868492953,,5.511659980307867,28,12.334529762778262,9.05739289274045,FAIL_TRANSITION_GUARDRAIL,True,True,False,False,NOT_SELECTED,
rolling_origin_2022-10-18,Z03_rbf_svr,16,54fe2fdf903febfe7ac60787d31f2a25d6dad93364d67b0167d18c34d2edc8e1,"{""C"":100.0,""epsilon"":5.0,""gamma"":""scale""}",COMPLETE,,3,116,7.973529535226449,,5.511659980307867,28,13.03129090288934,9.05739289274045,FAIL_TRANSITION_GUARDRAIL,True,True,False,False,NOT_SELECTED,
rolling_origin_2022-10-18,Z03_rbf_svr,17,4f2f0f193d33a6d91fff7b81171b2cc65169a520262a15164b8e0456736c8e8e,"{""C"":100.0,""epsilon"":5.0,""gamma"":0.01}",COMPLETE,,3,116,6.291447382680209,,5.511659980307867,28,11.532121661467917,9.05739289274045,FAIL_TRANSITION_GUARDRAIL,True,True,False,True,DIAGNOSTIC_FALLBACK_NO_ELIGIBLE_CANDIDATE,
rolling_origin_2023-01-17,Z03_rbf_svr,0,2a2e555f10b860ae5366037d5c37ee0a231da4ec054ee907141d15ef378f8378,"{""C"":1.0,""epsilon"":0.5,""gamma"":""scale""}",COMPLETE,,3,192,10.366313559016382,,6.508072969351645,52,19.898313726400097,11.854127946903876,FAIL_TRANSITION_GUARDRAIL,True,True,False,False,NOT_SELECTED,
rolling_origin_2023-01-17,Z03_rbf_svr,1,5761e7b5ce6227276b422b97245285aece4dc6f78f2c4b250218996cb8a1b493,"{""C"":1.0,""epsilon"":0.5,""gamma"":0.01}",COMPLETE,,3,192,9.75975243664577,,6.508072969351645,52,17.215227883642772,11.854127946903876,FAIL_TRANSITION_GUARDRAIL,True,True,False,False,NOT_SELECTED,
rolling_origin_2023-01-17,Z03_rbf_svr,2,80134f2a1e08e2fc9467707bcc85b9989c978a31d8266b2e8480f95bee3426dc,"{""C"":1.0,""epsilon"":2.0,""gamma"":""scale""}",COMPLETE,,3,192,10.371986806694693,,6.508072969351645,52,19.936106172762734,11.854127946903876,FAIL_TRANSITION_GUARDRAIL,True,True,False,False,NOT_SELECTED,
rolling_origin_2023-01-17,Z03_rbf_svr,3,1b852a7a9be729635fc078f8060bd8623feb8dbbd97b82671f18ac1eba13b8fd,"{""C"":1.0,""epsilon"":2.0,""gamma"":0.01}",COMPLETE,,3,192,9.884715342043663,,6.508072969351645,52,17.378607382836606,11.854127946903876,FAIL_TRANSITION_GUARDRAIL,True,True,False,False,NOT_SELECTED,
rolling_origin_2023-01-17,Z03_rbf_svr,4,89418c62d041bf921ccf869dce8b4b8cf0759d0fe9cb5ede171ad4a1c29803a9,"{""C"":1.0,""epsilon"":5.0,""gamma"":""scale""}",COMPLETE,,3,192,10.73648600773065,,6.508072969351645,52,20.05642197225023,11.854127946903876,FAIL_TRANSITION_GUARDRAIL,True,True,False,False,NOT_SELECTED,
rolling_origin_2023-01-17,Z03_rbf_svr,5,d5d32d5739b783d8260cce8d0ece0e515924fb66b3976c05e2414af97cd4689f,"{""C"":1.0,""epsilon"":5.0,""gamma"":0.01}",COMPLETE,,3,192,10.23513792858401,,6.508072969351645,52,17.695993784066477,11.854127946903876,FAIL_TRANSITION_GUARDRAIL,True,True,False,False,NOT_SELECTED,
rolling_origin_2023-01-17,Z03_rbf_svr,6,329ad8ee051062c81c2f70bc4a285cf673ee9ff20082689f65e9c476f9618435,"{""C"":10.0,""epsilon"":0.5,""gamma"":""scale""}",COMPLETE,,3,192,8.747013402873998,,6.508072969351645,52,17.568778935330393,11.854127946903876,FAIL_TRANSITION_GUARDRAIL,True,True,False,False,NOT_SELECTED,
rolling_origin_2023-01-17,Z03_rbf_svr,7,c0b800cb6b60a786241a620bbd4aba6cddaee610bc8733f5cc4a00cdb04e7070,"{""C"":10.0,""epsilon"":0.5,""gamma"":0.01}",COMPLETE,,3,192,7.693091544249459,,6.508072969351645,52,15.107520424851801,11.854127946903876,FAIL_TRANSITION_GUARDRAIL,True,True,False,False,NOT_SELECTED,
rolling_origin_2023-01-17,Z03_rbf_svr,8,9894126bc46443c438f3c256423a28c3f9fa6524d18a1565d908ec29e30a9c65,"{""C"":10.0,""epsilon"":2.0,""gamma"":""scale""}",COMPLETE,,3,192,8.793993451420704,,6.508072969351645,52,17.580521327276895,11.854127946903876,FAIL_TRANSITION_GUARDRAIL,True,True,False,False,NOT_SELECTED,
rolling_origin_2023-01-17,Z03_rbf_svr,9,932106047da708e2595ebfa8722b36413863113b37e6815265635b840925a0e8,"{""C"":10.0,""epsilon"":2.0,""gamma"":0.01}",COMPLETE,,3,192,7.562565985905625,,6.508072969351645,52,14.924010632741018,11.854127946903876,FAIL_TRANSITION_GUARDRAIL,True,True,False,False,NOT_SELECTED,
rolling_origin_2023-01-17,Z03_rbf_svr,10,8b0be7e24c0fe8ba1fa9eaa3318e8bc5c148de27d5614d259e4ee76fbeb2de4f,"{""C"":10.0,""epsilon"":5.0,""gamma"":""scale""}",COMPLETE,,3,192,8.851939389530186,,6.508072969351645,52,17.308890755638163,11.854127946903876,FAIL_TRANSITION_GUARDRAIL,True,True,False,False,NOT_SELECTED,
rolling_origin_2023-01-17,Z03_rbf_svr,11,2e89ca8131a67a0515a0715aaf73c81e263455310898449968ece269fb3becf6,"{""C"":10.0,""epsilon"":5.0,""gamma"":0.01}",COMPLETE,,3,192,7.676691504272046,,6.508072969351645,52,14.676740756687858,11.854127946903876,FAIL_TRANSITION_GUARDRAIL,True,True,False,False,NOT_SELECTED,
rolling_origin_2023-01-17,Z03_rbf_svr,12,9090d162191a276b63afe850fa4ad0c48a4b760770c973bb460168cbb9cecebf,"{""C"":100.0,""epsilon"":0.5,""gamma"":""scale""}",COMPLETE,,3,192,7.832102746838796,,6.508072969351645,52,13.866910562169519,11.854127946903876,FAIL_TRANSITION_GUARDRAIL,True,True,False,False,NOT_SELECTED,
rolling_origin_2023-01-17,Z03_rbf_svr,13,c58ee565e5e894b06ab0561ba3d872ee93c59aa2bfff4f771137d2e0fa0bc768,"{""C"":100.0,""epsilon"":0.5,""gamma"":0.01}",COMPLETE,,3,192,6.691048505923768,,6.508072969351645,52,11.688041586365213,11.854127946903876,PASS,True,True,True,False,NOT_SELECTED,
rolling_origin_2023-01-17,Z03_rbf_svr,14,3fd0800504dde571a084f4f2e2b575dc909c7193d2dd8a915fba677472f2d39d,"{""C"":100.0,""epsilon"":2.0,""gamma"":""scale""}",COMPLETE,,3,192,7.564649813775432,,6.508072969351645,52,13.65007133645165,11.854127946903876,FAIL_TRANSITION_GUARDRAIL,True,True,False,False,NOT_SELECTED,
rolling_origin_2023-01-17,Z03_rbf_svr,15,b9e55f1ea146daaf019c31aae3f61abdd8a0c096b44c2ac7387108da5f3f2453,"{""C"":100.0,""epsilon"":2.0,""gamma"":0.01}",COMPLETE,,3,192,6.649635893868747,,6.508072969351645,52,11.52514659041797,11.854127946903876,PASS,True,True,True,False,NOT_SELECTED,
rolling_origin_2023-01-17,Z03_rbf_svr,16,54fe2fdf903febfe7ac60787d31f2a25d6dad93364d67b0167d18c34d2edc8e1,"{""C"":100.0,""epsilon"":5.0,""gamma"":""scale""}",COMPLETE,,3,192,7.941146242244564,,6.508072969351645,52,13.68759989543081,11.854127946903876,FAIL_TRANSITION_GUARDRAIL,True,True,False,False,NOT_SELECTED,
rolling_origin_2023-01-17,Z03_rbf_svr,17,4f2f0f193d33a6d91fff7b81171b2cc65169a520262a15164b8e0456736c8e8e,"{""C"":100.0,""epsilon"":5.0,""gamma"":0.01}",COMPLETE,,3,192,6.587539292174252,,6.508072969351645,52,11.564765952762828,11.854127946903876,PASS,True,True,True,True,SELECTED_PREREGISTERED_GUARDRAILS_PASS,
rolling_origin_2023-05-16,Z03_rbf_svr,0,2a2e555f10b860ae5366037d5c37ee0a231da4ec054ee907141d15ef378f8378,"{""C"":1.0,""epsilon"":0.5,""gamma"":""scale""}",COMPLETE,,3,115,13.425589265535438,,8.266656935847925,38,26.04033427848757,14.158025560094906,FAIL_TRANSITION_GUARDRAIL,True,True,False,False,NOT_SELECTED,
rolling_origin_2023-05-16,Z03_rbf_svr,1,5761e7b5ce6227276b422b97245285aece4dc6f78f2c4b250218996cb8a1b493,"{""C"":1.0,""epsilon"":0.5,""gamma"":0.01}",COMPLETE,,3,115,12.021225630606587,,8.266656935847925,38,21.325613662567388,14.158025560094906,FAIL_TRANSITION_GUARDRAIL,True,True,False,False,NOT_SELECTED,
rolling_origin_2023-05-16,Z03_rbf_svr,2,80134f2a1e08e2fc9467707bcc85b9989c978a31d8266b2e8480f95bee3426dc,"{""C"":1.0,""epsilon"":2.0,""gamma"":""scale""}",COMPLETE,,3,115,13.441533107900163,,8.266656935847925,38,26.089708108329788,14.158025560094906,FAIL_TRANSITION_GUARDRAIL,True,True,False,False,NOT_SELECTED,
rolling_origin_2023-05-16,Z03_rbf_svr,3,1b852a7a9be729635fc078f8060bd8623feb8dbbd97b82671f18ac1eba13b8fd,"{""C"":1.0,""epsilon"":2.0,""gamma"":0.01}",COMPLETE,,3,115,12.145749587531366,,8.266656935847925,38,21.55303400966959,14.158025560094906,FAIL_TRANSITION_GUARDRAIL,True,True,False,False,NOT_SELECTED,
rolling_origin_2023-05-16,Z03_rbf_svr,4,89418c62d041bf921ccf869dce8b4b8cf0759d0fe9cb5ede171ad4a1c29803a9,"{""C"":1.0,""epsilon"":5.0,""gamma"":""scale""}",COMPLETE,,3,115,13.769417675359348,,8.266656935847925,38,26.338967385028475,14.158025560094906,FAIL_TRANSITION_GUARDRAIL,True,True,False,False,NOT_SELECTED,
rolling_origin_2023-05-16,Z03_rbf_svr,5,d5d32d5739b783d8260cce8d0ece0e515924fb66b3976c05e2414af97cd4689f,"{""C"":1.0,""epsilon"":5.0,""gamma"":0.01}",COMPLETE,,3,115,12.526909627819908,,8.266656935847925,38,22.039542777013075,14.158025560094906,FAIL_TRANSITION_GUARDRAIL,True,True,False,False,NOT_SELECTED,
rolling_origin_2023-05-16,Z03_rbf_svr,6,329ad8ee051062c81c2f70bc4a285cf673ee9ff20082689f65e9c476f9618435,"{""C"":10.0,""epsilon"":0.5,""gamma"":""scale""}",COMPLETE,,3,115,11.10742373370777,,8.266656935847925,38,22.235330097705663,14.158025560094906,FAIL_TRANSITION_GUARDRAIL,True,True,False,False,NOT_SELECTED,
rolling_origin_2023-05-16,Z03_rbf_svr,7,c0b800cb6b60a786241a620bbd4aba6cddaee610bc8733f5cc4a00cdb04e7070,"{""C"":10.0,""epsilon"":0.5,""gamma"":0.01}",COMPLETE,,3,115,9.801617444735067,,8.266656935847925,38,18.188281906121034,14.158025560094906,FAIL_TRANSITION_GUARDRAIL,True,True,False,False,NOT_SELECTED,
rolling_origin_2023-05-16,Z03_rbf_svr,8,9894126bc46443c438f3c256423a28c3f9fa6524d18a1565d908ec29e30a9c65,"{""C"":10.0,""epsilon"":2.0,""gamma"":""scale""}",COMPLETE,,3,115,11.157356029762152,,8.266656935847925,38,22.209679187694725,14.158025560094906,FAIL_TRANSITION_GUARDRAIL,True,True,False,False,NOT_SELECTED,
rolling_origin_2023-05-16,Z03_rbf_svr,9,932106047da708e2595ebfa8722b36413863113b37e6815265635b840925a0e8,"{""C"":10.0,""epsilon"":2.0,""gamma"":0.01}",COMPLETE,,3,115,9.72138739696712,,8.266656935847925,38,18.055035333161197,14.158025560094906,FAIL_TRANSITION_GUARDRAIL,True,True,False,False,NOT_SELECTED,
rolling_origin_2023-05-16,Z03_rbf_svr,10,8b0be7e24c0fe8ba1fa9eaa3318e8bc5c148de27d5614d259e4ee76fbeb2de4f,"{""C"":10.0,""epsilon"":5.0,""gamma"":""scale""}",COMPLETE,,3,115,11.150758463302397,,8.266656935847925,38,22.061029852779825,14.158025560094906,FAIL_TRANSITION_GUARDRAIL,True,True,False,False,NOT_SELECTED,
rolling_origin_2023-05-16,Z03_rbf_svr,11,2e89ca8131a67a0515a0715aaf73c81e263455310898449968ece269fb3becf6,"{""C"":10.0,""epsilon"":5.0,""gamma"":0.01}",COMPLETE,,3,115,9.821135035230123,,8.266656935847925,38,17.753592764842043,14.158025560094906,FAIL_TRANSITION_GUARDRAIL,True,True,False,False,NOT_SELECTED,
rolling_origin_2023-05-16,Z03_rbf_svr,12,9090d162191a276b63afe850fa4ad0c48a4b760770c973bb460168cbb9cecebf,"{""C"":100.0,""epsilon"":0.5,""gamma"":""scale""}",COMPLETE,,3,115,9.360819059519509,,8.266656935847925,38,16.196951984244382,14.158025560094906,FAIL_TRANSITION_GUARDRAIL,True,True,False,False,NOT_SELECTED,
rolling_origin_2023-05-16,Z03_rbf_svr,13,c58ee565e5e894b06ab0561ba3d872ee93c59aa2bfff4f771137d2e0fa0bc768,"{""C"":100.0,""epsilon"":0.5,""gamma"":0.01}",COMPLETE,,3,115,7.974037868748437,,8.266656935847925,38,13.060410959828047,14.158025560094906,PASS,True,True,True,False,NOT_SELECTED,
rolling_origin_2023-05-16,Z03_rbf_svr,14,3fd0800504dde571a084f4f2e2b575dc909c7193d2dd8a915fba677472f2d39d,"{""C"":100.0,""epsilon"":2.0,""gamma"":""scale""}",COMPLETE,,3,115,9.078428987314249,,8.266656935847925,38,16.144545880510552,14.158025560094906,FAIL_TRANSITION_GUARDRAIL,True,True,False,False,NOT_SELECTED,
rolling_origin_2023-05-16,Z03_rbf_svr,15,b9e55f1ea146daaf019c31aae3f61abdd8a0c096b44c2ac7387108da5f3f2453,"{""C"":100.0,""epsilon"":2.0,""gamma"":0.01}",COMPLETE,,3,115,7.9229203507588055,,8.266656935847925,38,12.929664827387024,14.158025560094906,PASS,True,True,True,True,SELECTED_PREREGISTERED_GUARDRAILS_PASS,
rolling_origin_2023-05-16,Z03_rbf_svr,16,54fe2fdf903febfe7ac60787d31f2a25d6dad93364d67b0167d18c34d2edc8e1,"{""C"":100.0,""epsilon"":5.0,""gamma"":""scale""}",COMPLETE,,3,115,9.267121235908473,,8.266656935847925,38,16.405246900474204,14.158025560094906,FAIL_TRANSITION_GUARDRAIL,True,True,False,False,NOT_SELECTED,
rolling_origin_2023-05-16,Z03_rbf_svr,17,4f2f0f193d33a6d91fff7b81171b2cc65169a520262a15164b8e0456736c8e8e,"{""C"":100.0,""epsilon"":5.0,""gamma"":0.01}",COMPLETE,,3,115,8.032098771647826,,8.266656935847925,38,13.240663297469972,14.158025560094906,PASS,True,True,True,False,NOT_SELECTED,
rolling_origin_2023-07-25,Z03_rbf_svr,0,2a2e555f10b860ae5366037d5c37ee0a231da4ec054ee907141d15ef378f8378,"{""C"":1.0,""epsilon"":0.5,""gamma"":""scale""}",COMPLETE,,3,190,12.546818697460155,,7.074236805584106,61,25.763413664632953,12.47689684929711,FAIL_TRANSITION_GUARDRAIL,True,True,False,False,NOT_SELECTED,
rolling_origin_2023-07-25,Z03_rbf_svr,1,5761e7b5ce6227276b422b97245285aece4dc6f78f2c4b250218996cb8a1b493,"{""C"":1.0,""epsilon"":0.5,""gamma"":0.01}",COMPLETE,,3,190,11.094252152908192,,7.074236805584106,61,21.481325654024996,12.47689684929711,FAIL_TRANSITION_GUARDRAIL,True,True,False,False,NOT_SELECTED,
rolling_origin_2023-07-25,Z03_rbf_svr,2,80134f2a1e08e2fc9467707bcc85b9989c978a31d8266b2e8480f95bee3426dc,"{""C"":1.0,""epsilon"":2.0,""gamma"":""scale""}",COMPLETE,,3,190,12.587575531496737,,7.074236805584106,61,25.860851115260946,12.47689684929711,FAIL_TRANSITION_GUARDRAIL,True,True,False,False,NOT_SELECTED,
rolling_origin_2023-07-25,Z03_rbf_svr,3,1b852a7a9be729635fc078f8060bd8623feb8dbbd97b82671f18ac1eba13b8fd,"{""C"":1.0,""epsilon"":2.0,""gamma"":0.01}",COMPLETE,,3,190,11.209977320751237,,7.074236805584106,61,21.628512971310727,12.47689684929711,FAIL_TRANSITION_GUARDRAIL,True,True,False,False,NOT_SELECTED,
rolling_origin_2023-07-25,Z03_rbf_svr,4,89418c62d041bf921ccf869dce8b4b8cf0759d0fe9cb5ede171ad4a1c29803a9,"{""C"":1.0,""epsilon"":5.0,""gamma"":""scale""}",COMPLETE,,3,190,12.939820167589701,,7.074236805584106,61,26.103064232720623,12.47689684929711,FAIL_TRANSITION_GUARDRAIL,True,True,False,False,NOT_SELECTED,
rolling_origin_2023-07-25,Z03_rbf_svr,5,d5d32d5739b783d8260cce8d0ece0e515924fb66b3976c05e2414af97cd4689f,"{""C"":1.0,""epsilon"":5.0,""gamma"":0.01}",COMPLETE,,3,190,11.655743329790688,,7.074236805584106,61,22.071270448054758,12.47689684929711,FAIL_TRANSITION_GUARDRAIL,True,True,False,False,NOT_SELECTED,
rolling_origin_2023-07-25,Z03_rbf_svr,6,329ad8ee051062c81c2f70bc4a285cf673ee9ff20082689f65e9c476f9618435,"{""C"":10.0,""epsilon"":0.5,""gamma"":""scale""}",COMPLETE,,3,190,10.150163241496255,,7.074236805584106,61,21.417167817031277,12.47689684929711,FAIL_TRANSITION_GUARDRAIL,True,True,False,False,NOT_SELECTED,
rolling_origin_2023-07-25,Z03_rbf_svr,7,c0b800cb6b60a786241a620bbd4aba6cddaee610bc8733f5cc4a00cdb04e7070,"{""C"":10.0,""epsilon"":0.5,""gamma"":0.01}",COMPLETE,,3,190,8.550583273419393,,7.074236805584106,61,16.981669577816454,12.47689684929711,FAIL_TRANSITION_GUARDRAIL,True,True,False,False,NOT_SELECTED,
rolling_origin_2023-07-25,Z03_rbf_svr,8,9894126bc46443c438f3c256423a28c3f9fa6524d18a1565d908ec29e30a9c65,"{""C"":10.0,""epsilon"":2.0,""gamma"":""scale""}",COMPLETE,,3,190,10.195939100275526,,7.074236805584106,61,21.398247955466946,12.47689684929711,FAIL_TRANSITION_GUARDRAIL,True,True,False,False,NOT_SELECTED,
rolling_origin_2023-07-25,Z03_rbf_svr,9,932106047da708e2595ebfa8722b36413863113b37e6815265635b840925a0e8,"{""C"":10.0,""epsilon"":2.0,""gamma"":0.01}",COMPLETE,,3,190,8.563604500612929,,7.074236805584106,61,17.020289518303958,12.47689684929711,FAIL_TRANSITION_GUARDRAIL,True,True,False,False,NOT_SELECTED,
rolling_origin_2023-07-25,Z03_rbf_svr,10,8b0be7e24c0fe8ba1fa9eaa3318e8bc5c148de27d5614d259e4ee76fbeb2de4f,"{""C"":10.0,""epsilon"":5.0,""gamma"":""scale""}",COMPLETE,,3,190,10.485367185550832,,7.074236805584106,61,21.51129600262927,12.47689684929711,FAIL_TRANSITION_GUARDRAIL,True,True,False,False,NOT_SELECTED,
rolling_origin_2023-07-25,Z03_rbf_svr,11,2e89ca8131a67a0515a0715aaf73c81e263455310898449968ece269fb3becf6,"{""C"":10.0,""epsilon"":5.0,""gamma"":0.01}",COMPLETE,,3,190,8.733107913749507,,7.074236805584106,61,17.03502327611497,12.47689684929711,FAIL_TRANSITION_GUARDRAIL,True,True,False,False,NOT_SELECTED,
rolling_origin_2023-07-25,Z03_rbf_svr,12,9090d162191a276b63afe850fa4ad0c48a4b760770c973bb460168cbb9cecebf,"{""C"":100.0,""epsilon"":0.5,""gamma"":""scale""}",COMPLETE,,3,190,8.987881982523023,,7.074236805584106,61,16.43409300187991,12.47689684929711,FAIL_TRANSITION_GUARDRAIL,True,True,False,False,NOT_SELECTED,
rolling_origin_2023-07-25,Z03_rbf_svr,13,c58ee565e5e894b06ab0561ba3d872ee93c59aa2bfff4f771137d2e0fa0bc768,"{""C"":100.0,""epsilon"":0.5,""gamma"":0.01}",COMPLETE,,3,190,6.6687617935081445,,7.074236805584106,61,11.59635606975836,12.47689684929711,PASS,True,True,True,False,NOT_SELECTED,
rolling_origin_2023-07-25,Z03_rbf_svr,14,3fd0800504dde571a084f4f2e2b575dc909c7193d2dd8a915fba677472f2d39d,"{""C"":100.0,""epsilon"":2.0,""gamma"":""scale""}",COMPLETE,,3,190,8.729856169860644,,7.074236805584106,61,16.421003665541548,12.47689684929711,FAIL_TRANSITION_GUARDRAIL,True,True,False,False,NOT_SELECTED,
rolling_origin_2023-07-25,Z03_rbf_svr,15,b9e55f1ea146daaf019c31aae3f61abdd8a0c096b44c2ac7387108da5f3f2453,"{""C"":100.0,""epsilon"":2.0,""gamma"":0.01}",COMPLETE,,3,190,6.568809586067236,,7.074236805584106,61,11.510613975199833,12.47689684929711,PASS,True,True,True,True,SELECTED_PREREGISTERED_GUARDRAILS_PASS,
rolling_origin_2023-07-25,Z03_rbf_svr,16,54fe2fdf903febfe7ac60787d31f2a25d6dad93364d67b0167d18c34d2edc8e1,"{""C"":100.0,""epsilon"":5.0,""gamma"":""scale""}",COMPLETE,,3,190,8.887191652811874,,7.074236805584106,61,16.490328360689468,12.47689684929711,FAIL_TRANSITION_GUARDRAIL,True,True,False,False,NOT_SELECTED,
rolling_origin_2023-07-25,Z03_rbf_svr,17,4f2f0f193d33a6d91fff7b81171b2cc65169a520262a15164b8e0456736c8e8e,"{""C"":100.0,""epsilon"":5.0,""gamma"":0.01}",COMPLETE,,3,190,6.789242089266399,,7.074236805584106,61,11.772773609584165,12.47689684929711,PASS,True,True,True,False,NOT_SELECTED,
rolling_origin_2023-11-07,Z03_rbf_svr,0,2a2e555f10b860ae5366037d5c37ee0a231da4ec054ee907141d15ef378f8378,"{""C"":1.0,""epsilon"":0.5,""gamma"":""scale""}",COMPLETE,,3,114,14.898792561834256,,7.384354803537826,40,31.70504864015266,12.733520834237448,FAIL_TRANSITION_GUARDRAIL,True,True,False,False,NOT_SELECTED,
rolling_origin_2023-11-07,Z03_rbf_svr,1,5761e7b5ce6227276b422b97245285aece4dc6f78f2c4b250218996cb8a1b493,"{""C"":1.0,""epsilon"":0.5,""gamma"":0.01}",COMPLETE,,3,114,12.643361199244383,,7.384354803537826,40,26.332731801049317,12.733520834237448,FAIL_TRANSITION_GUARDRAIL,True,True,False,False,NOT_SELECTED,
rolling_origin_2023-11-07,Z03_rbf_svr,2,80134f2a1e08e2fc9467707bcc85b9989c978a31d8266b2e8480f95bee3426dc,"{""C"":1.0,""epsilon"":2.0,""gamma"":""scale""}",COMPLETE,,3,114,14.95935007927593,,7.384354803537826,40,31.825551058564564,12.733520834237448,FAIL_TRANSITION_GUARDRAIL,True,True,False,False,NOT_SELECTED,
rolling_origin_2023-11-07,Z03_rbf_svr,3,1b852a7a9be729635fc078f8060bd8623feb8dbbd97b82671f18ac1eba13b8fd,"{""C"":1.0,""epsilon"":2.0,""gamma"":0.01}",COMPLETE,,3,114,12.712015859832707,,7.384354803537826,40,26.379798576836993,12.733520834237448,FAIL_TRANSITION_GUARDRAIL,True,True,False,False,NOT_SELECTED,
rolling_origin_2023-11-07,Z03_rbf_svr,4,89418c62d041bf921ccf869dce8b4b8cf0759d0fe9cb5ede171ad4a1c29803a9,"{""C"":1.0,""epsilon"":5.0,""gamma"":""scale""}",COMPLETE,,3,114,15.266485258606084,,7.384354803537826,40,32.077191279534645,12.733520834237448,FAIL_TRANSITION_GUARDRAIL,True,True,False,False,NOT_SELECTED,
rolling_origin_2023-11-07,Z03_rbf_svr,5,d5d32d5739b783d8260cce8d0ece0e515924fb66b3976c05e2414af97cd4689f,"{""C"":1.0,""epsilon"":5.0,""gamma"":0.01}",COMPLETE,,3,114,13.201119887544813,,7.384354803537826,40,26.891621524026117,12.733520834237448,FAIL_TRANSITION_GUARDRAIL,True,True,False,False,NOT_SELECTED,
rolling_origin_2023-11-07,Z03_rbf_svr,6,329ad8ee051062c81c2f70bc4a285cf673ee9ff20082689f65e9c476f9618435,"{""C"":10.0,""epsilon"":0.5,""gamma"":""scale""}",COMPLETE,,3,114,11.756330854440765,,7.384354803537826,40,24.990875518667444,12.733520834237448,FAIL_TRANSITION_GUARDRAIL,True,True,False,False,NOT_SELECTED,
rolling_origin_2023-11-07,Z03_rbf_svr,7,c0b800cb6b60a786241a620bbd4aba6cddaee610bc8733f5cc4a00cdb04e7070,"{""C"":10.0,""epsilon"":0.5,""gamma"":0.01}",COMPLETE,,3,114,9.702422976007615,,7.384354803537826,40,20.10247606294398,12.733520834237448,FAIL_TRANSITION_GUARDRAIL,True,True,False,False,NOT_SELECTED,
rolling_origin_2023-11-07,Z03_rbf_svr,8,9894126bc46443c438f3c256423a28c3f9fa6524d18a1565d908ec29e30a9c65,"{""C"":10.0,""epsilon"":2.0,""gamma"":""scale""}",COMPLETE,,3,114,11.821031265354266,,7.384354803537826,40,25.05094807884954,12.733520834237448,FAIL_TRANSITION_GUARDRAIL,True,True,False,False,NOT_SELECTED,
rolling_origin_2023-11-07,Z03_rbf_svr,9,932106047da708e2595ebfa8722b36413863113b37e6815265635b840925a0e8,"{""C"":10.0,""epsilon"":2.0,""gamma"":0.01}",COMPLETE,,3,114,9.719716520451225,,7.384354803537826,40,20.09688905818752,12.733520834237448,FAIL_TRANSITION_GUARDRAIL,True,True,False,False,NOT_SELECTED,
rolling_origin_2023-11-07,Z03_rbf_svr,10,8b0be7e24c0fe8ba1fa9eaa3318e8bc5c148de27d5614d259e4ee76fbeb2de4f,"{""C"":10.0,""epsilon"":5.0,""gamma"":""scale""}",COMPLETE,,3,114,12.281515900223674,,7.384354803537826,40,25.240331055743418,12.733520834237448,FAIL_TRANSITION_GUARDRAIL,True,True,False,False,NOT_SELECTED,
rolling_origin_2023-11-07,Z03_rbf_svr,11,2e89ca8131a67a0515a0715aaf73c81e263455310898449968ece269fb3becf6,"{""C"":10.0,""epsilon"":5.0,""gamma"":0.01}",COMPLETE,,3,114,9.873312069170694,,7.384354803537826,40,20.228303450787458,12.733520834237448,FAIL_TRANSITION_GUARDRAIL,True,True,False,False,NOT_SELECTED,
rolling_origin_2023-11-07,Z03_rbf_svr,12,9090d162191a276b63afe850fa4ad0c48a4b760770c973bb460168cbb9cecebf,"{""C"":100.0,""epsilon"":0.5,""gamma"":""scale""}",COMPLETE,,3,114,10.318508237554127,,7.384354803537826,40,17.88641115223821,12.733520834237448,FAIL_TRANSITION_GUARDRAIL,True,True,False,False,NOT_SELECTED,
rolling_origin_2023-11-07,Z03_rbf_svr,13,c58ee565e5e894b06ab0561ba3d872ee93c59aa2bfff4f771137d2e0fa0bc768,"{""C"":100.0,""epsilon"":0.5,""gamma"":0.01}",COMPLETE,,3,114,7.021893442945358,,7.384354803537826,40,12.885385294835976,12.733520834237448,PASS,True,True,True,False,NOT_SELECTED,
rolling_origin_2023-11-07,Z03_rbf_svr,14,3fd0800504dde571a084f4f2e2b575dc909c7193d2dd8a915fba677472f2d39d,"{""C"":100.0,""epsilon"":2.0,""gamma"":""scale""}",COMPLETE,,3,114,10.098499106163269,,7.384354803537826,40,17.761249249307184,12.733520834237448,FAIL_TRANSITION_GUARDRAIL,True,True,False,False,NOT_SELECTED,
rolling_origin_2023-11-07,Z03_rbf_svr,15,b9e55f1ea146daaf019c31aae3f61abdd8a0c096b44c2ac7387108da5f3f2453,"{""C"":100.0,""epsilon"":2.0,""gamma"":0.01}",COMPLETE,,3,114,6.900586689958439,,7.384354803537826,40,12.718019883917218,12.733520834237448,PASS,True,True,True,True,SELECTED_PREREGISTERED_GUARDRAILS_PASS,
rolling_origin_2023-11-07,Z03_rbf_svr,16,54fe2fdf903febfe7ac60787d31f2a25d6dad93364d67b0167d18c34d2edc8e1,"{""C"":100.0,""epsilon"":5.0,""gamma"":""scale""}",COMPLETE,,3,114,9.809487686368737,,7.384354803537826,40,17.355153450153715,12.733520834237448,FAIL_TRANSITION_GUARDRAIL,True,True,False,False,NOT_SELECTED,
rolling_origin_2023-11-07,Z03_rbf_svr,17,4f2f0f193d33a6d91fff7b81171b2cc65169a520262a15164b8e0456736c8e8e,"{""C"":100.0,""epsilon"":5.0,""gamma"":0.01}",COMPLETE,,3,114,7.090615070143268,,7.384354803537826,40,12.51750891211902,12.733520834237448,PASS,True,True,True,False,NOT_SELECTED,
