model_id,family,fold_id,seed,sample_id,y_pred,environment_id,model_spec_sha256,config_sha256,code_sha256,environment_sha256,expected_sample_ids_sha256,selected_parameter_sha256,selected_parameter_json,epoch_count,parameter_count,fit_seconds,inference_seconds,peak_ram_mb,peak_vram_mb,aggregation
C03_causal_tcn,temporal_convolutional_network,rolling_origin_2022-07-19,42117,P-D01-W002::C016::C017,44.318318262212316,gate_c_torch,24e95f611985cd7e566c7782e9a8a39fe5820cc6f4de0c848135a7d1ca297046,340f5e8ac2d6df6696e2ea0267670ec4d5d1ef1265aa1ecb1a2cebed848a9eba,5a84f27899c20bd37e8318cdc99009da9cb2fc71b7090dead1ca57fee9e7db6a,4a1388db6a465b41decad90e9701c9312bb7aa844e8aeb133c461ed0a4bd9258,1f4f2c9b9b1a9898627a6b744dae606625335b963d8397027c1dc5a4a578b4ac,bd3a9033698ba7d4b2d4e15848560c0b4d3504bf42de3c6ad9293504f3fe2cba,"{""channels"":[32,32],""dropout"":0.1,""kernel_size"":2,""weight_decay"":0.01}",91,2945,3.4896388999186456,0.0033399000531062484,1569.88671875,65.2763671875,single_seed
C03_causal_tcn,temporal_convolutional_network,rolling_origin_2022-07-19,42117,P-D01-W005::C016::C017,41.34554165209922,gate_c_torch,24e95f611985cd7e566c7782e9a8a39fe5820cc6f4de0c848135a7d1ca297046,340f5e8ac2d6df6696e2ea0267670ec4d5d1ef1265aa1ecb1a2cebed848a9eba,5a84f27899c20bd37e8318cdc99009da9cb2fc71b7090dead1ca57fee9e7db6a,4a1388db6a465b41decad90e9701c9312bb7aa844e8aeb133c461ed0a4bd9258,1f4f2c9b9b1a9898627a6b744dae606625335b963d8397027c1dc5a4a578b4ac,bd3a9033698ba7d4b2d4e15848560c0b4d3504bf42de3c6ad9293504f3fe2cba,"{""channels"":[32,32],""dropout"":0.1,""kernel_size"":2,""weight_decay"":0.01}",91,2945,3.4896388999186456,0.0033399000531062484,1569.88671875,65.2763671875,single_seed
C03_causal_tcn,temporal_convolutional_network,rolling_origin_2022-07-19,42117,P-D01-W006::C016::C017,63.444034771556275,gate_c_torch,24e95f611985cd7e566c7782e9a8a39fe5820cc6f4de0c848135a7d1ca297046,340f5e8ac2d6df6696e2ea0267670ec4d5d1ef1265aa1ecb1a2cebed848a9eba,5a84f27899c20bd37e8318cdc99009da9cb2fc71b7090dead1ca57fee9e7db6a,4a1388db6a465b41decad90e9701c9312bb7aa844e8aeb133c461ed0a4bd9258,1f4f2c9b9b1a9898627a6b744dae606625335b963d8397027c1dc5a4a578b4ac,bd3a9033698ba7d4b2d4e15848560c0b4d3504bf42de3c6ad9293504f3fe2cba,"{""channels"":[32,32],""dropout"":0.1,""kernel_size"":2,""weight_decay"":0.01}",91,2945,3.4896388999186456,0.0033399000531062484,1569.88671875,65.2763671875,single_seed
C03_causal_tcn,temporal_convolutional_network,rolling_origin_2022-07-19,42117,P-D01-W007::C016::C017,24.631502521739222,gate_c_torch,24e95f611985cd7e566c7782e9a8a39fe5820cc6f4de0c848135a7d1ca297046,340f5e8ac2d6df6696e2ea0267670ec4d5d1ef1265aa1ecb1a2cebed848a9eba,5a84f27899c20bd37e8318cdc99009da9cb2fc71b7090dead1ca57fee9e7db6a,4a1388db6a465b41decad90e9701c9312bb7aa844e8aeb133c461ed0a4bd9258,1f4f2c9b9b1a9898627a6b744dae606625335b963d8397027c1dc5a4a578b4ac,bd3a9033698ba7d4b2d4e15848560c0b4d3504bf42de3c6ad9293504f3fe2cba,"{""channels"":[32,32],""dropout"":0.1,""kernel_size"":2,""weight_decay"":0.01}",91,2945,3.4896388999186456,0.0033399000531062484,1569.88671875,65.2763671875,single_seed
C03_causal_tcn,temporal_convolutional_network,rolling_origin_2022-07-19,42117,P-H03-W001::C016::C017,42.974570663790544,gate_c_torch,24e95f611985cd7e566c7782e9a8a39fe5820cc6f4de0c848135a7d1ca297046,340f5e8ac2d6df6696e2ea0267670ec4d5d1ef1265aa1ecb1a2cebed848a9eba,5a84f27899c20bd37e8318cdc99009da9cb2fc71b7090dead1ca57fee9e7db6a,4a1388db6a465b41decad90e9701c9312bb7aa844e8aeb133c461ed0a4bd9258,1f4f2c9b9b1a9898627a6b744dae606625335b963d8397027c1dc5a4a578b4ac,bd3a9033698ba7d4b2d4e15848560c0b4d3504bf42de3c6ad9293504f3fe2cba,"{""channels"":[32,32],""dropout"":0.1,""kernel_size"":2,""weight_decay"":0.01}",91,2945,3.4896388999186456,0.0033399000531062484,1569.88671875,65.2763671875,single_seed
C03_causal_tcn,temporal_convolutional_network,rolling_origin_2022-07-19,42117,P-H03-W002::C016::C017,37.92036785398366,gate_c_torch,24e95f611985cd7e566c7782e9a8a39fe5820cc6f4de0c848135a7d1ca297046,340f5e8ac2d6df6696e2ea0267670ec4d5d1ef1265aa1ecb1a2cebed848a9eba,5a84f27899c20bd37e8318cdc99009da9cb2fc71b7090dead1ca57fee9e7db6a,4a1388db6a465b41decad90e9701c9312bb7aa844e8aeb133c461ed0a4bd9258,1f4f2c9b9b1a9898627a6b744dae606625335b963d8397027c1dc5a4a578b4ac,bd3a9033698ba7d4b2d4e15848560c0b4d3504bf42de3c6ad9293504f3fe2cba,"{""channels"":[32,32],""dropout"":0.1,""kernel_size"":2,""weight_decay"":0.01}",91,2945,3.4896388999186456,0.0033399000531062484,1569.88671875,65.2763671875,single_seed
C03_causal_tcn,temporal_convolutional_network,rolling_origin_2022-07-19,42117,P-H03-W004::C016::C017,37.9787858550645,gate_c_torch,24e95f611985cd7e566c7782e9a8a39fe5820cc6f4de0c848135a7d1ca297046,340f5e8ac2d6df6696e2ea0267670ec4d5d1ef1265aa1ecb1a2cebed848a9eba,5a84f27899c20bd37e8318cdc99009da9cb2fc71b7090dead1ca57fee9e7db6a,4a1388db6a465b41decad90e9701c9312bb7aa844e8aeb133c461ed0a4bd9258,1f4f2c9b9b1a9898627a6b744dae606625335b963d8397027c1dc5a4a578b4ac,bd3a9033698ba7d4b2d4e15848560c0b4d3504bf42de3c6ad9293504f3fe2cba,"{""channels"":[32,32],""dropout"":0.1,""kernel_size"":2,""weight_decay"":0.01}",91,2945,3.4896388999186456,0.0033399000531062484,1569.88671875,65.2763671875,single_seed
C03_causal_tcn,temporal_convolutional_network,rolling_origin_2022-07-19,42117,P-H03-W006::C016::C017,38.19299027506878,gate_c_torch,24e95f611985cd7e566c7782e9a8a39fe5820cc6f4de0c848135a7d1ca297046,340f5e8ac2d6df6696e2ea0267670ec4d5d1ef1265aa1ecb1a2cebed848a9eba,5a84f27899c20bd37e8318cdc99009da9cb2fc71b7090dead1ca57fee9e7db6a,4a1388db6a465b41decad90e9701c9312bb7aa844e8aeb133c461ed0a4bd9258,1f4f2c9b9b1a9898627a6b744dae606625335b963d8397027c1dc5a4a578b4ac,bd3a9033698ba7d4b2d4e15848560c0b4d3504bf42de3c6ad9293504f3fe2cba,"{""channels"":[32,32],""dropout"":0.1,""kernel_size"":2,""weight_decay"":0.01}",91,2945,3.4896388999186456,0.0033399000531062484,1569.88671875,65.2763671875,single_seed
C03_causal_tcn,temporal_convolutional_network,rolling_origin_2022-07-19,42117,P-H04-W002::C016::C017,34.684471148429274,gate_c_torch,24e95f611985cd7e566c7782e9a8a39fe5820cc6f4de0c848135a7d1ca297046,340f5e8ac2d6df6696e2ea0267670ec4d5d1ef1265aa1ecb1a2cebed848a9eba,5a84f27899c20bd37e8318cdc99009da9cb2fc71b7090dead1ca57fee9e7db6a,4a1388db6a465b41decad90e9701c9312bb7aa844e8aeb133c461ed0a4bd9258,1f4f2c9b9b1a9898627a6b744dae606625335b963d8397027c1dc5a4a578b4ac,bd3a9033698ba7d4b2d4e15848560c0b4d3504bf42de3c6ad9293504f3fe2cba,"{""channels"":[32,32],""dropout"":0.1,""kernel_size"":2,""weight_decay"":0.01}",91,2945,3.4896388999186456,0.0033399000531062484,1569.88671875,65.2763671875,single_seed
C03_causal_tcn,temporal_convolutional_network,rolling_origin_2022-07-19,42117,P-H04-W003::C016::C017,37.858665407086725,gate_c_torch,24e95f611985cd7e566c7782e9a8a39fe5820cc6f4de0c848135a7d1ca297046,340f5e8ac2d6df6696e2ea0267670ec4d5d1ef1265aa1ecb1a2cebed848a9eba,5a84f27899c20bd37e8318cdc99009da9cb2fc71b7090dead1ca57fee9e7db6a,4a1388db6a465b41decad90e9701c9312bb7aa844e8aeb133c461ed0a4bd9258,1f4f2c9b9b1a9898627a6b744dae606625335b963d8397027c1dc5a4a578b4ac,bd3a9033698ba7d4b2d4e15848560c0b4d3504bf42de3c6ad9293504f3fe2cba,"{""channels"":[32,32],""dropout"":0.1,""kernel_size"":2,""weight_decay"":0.01}",91,2945,3.4896388999186456,0.0033399000531062484,1569.88671875,65.2763671875,single_seed
C03_causal_tcn,temporal_convolutional_network,rolling_origin_2022-07-19,42117,P-H04-W004::C016::C017,27.52604283961037,gate_c_torch,24e95f611985cd7e566c7782e9a8a39fe5820cc6f4de0c848135a7d1ca297046,340f5e8ac2d6df6696e2ea0267670ec4d5d1ef1265aa1ecb1a2cebed848a9eba,5a84f27899c20bd37e8318cdc99009da9cb2fc71b7090dead1ca57fee9e7db6a,4a1388db6a465b41decad90e9701c9312bb7aa844e8aeb133c461ed0a4bd9258,1f4f2c9b9b1a9898627a6b744dae606625335b963d8397027c1dc5a4a578b4ac,bd3a9033698ba7d4b2d4e15848560c0b4d3504bf42de3c6ad9293504f3fe2cba,"{""channels"":[32,32],""dropout"":0.1,""kernel_size"":2,""weight_decay"":0.01}",91,2945,3.4896388999186456,0.0033399000531062484,1569.88671875,65.2763671875,single_seed
C03_causal_tcn,temporal_convolutional_network,rolling_origin_2022-07-19,42117,P-H04-W005::C016::C017,35.660154660817135,gate_c_torch,24e95f611985cd7e566c7782e9a8a39fe5820cc6f4de0c848135a7d1ca297046,340f5e8ac2d6df6696e2ea0267670ec4d5d1ef1265aa1ecb1a2cebed848a9eba,5a84f27899c20bd37e8318cdc99009da9cb2fc71b7090dead1ca57fee9e7db6a,4a1388db6a465b41decad90e9701c9312bb7aa844e8aeb133c461ed0a4bd9258,1f4f2c9b9b1a9898627a6b744dae606625335b963d8397027c1dc5a4a578b4ac,bd3a9033698ba7d4b2d4e15848560c0b4d3504bf42de3c6ad9293504f3fe2cba,"{""channels"":[32,32],""dropout"":0.1,""kernel_size"":2,""weight_decay"":0.01}",91,2945,3.4896388999186456,0.0033399000531062484,1569.88671875,65.2763671875,single_seed
C03_causal_tcn,temporal_convolutional_network,rolling_origin_2022-07-19,42117,P-H04-W006::C016::C017,43.32770622692846,gate_c_torch,24e95f611985cd7e566c7782e9a8a39fe5820cc6f4de0c848135a7d1ca297046,340f5e8ac2d6df6696e2ea0267670ec4d5d1ef1265aa1ecb1a2cebed848a9eba,5a84f27899c20bd37e8318cdc99009da9cb2fc71b7090dead1ca57fee9e7db6a,4a1388db6a465b41decad90e9701c9312bb7aa844e8aeb133c461ed0a4bd9258,1f4f2c9b9b1a9898627a6b744dae606625335b963d8397027c1dc5a4a578b4ac,bd3a9033698ba7d4b2d4e15848560c0b4d3504bf42de3c6ad9293504f3fe2cba,"{""channels"":[32,32],""dropout"":0.1,""kernel_size"":2,""weight_decay"":0.01}",91,2945,3.4896388999186456,0.0033399000531062484,1569.88671875,65.2763671875,single_seed
C03_causal_tcn,temporal_convolutional_network,rolling_origin_2022-07-19,42118,P-D01-W002::C016::C017,45.56370448498489,gate_c_torch,24e95f611985cd7e566c7782e9a8a39fe5820cc6f4de0c848135a7d1ca297046,340f5e8ac2d6df6696e2ea0267670ec4d5d1ef1265aa1ecb1a2cebed848a9eba,5a84f27899c20bd37e8318cdc99009da9cb2fc71b7090dead1ca57fee9e7db6a,4a1388db6a465b41decad90e9701c9312bb7aa844e8aeb133c461ed0a4bd9258,1f4f2c9b9b1a9898627a6b744dae606625335b963d8397027c1dc5a4a578b4ac,bd3a9033698ba7d4b2d4e15848560c0b4d3504bf42de3c6ad9293504f3fe2cba,"{""channels"":[32,32],""dropout"":0.1,""kernel_size"":2,""weight_decay"":0.01}",91,2945,3.4595718999626115,0.0008925000438466668,1570.3203125,65.2763671875,single_seed
C03_causal_tcn,temporal_convolutional_network,rolling_origin_2022-07-19,42118,P-D01-W005::C016::C017,41.788332522255146,gate_c_torch,24e95f611985cd7e566c7782e9a8a39fe5820cc6f4de0c848135a7d1ca297046,340f5e8ac2d6df6696e2ea0267670ec4d5d1ef1265aa1ecb1a2cebed848a9eba,5a84f27899c20bd37e8318cdc99009da9cb2fc71b7090dead1ca57fee9e7db6a,4a1388db6a465b41decad90e9701c9312bb7aa844e8aeb133c461ed0a4bd9258,1f4f2c9b9b1a9898627a6b744dae606625335b963d8397027c1dc5a4a578b4ac,bd3a9033698ba7d4b2d4e15848560c0b4d3504bf42de3c6ad9293504f3fe2cba,"{""channels"":[32,32],""dropout"":0.1,""kernel_size"":2,""weight_decay"":0.01}",91,2945,3.4595718999626115,0.0008925000438466668,1570.3203125,65.2763671875,single_seed
C03_causal_tcn,temporal_convolutional_network,rolling_origin_2022-07-19,42118,P-D01-W006::C016::C017,66.71713598372412,gate_c_torch,24e95f611985cd7e566c7782e9a8a39fe5820cc6f4de0c848135a7d1ca297046,340f5e8ac2d6df6696e2ea0267670ec4d5d1ef1265aa1ecb1a2cebed848a9eba,5a84f27899c20bd37e8318cdc99009da9cb2fc71b7090dead1ca57fee9e7db6a,4a1388db6a465b41decad90e9701c9312bb7aa844e8aeb133c461ed0a4bd9258,1f4f2c9b9b1a9898627a6b744dae606625335b963d8397027c1dc5a4a578b4ac,bd3a9033698ba7d4b2d4e15848560c0b4d3504bf42de3c6ad9293504f3fe2cba,"{""channels"":[32,32],""dropout"":0.1,""kernel_size"":2,""weight_decay"":0.01}",91,2945,3.4595718999626115,0.0008925000438466668,1570.3203125,65.2763671875,single_seed
C03_causal_tcn,temporal_convolutional_network,rolling_origin_2022-07-19,42118,P-D01-W007::C016::C017,24.072120229323613,gate_c_torch,24e95f611985cd7e566c7782e9a8a39fe5820cc6f4de0c848135a7d1ca297046,340f5e8ac2d6df6696e2ea0267670ec4d5d1ef1265aa1ecb1a2cebed848a9eba,5a84f27899c20bd37e8318cdc99009da9cb2fc71b7090dead1ca57fee9e7db6a,4a1388db6a465b41decad90e9701c9312bb7aa844e8aeb133c461ed0a4bd9258,1f4f2c9b9b1a9898627a6b744dae606625335b963d8397027c1dc5a4a578b4ac,bd3a9033698ba7d4b2d4e15848560c0b4d3504bf42de3c6ad9293504f3fe2cba,"{""channels"":[32,32],""dropout"":0.1,""kernel_size"":2,""weight_decay"":0.01}",91,2945,3.4595718999626115,0.0008925000438466668,1570.3203125,65.2763671875,single_seed
C03_causal_tcn,temporal_convolutional_network,rolling_origin_2022-07-19,42118,P-H03-W001::C016::C017,44.00041928286042,gate_c_torch,24e95f611985cd7e566c7782e9a8a39fe5820cc6f4de0c848135a7d1ca297046,340f5e8ac2d6df6696e2ea0267670ec4d5d1ef1265aa1ecb1a2cebed848a9eba,5a84f27899c20bd37e8318cdc99009da9cb2fc71b7090dead1ca57fee9e7db6a,4a1388db6a465b41decad90e9701c9312bb7aa844e8aeb133c461ed0a4bd9258,1f4f2c9b9b1a9898627a6b744dae606625335b963d8397027c1dc5a4a578b4ac,bd3a9033698ba7d4b2d4e15848560c0b4d3504bf42de3c6ad9293504f3fe2cba,"{""channels"":[32,32],""dropout"":0.1,""kernel_size"":2,""weight_decay"":0.01}",91,2945,3.4595718999626115,0.0008925000438466668,1570.3203125,65.2763671875,single_seed
C03_causal_tcn,temporal_convolutional_network,rolling_origin_2022-07-19,42118,P-H03-W002::C016::C017,42.10956657119338,gate_c_torch,24e95f611985cd7e566c7782e9a8a39fe5820cc6f4de0c848135a7d1ca297046,340f5e8ac2d6df6696e2ea0267670ec4d5d1ef1265aa1ecb1a2cebed848a9eba,5a84f27899c20bd37e8318cdc99009da9cb2fc71b7090dead1ca57fee9e7db6a,4a1388db6a465b41decad90e9701c9312bb7aa844e8aeb133c461ed0a4bd9258,1f4f2c9b9b1a9898627a6b744dae606625335b963d8397027c1dc5a4a578b4ac,bd3a9033698ba7d4b2d4e15848560c0b4d3504bf42de3c6ad9293504f3fe2cba,"{""channels"":[32,32],""dropout"":0.1,""kernel_size"":2,""weight_decay"":0.01}",91,2945,3.4595718999626115,0.0008925000438466668,1570.3203125,65.2763671875,single_seed
C03_causal_tcn,temporal_convolutional_network,rolling_origin_2022-07-19,42118,P-H03-W004::C016::C017,37.86268420253376,gate_c_torch,24e95f611985cd7e566c7782e9a8a39fe5820cc6f4de0c848135a7d1ca297046,340f5e8ac2d6df6696e2ea0267670ec4d5d1ef1265aa1ecb1a2cebed848a9eba,5a84f27899c20bd37e8318cdc99009da9cb2fc71b7090dead1ca57fee9e7db6a,4a1388db6a465b41decad90e9701c9312bb7aa844e8aeb133c461ed0a4bd9258,1f4f2c9b9b1a9898627a6b744dae606625335b963d8397027c1dc5a4a578b4ac,bd3a9033698ba7d4b2d4e15848560c0b4d3504bf42de3c6ad9293504f3fe2cba,"{""channels"":[32,32],""dropout"":0.1,""kernel_size"":2,""weight_decay"":0.01}",91,2945,3.4595718999626115,0.0008925000438466668,1570.3203125,65.2763671875,single_seed
C03_causal_tcn,temporal_convolutional_network,rolling_origin_2022-07-19,42118,P-H03-W006::C016::C017,38.372158776593146,gate_c_torch,24e95f611985cd7e566c7782e9a8a39fe5820cc6f4de0c848135a7d1ca297046,340f5e8ac2d6df6696e2ea0267670ec4d5d1ef1265aa1ecb1a2cebed848a9eba,5a84f27899c20bd37e8318cdc99009da9cb2fc71b7090dead1ca57fee9e7db6a,4a1388db6a465b41decad90e9701c9312bb7aa844e8aeb133c461ed0a4bd9258,1f4f2c9b9b1a9898627a6b744dae606625335b963d8397027c1dc5a4a578b4ac,bd3a9033698ba7d4b2d4e15848560c0b4d3504bf42de3c6ad9293504f3fe2cba,"{""channels"":[32,32],""dropout"":0.1,""kernel_size"":2,""weight_decay"":0.01}",91,2945,3.4595718999626115,0.0008925000438466668,1570.3203125,65.2763671875,single_seed
C03_causal_tcn,temporal_convolutional_network,rolling_origin_2022-07-19,42118,P-H04-W002::C016::C017,36.426216424257234,gate_c_torch,24e95f611985cd7e566c7782e9a8a39fe5820cc6f4de0c848135a7d1ca297046,340f5e8ac2d6df6696e2ea0267670ec4d5d1ef1265aa1ecb1a2cebed848a9eba,5a84f27899c20bd37e8318cdc99009da9cb2fc71b7090dead1ca57fee9e7db6a,4a1388db6a465b41decad90e9701c9312bb7aa844e8aeb133c461ed0a4bd9258,1f4f2c9b9b1a9898627a6b744dae606625335b963d8397027c1dc5a4a578b4ac,bd3a9033698ba7d4b2d4e15848560c0b4d3504bf42de3c6ad9293504f3fe2cba,"{""channels"":[32,32],""dropout"":0.1,""kernel_size"":2,""weight_decay"":0.01}",91,2945,3.4595718999626115,0.0008925000438466668,1570.3203125,65.2763671875,single_seed
C03_causal_tcn,temporal_convolutional_network,rolling_origin_2022-07-19,42118,P-H04-W003::C016::C017,40.26047359057387,gate_c_torch,24e95f611985cd7e566c7782e9a8a39fe5820cc6f4de0c848135a7d1ca297046,340f5e8ac2d6df6696e2ea0267670ec4d5d1ef1265aa1ecb1a2cebed848a9eba,5a84f27899c20bd37e8318cdc99009da9cb2fc71b7090dead1ca57fee9e7db6a,4a1388db6a465b41decad90e9701c9312bb7aa844e8aeb133c461ed0a4bd9258,1f4f2c9b9b1a9898627a6b744dae606625335b963d8397027c1dc5a4a578b4ac,bd3a9033698ba7d4b2d4e15848560c0b4d3504bf42de3c6ad9293504f3fe2cba,"{""channels"":[32,32],""dropout"":0.1,""kernel_size"":2,""weight_decay"":0.01}",91,2945,3.4595718999626115,0.0008925000438466668,1570.3203125,65.2763671875,single_seed
C03_causal_tcn,temporal_convolutional_network,rolling_origin_2022-07-19,42118,P-H04-W004::C016::C017,24.248787428658225,gate_c_torch,24e95f611985cd7e566c7782e9a8a39fe5820cc6f4de0c848135a7d1ca297046,340f5e8ac2d6df6696e2ea0267670ec4d5d1ef1265aa1ecb1a2cebed848a9eba,5a84f27899c20bd37e8318cdc99009da9cb2fc71b7090dead1ca57fee9e7db6a,4a1388db6a465b41decad90e9701c9312bb7aa844e8aeb133c461ed0a4bd9258,1f4f2c9b9b1a9898627a6b744dae606625335b963d8397027c1dc5a4a578b4ac,bd3a9033698ba7d4b2d4e15848560c0b4d3504bf42de3c6ad9293504f3fe2cba,"{""channels"":[32,32],""dropout"":0.1,""kernel_size"":2,""weight_decay"":0.01}",91,2945,3.4595718999626115,0.0008925000438466668,1570.3203125,65.2763671875,single_seed
C03_causal_tcn,temporal_convolutional_network,rolling_origin_2022-07-19,42118,P-H04-W005::C016::C017,34.23776059562949,gate_c_torch,24e95f611985cd7e566c7782e9a8a39fe5820cc6f4de0c848135a7d1ca297046,340f5e8ac2d6df6696e2ea0267670ec4d5d1ef1265aa1ecb1a2cebed848a9eba,5a84f27899c20bd37e8318cdc99009da9cb2fc71b7090dead1ca57fee9e7db6a,4a1388db6a465b41decad90e9701c9312bb7aa844e8aeb133c461ed0a4bd9258,1f4f2c9b9b1a9898627a6b744dae606625335b963d8397027c1dc5a4a578b4ac,bd3a9033698ba7d4b2d4e15848560c0b4d3504bf42de3c6ad9293504f3fe2cba,"{""channels"":[32,32],""dropout"":0.1,""kernel_size"":2,""weight_decay"":0.01}",91,2945,3.4595718999626115,0.0008925000438466668,1570.3203125,65.2763671875,single_seed
C03_causal_tcn,temporal_convolutional_network,rolling_origin_2022-07-19,42118,P-H04-W006::C016::C017,43.64823520263301,gate_c_torch,24e95f611985cd7e566c7782e9a8a39fe5820cc6f4de0c848135a7d1ca297046,340f5e8ac2d6df6696e2ea0267670ec4d5d1ef1265aa1ecb1a2cebed848a9eba,5a84f27899c20bd37e8318cdc99009da9cb2fc71b7090dead1ca57fee9e7db6a,4a1388db6a465b41decad90e9701c9312bb7aa844e8aeb133c461ed0a4bd9258,1f4f2c9b9b1a9898627a6b744dae606625335b963d8397027c1dc5a4a578b4ac,bd3a9033698ba7d4b2d4e15848560c0b4d3504bf42de3c6ad9293504f3fe2cba,"{""channels"":[32,32],""dropout"":0.1,""kernel_size"":2,""weight_decay"":0.01}",91,2945,3.4595718999626115,0.0008925000438466668,1570.3203125,65.2763671875,single_seed
C03_causal_tcn,temporal_convolutional_network,rolling_origin_2022-07-19,42119,P-D01-W002::C016::C017,43.69481517050221,gate_c_torch,24e95f611985cd7e566c7782e9a8a39fe5820cc6f4de0c848135a7d1ca297046,340f5e8ac2d6df6696e2ea0267670ec4d5d1ef1265aa1ecb1a2cebed848a9eba,5a84f27899c20bd37e8318cdc99009da9cb2fc71b7090dead1ca57fee9e7db6a,4a1388db6a465b41decad90e9701c9312bb7aa844e8aeb133c461ed0a4bd9258,1f4f2c9b9b1a9898627a6b744dae606625335b963d8397027c1dc5a4a578b4ac,bd3a9033698ba7d4b2d4e15848560c0b4d3504bf42de3c6ad9293504f3fe2cba,"{""channels"":[32,32],""dropout"":0.1,""kernel_size"":2,""weight_decay"":0.01}",91,2945,3.492724600015208,0.0009750999743118882,1570.33984375,65.2763671875,single_seed
C03_causal_tcn,temporal_convolutional_network,rolling_origin_2022-07-19,42119,P-D01-W005::C016::C017,38.52711203804493,gate_c_torch,24e95f611985cd7e566c7782e9a8a39fe5820cc6f4de0c848135a7d1ca297046,340f5e8ac2d6df6696e2ea0267670ec4d5d1ef1265aa1ecb1a2cebed848a9eba,5a84f27899c20bd37e8318cdc99009da9cb2fc71b7090dead1ca57fee9e7db6a,4a1388db6a465b41decad90e9701c9312bb7aa844e8aeb133c461ed0a4bd9258,1f4f2c9b9b1a9898627a6b744dae606625335b963d8397027c1dc5a4a578b4ac,bd3a9033698ba7d4b2d4e15848560c0b4d3504bf42de3c6ad9293504f3fe2cba,"{""channels"":[32,32],""dropout"":0.1,""kernel_size"":2,""weight_decay"":0.01}",91,2945,3.492724600015208,0.0009750999743118882,1570.33984375,65.2763671875,single_seed
C03_causal_tcn,temporal_convolutional_network,rolling_origin_2022-07-19,42119,P-D01-W006::C016::C017,54.68662265868282,gate_c_torch,24e95f611985cd7e566c7782e9a8a39fe5820cc6f4de0c848135a7d1ca297046,340f5e8ac2d6df6696e2ea0267670ec4d5d1ef1265aa1ecb1a2cebed848a9eba,5a84f27899c20bd37e8318cdc99009da9cb2fc71b7090dead1ca57fee9e7db6a,4a1388db6a465b41decad90e9701c9312bb7aa844e8aeb133c461ed0a4bd9258,1f4f2c9b9b1a9898627a6b744dae606625335b963d8397027c1dc5a4a578b4ac,bd3a9033698ba7d4b2d4e15848560c0b4d3504bf42de3c6ad9293504f3fe2cba,"{""channels"":[32,32],""dropout"":0.1,""kernel_size"":2,""weight_decay"":0.01}",91,2945,3.492724600015208,0.0009750999743118882,1570.33984375,65.2763671875,single_seed
C03_causal_tcn,temporal_convolutional_network,rolling_origin_2022-07-19,42119,P-D01-W007::C016::C017,22.491178919959687,gate_c_torch,24e95f611985cd7e566c7782e9a8a39fe5820cc6f4de0c848135a7d1ca297046,340f5e8ac2d6df6696e2ea0267670ec4d5d1ef1265aa1ecb1a2cebed848a9eba,5a84f27899c20bd37e8318cdc99009da9cb2fc71b7090dead1ca57fee9e7db6a,4a1388db6a465b41decad90e9701c9312bb7aa844e8aeb133c461ed0a4bd9258,1f4f2c9b9b1a9898627a6b744dae606625335b963d8397027c1dc5a4a578b4ac,bd3a9033698ba7d4b2d4e15848560c0b4d3504bf42de3c6ad9293504f3fe2cba,"{""channels"":[32,32],""dropout"":0.1,""kernel_size"":2,""weight_decay"":0.01}",91,2945,3.492724600015208,0.0009750999743118882,1570.33984375,65.2763671875,single_seed
C03_causal_tcn,temporal_convolutional_network,rolling_origin_2022-07-19,42119,P-H03-W001::C016::C017,41.30652475351872,gate_c_torch,24e95f611985cd7e566c7782e9a8a39fe5820cc6f4de0c848135a7d1ca297046,340f5e8ac2d6df6696e2ea0267670ec4d5d1ef1265aa1ecb1a2cebed848a9eba,5a84f27899c20bd37e8318cdc99009da9cb2fc71b7090dead1ca57fee9e7db6a,4a1388db6a465b41decad90e9701c9312bb7aa844e8aeb133c461ed0a4bd9258,1f4f2c9b9b1a9898627a6b744dae606625335b963d8397027c1dc5a4a578b4ac,bd3a9033698ba7d4b2d4e15848560c0b4d3504bf42de3c6ad9293504f3fe2cba,"{""channels"":[32,32],""dropout"":0.1,""kernel_size"":2,""weight_decay"":0.01}",91,2945,3.492724600015208,0.0009750999743118882,1570.33984375,65.2763671875,single_seed
C03_causal_tcn,temporal_convolutional_network,rolling_origin_2022-07-19,42119,P-H03-W002::C016::C017,39.824146704960015,gate_c_torch,24e95f611985cd7e566c7782e9a8a39fe5820cc6f4de0c848135a7d1ca297046,340f5e8ac2d6df6696e2ea0267670ec4d5d1ef1265aa1ecb1a2cebed848a9eba,5a84f27899c20bd37e8318cdc99009da9cb2fc71b7090dead1ca57fee9e7db6a,4a1388db6a465b41decad90e9701c9312bb7aa844e8aeb133c461ed0a4bd9258,1f4f2c9b9b1a9898627a6b744dae606625335b963d8397027c1dc5a4a578b4ac,bd3a9033698ba7d4b2d4e15848560c0b4d3504bf42de3c6ad9293504f3fe2cba,"{""channels"":[32,32],""dropout"":0.1,""kernel_size"":2,""weight_decay"":0.01}",91,2945,3.492724600015208,0.0009750999743118882,1570.33984375,65.2763671875,single_seed
C03_causal_tcn,temporal_convolutional_network,rolling_origin_2022-07-19,42119,P-H03-W004::C016::C017,37.38692627930335,gate_c_torch,24e95f611985cd7e566c7782e9a8a39fe5820cc6f4de0c848135a7d1ca297046,340f5e8ac2d6df6696e2ea0267670ec4d5d1ef1265aa1ecb1a2cebed848a9eba,5a84f27899c20bd37e8318cdc99009da9cb2fc71b7090dead1ca57fee9e7db6a,4a1388db6a465b41decad90e9701c9312bb7aa844e8aeb133c461ed0a4bd9258,1f4f2c9b9b1a9898627a6b744dae606625335b963d8397027c1dc5a4a578b4ac,bd3a9033698ba7d4b2d4e15848560c0b4d3504bf42de3c6ad9293504f3fe2cba,"{""channels"":[32,32],""dropout"":0.1,""kernel_size"":2,""weight_decay"":0.01}",91,2945,3.492724600015208,0.0009750999743118882,1570.33984375,65.2763671875,single_seed
C03_causal_tcn,temporal_convolutional_network,rolling_origin_2022-07-19,42119,P-H03-W006::C016::C017,38.5618198169057,gate_c_torch,24e95f611985cd7e566c7782e9a8a39fe5820cc6f4de0c848135a7d1ca297046,340f5e8ac2d6df6696e2ea0267670ec4d5d1ef1265aa1ecb1a2cebed848a9eba,5a84f27899c20bd37e8318cdc99009da9cb2fc71b7090dead1ca57fee9e7db6a,4a1388db6a465b41decad90e9701c9312bb7aa844e8aeb133c461ed0a4bd9258,1f4f2c9b9b1a9898627a6b744dae606625335b963d8397027c1dc5a4a578b4ac,bd3a9033698ba7d4b2d4e15848560c0b4d3504bf42de3c6ad9293504f3fe2cba,"{""channels"":[32,32],""dropout"":0.1,""kernel_size"":2,""weight_decay"":0.01}",91,2945,3.492724600015208,0.0009750999743118882,1570.33984375,65.2763671875,single_seed
C03_causal_tcn,temporal_convolutional_network,rolling_origin_2022-07-19,42119,P-H04-W002::C016::C017,34.07687276448584,gate_c_torch,24e95f611985cd7e566c7782e9a8a39fe5820cc6f4de0c848135a7d1ca297046,340f5e8ac2d6df6696e2ea0267670ec4d5d1ef1265aa1ecb1a2cebed848a9eba,5a84f27899c20bd37e8318cdc99009da9cb2fc71b7090dead1ca57fee9e7db6a,4a1388db6a465b41decad90e9701c9312bb7aa844e8aeb133c461ed0a4bd9258,1f4f2c9b9b1a9898627a6b744dae606625335b963d8397027c1dc5a4a578b4ac,bd3a9033698ba7d4b2d4e15848560c0b4d3504bf42de3c6ad9293504f3fe2cba,"{""channels"":[32,32],""dropout"":0.1,""kernel_size"":2,""weight_decay"":0.01}",91,2945,3.492724600015208,0.0009750999743118882,1570.33984375,65.2763671875,single_seed
C03_causal_tcn,temporal_convolutional_network,rolling_origin_2022-07-19,42119,P-H04-W003::C016::C017,39.65052974026353,gate_c_torch,24e95f611985cd7e566c7782e9a8a39fe5820cc6f4de0c848135a7d1ca297046,340f5e8ac2d6df6696e2ea0267670ec4d5d1ef1265aa1ecb1a2cebed848a9eba,5a84f27899c20bd37e8318cdc99009da9cb2fc71b7090dead1ca57fee9e7db6a,4a1388db6a465b41decad90e9701c9312bb7aa844e8aeb133c461ed0a4bd9258,1f4f2c9b9b1a9898627a6b744dae606625335b963d8397027c1dc5a4a578b4ac,bd3a9033698ba7d4b2d4e15848560c0b4d3504bf42de3c6ad9293504f3fe2cba,"{""channels"":[32,32],""dropout"":0.1,""kernel_size"":2,""weight_decay"":0.01}",91,2945,3.492724600015208,0.0009750999743118882,1570.33984375,65.2763671875,single_seed
C03_causal_tcn,temporal_convolutional_network,rolling_origin_2022-07-19,42119,P-H04-W004::C016::C017,24.538319408853006,gate_c_torch,24e95f611985cd7e566c7782e9a8a39fe5820cc6f4de0c848135a7d1ca297046,340f5e8ac2d6df6696e2ea0267670ec4d5d1ef1265aa1ecb1a2cebed848a9eba,5a84f27899c20bd37e8318cdc99009da9cb2fc71b7090dead1ca57fee9e7db6a,4a1388db6a465b41decad90e9701c9312bb7aa844e8aeb133c461ed0a4bd9258,1f4f2c9b9b1a9898627a6b744dae606625335b963d8397027c1dc5a4a578b4ac,bd3a9033698ba7d4b2d4e15848560c0b4d3504bf42de3c6ad9293504f3fe2cba,"{""channels"":[32,32],""dropout"":0.1,""kernel_size"":2,""weight_decay"":0.01}",91,2945,3.492724600015208,0.0009750999743118882,1570.33984375,65.2763671875,single_seed
C03_causal_tcn,temporal_convolutional_network,rolling_origin_2022-07-19,42119,P-H04-W005::C016::C017,34.133233488735165,gate_c_torch,24e95f611985cd7e566c7782e9a8a39fe5820cc6f4de0c848135a7d1ca297046,340f5e8ac2d6df6696e2ea0267670ec4d5d1ef1265aa1ecb1a2cebed848a9eba,5a84f27899c20bd37e8318cdc99009da9cb2fc71b7090dead1ca57fee9e7db6a,4a1388db6a465b41decad90e9701c9312bb7aa844e8aeb133c461ed0a4bd9258,1f4f2c9b9b1a9898627a6b744dae606625335b963d8397027c1dc5a4a578b4ac,bd3a9033698ba7d4b2d4e15848560c0b4d3504bf42de3c6ad9293504f3fe2cba,"{""channels"":[32,32],""dropout"":0.1,""kernel_size"":2,""weight_decay"":0.01}",91,2945,3.492724600015208,0.0009750999743118882,1570.33984375,65.2763671875,single_seed
C03_causal_tcn,temporal_convolutional_network,rolling_origin_2022-07-19,42119,P-H04-W006::C016::C017,45.60597228350964,gate_c_torch,24e95f611985cd7e566c7782e9a8a39fe5820cc6f4de0c848135a7d1ca297046,340f5e8ac2d6df6696e2ea0267670ec4d5d1ef1265aa1ecb1a2cebed848a9eba,5a84f27899c20bd37e8318cdc99009da9cb2fc71b7090dead1ca57fee9e7db6a,4a1388db6a465b41decad90e9701c9312bb7aa844e8aeb133c461ed0a4bd9258,1f4f2c9b9b1a9898627a6b744dae606625335b963d8397027c1dc5a4a578b4ac,bd3a9033698ba7d4b2d4e15848560c0b4d3504bf42de3c6ad9293504f3fe2cba,"{""channels"":[32,32],""dropout"":0.1,""kernel_size"":2,""weight_decay"":0.01}",91,2945,3.492724600015208,0.0009750999743118882,1570.33984375,65.2763671875,single_seed
C03_causal_tcn,temporal_convolutional_network,rolling_origin_2022-07-19,42120,P-D01-W002::C016::C017,41.78419235174452,gate_c_torch,24e95f611985cd7e566c7782e9a8a39fe5820cc6f4de0c848135a7d1ca297046,340f5e8ac2d6df6696e2ea0267670ec4d5d1ef1265aa1ecb1a2cebed848a9eba,5a84f27899c20bd37e8318cdc99009da9cb2fc71b7090dead1ca57fee9e7db6a,4a1388db6a465b41decad90e9701c9312bb7aa844e8aeb133c461ed0a4bd9258,1f4f2c9b9b1a9898627a6b744dae606625335b963d8397027c1dc5a4a578b4ac,bd3a9033698ba7d4b2d4e15848560c0b4d3504bf42de3c6ad9293504f3fe2cba,"{""channels"":[32,32],""dropout"":0.1,""kernel_size"":2,""weight_decay"":0.01}",91,2945,3.4997315000509843,0.0016907999524846673,1570.30078125,65.2763671875,single_seed
C03_causal_tcn,temporal_convolutional_network,rolling_origin_2022-07-19,42120,P-D01-W005::C016::C017,37.66484894813998,gate_c_torch,24e95f611985cd7e566c7782e9a8a39fe5820cc6f4de0c848135a7d1ca297046,340f5e8ac2d6df6696e2ea0267670ec4d5d1ef1265aa1ecb1a2cebed848a9eba,5a84f27899c20bd37e8318cdc99009da9cb2fc71b7090dead1ca57fee9e7db6a,4a1388db6a465b41decad90e9701c9312bb7aa844e8aeb133c461ed0a4bd9258,1f4f2c9b9b1a9898627a6b744dae606625335b963d8397027c1dc5a4a578b4ac,bd3a9033698ba7d4b2d4e15848560c0b4d3504bf42de3c6ad9293504f3fe2cba,"{""channels"":[32,32],""dropout"":0.1,""kernel_size"":2,""weight_decay"":0.01}",91,2945,3.4997315000509843,0.0016907999524846673,1570.30078125,65.2763671875,single_seed
C03_causal_tcn,temporal_convolutional_network,rolling_origin_2022-07-19,42120,P-D01-W006::C016::C017,62.65100792143972,gate_c_torch,24e95f611985cd7e566c7782e9a8a39fe5820cc6f4de0c848135a7d1ca297046,340f5e8ac2d6df6696e2ea0267670ec4d5d1ef1265aa1ecb1a2cebed848a9eba,5a84f27899c20bd37e8318cdc99009da9cb2fc71b7090dead1ca57fee9e7db6a,4a1388db6a465b41decad90e9701c9312bb7aa844e8aeb133c461ed0a4bd9258,1f4f2c9b9b1a9898627a6b744dae606625335b963d8397027c1dc5a4a578b4ac,bd3a9033698ba7d4b2d4e15848560c0b4d3504bf42de3c6ad9293504f3fe2cba,"{""channels"":[32,32],""dropout"":0.1,""kernel_size"":2,""weight_decay"":0.01}",91,2945,3.4997315000509843,0.0016907999524846673,1570.30078125,65.2763671875,single_seed
C03_causal_tcn,temporal_convolutional_network,rolling_origin_2022-07-19,42120,P-D01-W007::C016::C017,23.06497739831947,gate_c_torch,24e95f611985cd7e566c7782e9a8a39fe5820cc6f4de0c848135a7d1ca297046,340f5e8ac2d6df6696e2ea0267670ec4d5d1ef1265aa1ecb1a2cebed848a9eba,5a84f27899c20bd37e8318cdc99009da9cb2fc71b7090dead1ca57fee9e7db6a,4a1388db6a465b41decad90e9701c9312bb7aa844e8aeb133c461ed0a4bd9258,1f4f2c9b9b1a9898627a6b744dae606625335b963d8397027c1dc5a4a578b4ac,bd3a9033698ba7d4b2d4e15848560c0b4d3504bf42de3c6ad9293504f3fe2cba,"{""channels"":[32,32],""dropout"":0.1,""kernel_size"":2,""weight_decay"":0.01}",91,2945,3.4997315000509843,0.0016907999524846673,1570.30078125,65.2763671875,single_seed
C03_causal_tcn,temporal_convolutional_network,rolling_origin_2022-07-19,42120,P-H03-W001::C016::C017,41.68517713655682,gate_c_torch,24e95f611985cd7e566c7782e9a8a39fe5820cc6f4de0c848135a7d1ca297046,340f5e8ac2d6df6696e2ea0267670ec4d5d1ef1265aa1ecb1a2cebed848a9eba,5a84f27899c20bd37e8318cdc99009da9cb2fc71b7090dead1ca57fee9e7db6a,4a1388db6a465b41decad90e9701c9312bb7aa844e8aeb133c461ed0a4bd9258,1f4f2c9b9b1a9898627a6b744dae606625335b963d8397027c1dc5a4a578b4ac,bd3a9033698ba7d4b2d4e15848560c0b4d3504bf42de3c6ad9293504f3fe2cba,"{""channels"":[32,32],""dropout"":0.1,""kernel_size"":2,""weight_decay"":0.01}",91,2945,3.4997315000509843,0.0016907999524846673,1570.30078125,65.2763671875,single_seed
C03_causal_tcn,temporal_convolutional_network,rolling_origin_2022-07-19,42120,P-H03-W002::C016::C017,44.21998616296036,gate_c_torch,24e95f611985cd7e566c7782e9a8a39fe5820cc6f4de0c848135a7d1ca297046,340f5e8ac2d6df6696e2ea0267670ec4d5d1ef1265aa1ecb1a2cebed848a9eba,5a84f27899c20bd37e8318cdc99009da9cb2fc71b7090dead1ca57fee9e7db6a,4a1388db6a465b41decad90e9701c9312bb7aa844e8aeb133c461ed0a4bd9258,1f4f2c9b9b1a9898627a6b744dae606625335b963d8397027c1dc5a4a578b4ac,bd3a9033698ba7d4b2d4e15848560c0b4d3504bf42de3c6ad9293504f3fe2cba,"{""channels"":[32,32],""dropout"":0.1,""kernel_size"":2,""weight_decay"":0.01}",91,2945,3.4997315000509843,0.0016907999524846673,1570.30078125,65.2763671875,single_seed
C03_causal_tcn,temporal_convolutional_network,rolling_origin_2022-07-19,42120,P-H03-W004::C016::C017,35.39635632883962,gate_c_torch,24e95f611985cd7e566c7782e9a8a39fe5820cc6f4de0c848135a7d1ca297046,340f5e8ac2d6df6696e2ea0267670ec4d5d1ef1265aa1ecb1a2cebed848a9eba,5a84f27899c20bd37e8318cdc99009da9cb2fc71b7090dead1ca57fee9e7db6a,4a1388db6a465b41decad90e9701c9312bb7aa844e8aeb133c461ed0a4bd9258,1f4f2c9b9b1a9898627a6b744dae606625335b963d8397027c1dc5a4a578b4ac,bd3a9033698ba7d4b2d4e15848560c0b4d3504bf42de3c6ad9293504f3fe2cba,"{""channels"":[32,32],""dropout"":0.1,""kernel_size"":2,""weight_decay"":0.01}",91,2945,3.4997315000509843,0.0016907999524846673,1570.30078125,65.2763671875,single_seed
C03_causal_tcn,temporal_convolutional_network,rolling_origin_2022-07-19,42120,P-H03-W006::C016::C017,36.20844333341359,gate_c_torch,24e95f611985cd7e566c7782e9a8a39fe5820cc6f4de0c848135a7d1ca297046,340f5e8ac2d6df6696e2ea0267670ec4d5d1ef1265aa1ecb1a2cebed848a9eba,5a84f27899c20bd37e8318cdc99009da9cb2fc71b7090dead1ca57fee9e7db6a,4a1388db6a465b41decad90e9701c9312bb7aa844e8aeb133c461ed0a4bd9258,1f4f2c9b9b1a9898627a6b744dae606625335b963d8397027c1dc5a4a578b4ac,bd3a9033698ba7d4b2d4e15848560c0b4d3504bf42de3c6ad9293504f3fe2cba,"{""channels"":[32,32],""dropout"":0.1,""kernel_size"":2,""weight_decay"":0.01}",91,2945,3.4997315000509843,0.0016907999524846673,1570.30078125,65.2763671875,single_seed
C03_causal_tcn,temporal_convolutional_network,rolling_origin_2022-07-19,42120,P-H04-W002::C016::C017,34.29936362476078,gate_c_torch,24e95f611985cd7e566c7782e9a8a39fe5820cc6f4de0c848135a7d1ca297046,340f5e8ac2d6df6696e2ea0267670ec4d5d1ef1265aa1ecb1a2cebed848a9eba,5a84f27899c20bd37e8318cdc99009da9cb2fc71b7090dead1ca57fee9e7db6a,4a1388db6a465b41decad90e9701c9312bb7aa844e8aeb133c461ed0a4bd9258,1f4f2c9b9b1a9898627a6b744dae606625335b963d8397027c1dc5a4a578b4ac,bd3a9033698ba7d4b2d4e15848560c0b4d3504bf42de3c6ad9293504f3fe2cba,"{""channels"":[32,32],""dropout"":0.1,""kernel_size"":2,""weight_decay"":0.01}",91,2945,3.4997315000509843,0.0016907999524846673,1570.30078125,65.2763671875,single_seed
C03_causal_tcn,temporal_convolutional_network,rolling_origin_2022-07-19,42120,P-H04-W003::C016::C017,38.01786984538869,gate_c_torch,24e95f611985cd7e566c7782e9a8a39fe5820cc6f4de0c848135a7d1ca297046,340f5e8ac2d6df6696e2ea0267670ec4d5d1ef1265aa1ecb1a2cebed848a9eba,5a84f27899c20bd37e8318cdc99009da9cb2fc71b7090dead1ca57fee9e7db6a,4a1388db6a465b41decad90e9701c9312bb7aa844e8aeb133c461ed0a4bd9258,1f4f2c9b9b1a9898627a6b744dae606625335b963d8397027c1dc5a4a578b4ac,bd3a9033698ba7d4b2d4e15848560c0b4d3504bf42de3c6ad9293504f3fe2cba,"{""channels"":[32,32],""dropout"":0.1,""kernel_size"":2,""weight_decay"":0.01}",91,2945,3.4997315000509843,0.0016907999524846673,1570.30078125,65.2763671875,single_seed
C03_causal_tcn,temporal_convolutional_network,rolling_origin_2022-07-19,42120,P-H04-W004::C016::C017,23.993796107889924,gate_c_torch,24e95f611985cd7e566c7782e9a8a39fe5820cc6f4de0c848135a7d1ca297046,340f5e8ac2d6df6696e2ea0267670ec4d5d1ef1265aa1ecb1a2cebed848a9eba,5a84f27899c20bd37e8318cdc99009da9cb2fc71b7090dead1ca57fee9e7db6a,4a1388db6a465b41decad90e9701c9312bb7aa844e8aeb133c461ed0a4bd9258,1f4f2c9b9b1a9898627a6b744dae606625335b963d8397027c1dc5a4a578b4ac,bd3a9033698ba7d4b2d4e15848560c0b4d3504bf42de3c6ad9293504f3fe2cba,"{""channels"":[32,32],""dropout"":0.1,""kernel_size"":2,""weight_decay"":0.01}",91,2945,3.4997315000509843,0.0016907999524846673,1570.30078125,65.2763671875,single_seed
C03_causal_tcn,temporal_convolutional_network,rolling_origin_2022-07-19,42120,P-H04-W005::C016::C017,33.46328339279336,gate_c_torch,24e95f611985cd7e566c7782e9a8a39fe5820cc6f4de0c848135a7d1ca297046,340f5e8ac2d6df6696e2ea0267670ec4d5d1ef1265aa1ecb1a2cebed848a9eba,5a84f27899c20bd37e8318cdc99009da9cb2fc71b7090dead1ca57fee9e7db6a,4a1388db6a465b41decad90e9701c9312bb7aa844e8aeb133c461ed0a4bd9258,1f4f2c9b9b1a9898627a6b744dae606625335b963d8397027c1dc5a4a578b4ac,bd3a9033698ba7d4b2d4e15848560c0b4d3504bf42de3c6ad9293504f3fe2cba,"{""channels"":[32,32],""dropout"":0.1,""kernel_size"":2,""weight_decay"":0.01}",91,2945,3.4997315000509843,0.0016907999524846673,1570.30078125,65.2763671875,single_seed
C03_causal_tcn,temporal_convolutional_network,rolling_origin_2022-07-19,42120,P-H04-W006::C016::C017,42.658941825075146,gate_c_torch,24e95f611985cd7e566c7782e9a8a39fe5820cc6f4de0c848135a7d1ca297046,340f5e8ac2d6df6696e2ea0267670ec4d5d1ef1265aa1ecb1a2cebed848a9eba,5a84f27899c20bd37e8318cdc99009da9cb2fc71b7090dead1ca57fee9e7db6a,4a1388db6a465b41decad90e9701c9312bb7aa844e8aeb133c461ed0a4bd9258,1f4f2c9b9b1a9898627a6b744dae606625335b963d8397027c1dc5a4a578b4ac,bd3a9033698ba7d4b2d4e15848560c0b4d3504bf42de3c6ad9293504f3fe2cba,"{""channels"":[32,32],""dropout"":0.1,""kernel_size"":2,""weight_decay"":0.01}",91,2945,3.4997315000509843,0.0016907999524846673,1570.30078125,65.2763671875,single_seed
C03_causal_tcn,temporal_convolutional_network,rolling_origin_2022-07-19,42121,P-D01-W002::C016::C017,41.721932433450014,gate_c_torch,24e95f611985cd7e566c7782e9a8a39fe5820cc6f4de0c848135a7d1ca297046,340f5e8ac2d6df6696e2ea0267670ec4d5d1ef1265aa1ecb1a2cebed848a9eba,5a84f27899c20bd37e8318cdc99009da9cb2fc71b7090dead1ca57fee9e7db6a,4a1388db6a465b41decad90e9701c9312bb7aa844e8aeb133c461ed0a4bd9258,1f4f2c9b9b1a9898627a6b744dae606625335b963d8397027c1dc5a4a578b4ac,bd3a9033698ba7d4b2d4e15848560c0b4d3504bf42de3c6ad9293504f3fe2cba,"{""channels"":[32,32],""dropout"":0.1,""kernel_size"":2,""weight_decay"":0.01}",91,2945,3.4312056000344455,0.0011388999409973621,1570.25,65.2763671875,single_seed
C03_causal_tcn,temporal_convolutional_network,rolling_origin_2022-07-19,42121,P-D01-W005::C016::C017,37.43497555635936,gate_c_torch,24e95f611985cd7e566c7782e9a8a39fe5820cc6f4de0c848135a7d1ca297046,340f5e8ac2d6df6696e2ea0267670ec4d5d1ef1265aa1ecb1a2cebed848a9eba,5a84f27899c20bd37e8318cdc99009da9cb2fc71b7090dead1ca57fee9e7db6a,4a1388db6a465b41decad90e9701c9312bb7aa844e8aeb133c461ed0a4bd9258,1f4f2c9b9b1a9898627a6b744dae606625335b963d8397027c1dc5a4a578b4ac,bd3a9033698ba7d4b2d4e15848560c0b4d3504bf42de3c6ad9293504f3fe2cba,"{""channels"":[32,32],""dropout"":0.1,""kernel_size"":2,""weight_decay"":0.01}",91,2945,3.4312056000344455,0.0011388999409973621,1570.25,65.2763671875,single_seed
C03_causal_tcn,temporal_convolutional_network,rolling_origin_2022-07-19,42121,P-D01-W006::C016::C017,57.674557123470336,gate_c_torch,24e95f611985cd7e566c7782e9a8a39fe5820cc6f4de0c848135a7d1ca297046,340f5e8ac2d6df6696e2ea0267670ec4d5d1ef1265aa1ecb1a2cebed848a9eba,5a84f27899c20bd37e8318cdc99009da9cb2fc71b7090dead1ca57fee9e7db6a,4a1388db6a465b41decad90e9701c9312bb7aa844e8aeb133c461ed0a4bd9258,1f4f2c9b9b1a9898627a6b744dae606625335b963d8397027c1dc5a4a578b4ac,bd3a9033698ba7d4b2d4e15848560c0b4d3504bf42de3c6ad9293504f3fe2cba,"{""channels"":[32,32],""dropout"":0.1,""kernel_size"":2,""weight_decay"":0.01}",91,2945,3.4312056000344455,0.0011388999409973621,1570.25,65.2763671875,single_seed
C03_causal_tcn,temporal_convolutional_network,rolling_origin_2022-07-19,42121,P-D01-W007::C016::C017,23.728302489534354,gate_c_torch,24e95f611985cd7e566c7782e9a8a39fe5820cc6f4de0c848135a7d1ca297046,340f5e8ac2d6df6696e2ea0267670ec4d5d1ef1265aa1ecb1a2cebed848a9eba,5a84f27899c20bd37e8318cdc99009da9cb2fc71b7090dead1ca57fee9e7db6a,4a1388db6a465b41decad90e9701c9312bb7aa844e8aeb133c461ed0a4bd9258,1f4f2c9b9b1a9898627a6b744dae606625335b963d8397027c1dc5a4a578b4ac,bd3a9033698ba7d4b2d4e15848560c0b4d3504bf42de3c6ad9293504f3fe2cba,"{""channels"":[32,32],""dropout"":0.1,""kernel_size"":2,""weight_decay"":0.01}",91,2945,3.4312056000344455,0.0011388999409973621,1570.25,65.2763671875,single_seed
C03_causal_tcn,temporal_convolutional_network,rolling_origin_2022-07-19,42121,P-H03-W001::C016::C017,39.41086461345382,gate_c_torch,24e95f611985cd7e566c7782e9a8a39fe5820cc6f4de0c848135a7d1ca297046,340f5e8ac2d6df6696e2ea0267670ec4d5d1ef1265aa1ecb1a2cebed848a9eba,5a84f27899c20bd37e8318cdc99009da9cb2fc71b7090dead1ca57fee9e7db6a,4a1388db6a465b41decad90e9701c9312bb7aa844e8aeb133c461ed0a4bd9258,1f4f2c9b9b1a9898627a6b744dae606625335b963d8397027c1dc5a4a578b4ac,bd3a9033698ba7d4b2d4e15848560c0b4d3504bf42de3c6ad9293504f3fe2cba,"{""channels"":[32,32],""dropout"":0.1,""kernel_size"":2,""weight_decay"":0.01}",91,2945,3.4312056000344455,0.0011388999409973621,1570.25,65.2763671875,single_seed
C03_causal_tcn,temporal_convolutional_network,rolling_origin_2022-07-19,42121,P-H03-W002::C016::C017,42.08401925504608,gate_c_torch,24e95f611985cd7e566c7782e9a8a39fe5820cc6f4de0c848135a7d1ca297046,340f5e8ac2d6df6696e2ea0267670ec4d5d1ef1265aa1ecb1a2cebed848a9eba,5a84f27899c20bd37e8318cdc99009da9cb2fc71b7090dead1ca57fee9e7db6a,4a1388db6a465b41decad90e9701c9312bb7aa844e8aeb133c461ed0a4bd9258,1f4f2c9b9b1a9898627a6b744dae606625335b963d8397027c1dc5a4a578b4ac,bd3a9033698ba7d4b2d4e15848560c0b4d3504bf42de3c6ad9293504f3fe2cba,"{""channels"":[32,32],""dropout"":0.1,""kernel_size"":2,""weight_decay"":0.01}",91,2945,3.4312056000344455,0.0011388999409973621,1570.25,65.2763671875,single_seed
C03_causal_tcn,temporal_convolutional_network,rolling_origin_2022-07-19,42121,P-H03-W004::C016::C017,34.682968293370614,gate_c_torch,24e95f611985cd7e566c7782e9a8a39fe5820cc6f4de0c848135a7d1ca297046,340f5e8ac2d6df6696e2ea0267670ec4d5d1ef1265aa1ecb1a2cebed848a9eba,5a84f27899c20bd37e8318cdc99009da9cb2fc71b7090dead1ca57fee9e7db6a,4a1388db6a465b41decad90e9701c9312bb7aa844e8aeb133c461ed0a4bd9258,1f4f2c9b9b1a9898627a6b744dae606625335b963d8397027c1dc5a4a578b4ac,bd3a9033698ba7d4b2d4e15848560c0b4d3504bf42de3c6ad9293504f3fe2cba,"{""channels"":[32,32],""dropout"":0.1,""kernel_size"":2,""weight_decay"":0.01}",91,2945,3.4312056000344455,0.0011388999409973621,1570.25,65.2763671875,single_seed
C03_causal_tcn,temporal_convolutional_network,rolling_origin_2022-07-19,42121,P-H03-W006::C016::C017,37.05841399602463,gate_c_torch,24e95f611985cd7e566c7782e9a8a39fe5820cc6f4de0c848135a7d1ca297046,340f5e8ac2d6df6696e2ea0267670ec4d5d1ef1265aa1ecb1a2cebed848a9eba,5a84f27899c20bd37e8318cdc99009da9cb2fc71b7090dead1ca57fee9e7db6a,4a1388db6a465b41decad90e9701c9312bb7aa844e8aeb133c461ed0a4bd9258,1f4f2c9b9b1a9898627a6b744dae606625335b963d8397027c1dc5a4a578b4ac,bd3a9033698ba7d4b2d4e15848560c0b4d3504bf42de3c6ad9293504f3fe2cba,"{""channels"":[32,32],""dropout"":0.1,""kernel_size"":2,""weight_decay"":0.01}",91,2945,3.4312056000344455,0.0011388999409973621,1570.25,65.2763671875,single_seed
C03_causal_tcn,temporal_convolutional_network,rolling_origin_2022-07-19,42121,P-H04-W002::C016::C017,33.465126585970005,gate_c_torch,24e95f611985cd7e566c7782e9a8a39fe5820cc6f4de0c848135a7d1ca297046,340f5e8ac2d6df6696e2ea0267670ec4d5d1ef1265aa1ecb1a2cebed848a9eba,5a84f27899c20bd37e8318cdc99009da9cb2fc71b7090dead1ca57fee9e7db6a,4a1388db6a465b41decad90e9701c9312bb7aa844e8aeb133c461ed0a4bd9258,1f4f2c9b9b1a9898627a6b744dae606625335b963d8397027c1dc5a4a578b4ac,bd3a9033698ba7d4b2d4e15848560c0b4d3504bf42de3c6ad9293504f3fe2cba,"{""channels"":[32,32],""dropout"":0.1,""kernel_size"":2,""weight_decay"":0.01}",91,2945,3.4312056000344455,0.0011388999409973621,1570.25,65.2763671875,single_seed
C03_causal_tcn,temporal_convolutional_network,rolling_origin_2022-07-19,42121,P-H04-W003::C016::C017,40.16107961199678,gate_c_torch,24e95f611985cd7e566c7782e9a8a39fe5820cc6f4de0c848135a7d1ca297046,340f5e8ac2d6df6696e2ea0267670ec4d5d1ef1265aa1ecb1a2cebed848a9eba,5a84f27899c20bd37e8318cdc99009da9cb2fc71b7090dead1ca57fee9e7db6a,4a1388db6a465b41decad90e9701c9312bb7aa844e8aeb133c461ed0a4bd9258,1f4f2c9b9b1a9898627a6b744dae606625335b963d8397027c1dc5a4a578b4ac,bd3a9033698ba7d4b2d4e15848560c0b4d3504bf42de3c6ad9293504f3fe2cba,"{""channels"":[32,32],""dropout"":0.1,""kernel_size"":2,""weight_decay"":0.01}",91,2945,3.4312056000344455,0.0011388999409973621,1570.25,65.2763671875,single_seed
C03_causal_tcn,temporal_convolutional_network,rolling_origin_2022-07-19,42121,P-H04-W004::C016::C017,24.369199420758587,gate_c_torch,24e95f611985cd7e566c7782e9a8a39fe5820cc6f4de0c848135a7d1ca297046,340f5e8ac2d6df6696e2ea0267670ec4d5d1ef1265aa1ecb1a2cebed848a9eba,5a84f27899c20bd37e8318cdc99009da9cb2fc71b7090dead1ca57fee9e7db6a,4a1388db6a465b41decad90e9701c9312bb7aa844e8aeb133c461ed0a4bd9258,1f4f2c9b9b1a9898627a6b744dae606625335b963d8397027c1dc5a4a578b4ac,bd3a9033698ba7d4b2d4e15848560c0b4d3504bf42de3c6ad9293504f3fe2cba,"{""channels"":[32,32],""dropout"":0.1,""kernel_size"":2,""weight_decay"":0.01}",91,2945,3.4312056000344455,0.0011388999409973621,1570.25,65.2763671875,single_seed
C03_causal_tcn,temporal_convolutional_network,rolling_origin_2022-07-19,42121,P-H04-W005::C016::C017,34.2135115047226,gate_c_torch,24e95f611985cd7e566c7782e9a8a39fe5820cc6f4de0c848135a7d1ca297046,340f5e8ac2d6df6696e2ea0267670ec4d5d1ef1265aa1ecb1a2cebed848a9eba,5a84f27899c20bd37e8318cdc99009da9cb2fc71b7090dead1ca57fee9e7db6a,4a1388db6a465b41decad90e9701c9312bb7aa844e8aeb133c461ed0a4bd9258,1f4f2c9b9b1a9898627a6b744dae606625335b963d8397027c1dc5a4a578b4ac,bd3a9033698ba7d4b2d4e15848560c0b4d3504bf42de3c6ad9293504f3fe2cba,"{""channels"":[32,32],""dropout"":0.1,""kernel_size"":2,""weight_decay"":0.01}",91,2945,3.4312056000344455,0.0011388999409973621,1570.25,65.2763671875,single_seed
C03_causal_tcn,temporal_convolutional_network,rolling_origin_2022-07-19,42121,P-H04-W006::C016::C017,42.4178787502969,gate_c_torch,24e95f611985cd7e566c7782e9a8a39fe5820cc6f4de0c848135a7d1ca297046,340f5e8ac2d6df6696e2ea0267670ec4d5d1ef1265aa1ecb1a2cebed848a9eba,5a84f27899c20bd37e8318cdc99009da9cb2fc71b7090dead1ca57fee9e7db6a,4a1388db6a465b41decad90e9701c9312bb7aa844e8aeb133c461ed0a4bd9258,1f4f2c9b9b1a9898627a6b744dae606625335b963d8397027c1dc5a4a578b4ac,bd3a9033698ba7d4b2d4e15848560c0b4d3504bf42de3c6ad9293504f3fe2cba,"{""channels"":[32,32],""dropout"":0.1,""kernel_size"":2,""weight_decay"":0.01}",91,2945,3.4312056000344455,0.0011388999409973621,1570.25,65.2763671875,single_seed
