relative_path,category,data_rows,columns,bytes,sha256,read_status
01_reconstruction_v3_2/audit/baseline_regression_metrics.csv,other_csv,8,8,764,06b46470b660dea7183d56e63e0b8b7f40328207fabf2db7a7bd1e73ecc03713,ok
01_reconstruction_v3_2/audit/early_warning_baseline_metrics.csv,other_csv,1,10,219,ac93638a41d3b3b34c9eb3ca59383b6ece335aa5892f8fd2abcab2e4df404050,ok
01_reconstruction_v3_2/evaluation_only/early_acceleration_labels.csv,evaluation_only,1274,8,113718,60f90951a16909d38fd3e74bcf587f7a827146a3fb297b658f42668c3d29f28a,ok
01_reconstruction_v3_2/evaluation_only/gnss_truth_residuals.csv,evaluation_only,844,8,75511,6c7b31c7329b7dba8fce16c4127012884ffd834ef86689e34309d3627f8eb40e,ok
01_reconstruction_v3_2/evaluation_only/insar_truth_relative.csv,evaluation_only,20400,7,1742203,9f0e4157ea8514a53d4787a0e9368b9018074ff05d0ccb389eef466ade8fef79,ok
01_reconstruction_v3_2/evaluation_only/leveling_adjustment_truth_residuals.csv,evaluation_only,2039,9,195058,266fe4caa0bcc30128832c8eb238e705282739d5770a0b782fd8515e1b13d995,ok
01_reconstruction_v3_2/evaluation_only/leveling_station_injected_error_labels.csv,evaluation_only,5248,5,231080,bcfb868b8e7ee6fe115821feae60d1972a00f58e71de01fa80d485250026db44,ok
01_reconstruction_v3_2/evaluation_only/next_cycle_targets.csv,evaluation_only,1274,6,111461,9e9d2d2f0b8e186d88ca2519b15d7ae841b759ea4c301d7c3359ca3ed6370c4c,ok
01_reconstruction_v3_2/evaluation_only/planar_observation_truth_residuals.csv,evaluation_only,2039,10,232049,e0cc35bb5c82dacff8ecf6f68c7e108671e3c269e02143d32b5a5a16f911e077,ok
01_reconstruction_v3_2/evaluation_only/regime_stage_transitions.csv,evaluation_only,272,6,14174,955237a2b31caf0f63cb6a0f8bc778fae38faf5f5e11596b13f163928bf743c6,ok
01_reconstruction_v3_2/evaluation_only/stress_early_acceleration_labels.csv,evaluation_only,1328,5,64202,aca12eb87c0dfc5ca23c3082028c7d3a7691edcba257b8727a27d4f99aa82fe7,ok
01_reconstruction_v3_2/evaluation_only/stress_test_measurement_labels.csv,evaluation_only,1611,11,171686,3513daf06af2407838bb3314f26b69da3c5608a1aeb75ce611fdbc79a851de14,ok
01_reconstruction_v3_2/evaluation_only/stress_test_truth_monthly.csv,evaluation_only,4320,8,383951,7a658b5d3a7809e382cfe17b0dc8cfcbc6986cf1dbe765ab0d72e1535973ed5d,ok
01_reconstruction_v3_2/evaluation_only/synthetic_truth_ensemble_quarterly.csv,evaluation_only,64512,5,2445517,3e4a7437521726724581dbf9c2cb287f85c4c88b53885c4df53d027ddbb6b381,ok
01_reconstruction_v3_2/evaluation_only/synthetic_truth_quantiles_quarterly.csv,evaluation_only,4032,8,292945,ef7da2d2723396569ebfbde1878a8acbead14d47f1c96e8cce7796def5add342,ok
01_reconstruction_v3_2/evaluation_only/truth_survey_points_monthly.csv,evaluation_only,12096,11,1916780,a0bfb4117dc9158a9e6e00f0869facacbde4eb82a5ced3216b6e13d47fd5b651,ok
01_reconstruction_v3_2/external_validation/external_cycle_schema.csv,other_csv,6,5,451,8172166836fca791e9c0f8a811ce63e039a376dd68b970b50d1a9a3068b4406e,ok
01_reconstruction_v3_2/external_validation/synthetic_smoke_fixture.csv,other_csv,58,6,3348,b904895888a25e66817a21795c6f2a809629e599e49a9644d19ee2ef2c940fc2,ok
01_reconstruction_v3_2/external_validation/synthetic_smoke_output/external_predictions.csv,other_csv,49,6,3787,5d9f4bba180e810cf14ea185630e03fe761b86e3f2d882ead5279c32d126e7de,ok
01_reconstruction_v3_2/metadata/dataset_manifest.csv,other_csv,115,4,15003,25324aead4702d61609361d4ac9770f1728b11a0bf0588c6541bd0f2f1f5910c,ok
01_reconstruction_v3_2/metadata/validation_checks.csv,other_csv,18,8,3943,047b103a8620bc2a176845ac1e57f27e00fc02bcb2c0def580bbbb31fff425c4,ok
01_reconstruction_v3_2/model_ready/early_acceleration_balanced_index.csv,model_ready,215,4,10174,c32814d9667cdef03a010574d697ee16aaabcfbe458b09476c699959e1521be2,ok
01_reconstruction_v3_2/model_ready/early_acceleration_features.csv,model_ready,1274,55,529607,f34494ce9df89561e77ffa3fbc4e590c26d40011f19584e72c6374d02adefd37,ok
01_reconstruction_v3_2/model_ready/feature_contract.csv,model_ready,68,4,7329,643dce3c0030ff359bb0a469add725831d3d4e838cdb5878bddf52fb94b00d22,ok
01_reconstruction_v3_2/model_ready/next_cycle_features.csv,model_ready,1274,57,550022,bd1eed0554b56a0daa2df725a06cbc9d77d07c1abfd3cc156bbee99bf60f2a58,ok
01_reconstruction_v3_2/model_ready/point_feature_lineage_safe.csv,model_ready,1008,12,87227,58b40c88f3480b034a6de3c2e3873d719710a38b000af47f9320db8c4683e8ca,ok
01_reconstruction_v3_2/model_ready/static_point_features.csv,model_ready,126,37,31948,42f8e0dc538acb6d107bf32a3781d080a2cc5a2e0ac69fe10f4113ce5d3a24a2,ok
01_reconstruction_v3_2/model_ready/stress_early_acceleration_features.csv,model_ready,1328,14,182004,b0f6f5c0ec281bd7ca2dadabd6df8446f57339a401d46095bc122208d1dc00a9,ok
01_reconstruction_v3_2/model_ready/stress_static_features.csv,model_ready,72,40,17636,3e572a25936fe5e06c060c6019738ede89a398ade499f9a1a16e75883f5892af,ok
01_reconstruction_v3_2/private_generation/hidden_event_catalog.csv,private_generation,34,6,2753,d1704529a21b776d15b64825d1ef15e943dbec6bf02f0da1b712d4c52a49fc08,ok
01_reconstruction_v3_2/private_generation/insar_spatial_source_catalog.csv,private_generation,5,7,452,fa24d34688176741d87671753d3a1d2bb34f3d4bd11fba799941ab985d82ccd3,ok
01_reconstruction_v3_2/private_generation/process_family_assignment.csv,private_generation,98,5,4258,4c14009ead220c04790c3451bb29575685ad8a91fa152de6bca3d0ba5b6c4c05,ok
01_reconstruction_v3_2/private_generation/process_parameters_survey_points.csv,private_generation,126,16,16695,a77d1c65dcf154b667be50ad3e1d29aabc1fe6ce8054b0f876d256543ff94c71,ok
01_reconstruction_v3_2/seed/normative_requirements.csv,other_csv,11,6,3922,570e8e63805f7e52b3d7e77500ae6b2eb937ef40e2089758f67bbdff0245f239,ok
01_reconstruction_v3_2/seed/provenance_codes.csv,other_csv,7,5,1138,aa7291cda6728d7c34a2a0a6c49cbf97f4ba24ba459b2211edca605ab8e4f204,ok
01_reconstruction_v3_2/seed/published_anchors_transcribed.csv,other_csv,45,30,9473,e70e15c73d70f18e7c59f8ca1ac36275082f8a5007319cd1d44f2921dd151efe,ok
01_reconstruction_v3_2/seed/source_layer_manifest.csv,other_csv,12,7,2044,c2a3642279d7dfa7c88b71a14a8cd3166b77950e1dff25e7e748b81fbb9efda6,ok
01_reconstruction_v3_2/seed/threshold_registry.csv,other_csv,20,8,4824,79c53d4cb4e03b850fa4505d9b62f6a5b858cf9ced15994a13ba58005a2c6949,ok
01_reconstruction_v3_2/seed/vzt_engineering_criteria.csv,other_csv,8,9,2758,f1dace30cc45a8aacd0bd7ea8a89a176a261a13f60279d899c3e0aaa0e77430b,ok
01_reconstruction_v3_2/tables/anchor_settlement_residuals.csv,core_reconstruction_table,8,14,1532,0a4176b959348dec126816748190f946f10ac3763e1b0feeda4e287bb6a2058c,ok
01_reconstruction_v3_2/tables/anchor_spatial_links.csv,core_reconstruction_table,14,5,546,b5ed2edb3748cff7147ebd97d8e8433828f0407f7786933f5f962da38d0b8707,ok
01_reconstruction_v3_2/tables/anchor_support_cells.csv,core_reconstruction_table,419,4,23308,7f4c8bd86c9df340defd2e752a2e442b755f1c1027cdd2d53372da330def15e3,ok
01_reconstruction_v3_2/tables/benchmark_observations.csv,core_reconstruction_table,475,8,41346,02693f242ebd8e498701508d0ff65840ffa270382af9dcc22684244ee1c6821c,ok
01_reconstruction_v3_2/tables/campaign_point_membership.csv,core_reconstruction_table,3654,13,338011,13c507b8707ea160d0c670a8d2fddc363be13352e11a30a9f51be8f80be6ebae,ok
01_reconstruction_v3_2/tables/coordinate_calibration_checks.csv,core_reconstruction_table,20,9,1195,5582bcd2e60bc2e4c562c1926ccd1da49b04066c282ad3573d3b10271d1ae2c5,ok
01_reconstruction_v3_2/tables/curvatures.csv,core_reconstruction_table,1561,9,179608,002353572e6a784f5edc87eefbc6faf6272aef31b8e0faa7d7deb6d25cbfb59b,ok
01_reconstruction_v3_2/tables/data_dictionary.csv,core_reconstruction_table,584,7,42314,cbe3f85b1bcb2e265c10f2f9ad180197f4004f6b0125f8409897c8a79e36c23f,ok
01_reconstruction_v3_2/tables/data_dictionary_v3_2.csv,core_reconstruction_table,8,5,894,87b238d697cf59e4034ee0d867ff14ff81b2f038de10d98e5b27c0a0a313ecfd,ok
01_reconstruction_v3_2/tables/datum_benchmarks.csv,core_reconstruction_table,28,9,3431,3cf46650a5a071fc9fb9e171809c1d6c7baff8a343b5d5cdab67bc7fb2851a12,ok
01_reconstruction_v3_2/tables/field_coverage_summary.csv,core_reconstruction_table,16,7,1578,bcdc6a22ef1dfa52553bcc5aa60ceadb7546bbed0eb86485ebd851761483ef43,ok
01_reconstruction_v3_2/tables/field_grid_50m.csv,core_reconstruction_table,16480,54,8769328,ed47d7294dfd1dff42f686180d89fac262507c3d197eaf8e57a4d45254e785c5,ok
01_reconstruction_v3_2/tables/forced_layer_memberships.csv,core_reconstruction_table,12,4,475,7d6a400c76480cdc1f95aa5f48ca904d66a0af7e62a41b2b11c785c5742e9264,ok
01_reconstruction_v3_2/tables/gnss_adjusted_epochs.csv,core_reconstruction_table,844,15,148453,03d5346883dd9ae022eae77e0f5aed621e2d68b98f5ef29c9cc243828ed90243,ok
01_reconstruction_v3_2/tables/gnss_network_design.csv,core_reconstruction_table,56,6,4789,2c09e89f4a378b1f2cf4bd8ce718a118baf1656a1c357cd343916c6777aac2fc,ok
01_reconstruction_v3_2/tables/gnss_sessions_raw.csv,core_reconstruction_table,1688,15,260180,a2f97924932a5ef21eb3781bd8986e0bcdfce7f1264ae316dd21b1fc8543e7b3,ok
01_reconstruction_v3_2/tables/grid_coverage_summary.csv,core_reconstruction_table,1,11,365,3b90c35da058ea881356b9d873fedcdef66f9e6163af35b9be0fb827da84dcba,ok
01_reconstruction_v3_2/tables/horizontal_displacements.csv,core_reconstruction_table,2039,10,179099,13b7251f5cdd7301fc33caa5d4228a979b8cfb8d440e59844355164512d18d65,ok
01_reconstruction_v3_2/tables/horizontal_strains.csv,core_reconstruction_table,1800,10,177973,a9f4fcb99b6e80713ec94ffb3b78c577381a8a1562d13494d241ca3f429121e0,ok
01_reconstruction_v3_2/tables/insar_acquisition_catalog.csv,core_reconstruction_table,34,8,4627,eefcff8a363192a29e06bcf0f142cd97ada969b57474cb6901f9efdf96d17c6e,ok
01_reconstruction_v3_2/tables/insar_observations_relative.csv,core_reconstruction_table,20400,16,3552475,17209a371e8f9db984bea3324406ad227ede2478975ea7767854d50f10a37b4d,ok
01_reconstruction_v3_2/tables/insar_point_catalog.csv,core_reconstruction_table,600,8,73412,0648eb16f5c1e1019023227ec6b3510f48c1d4b87dba2e861ff26b2bbf962805,ok
01_reconstruction_v3_2/tables/integrated_features_reconstructed.csv,core_reconstruction_table,1395,31,587147,4be45ad6ef6c7361e5f1f802e20735bb59a0d715b9fe12bbbf88596780185d99,ok
01_reconstruction_v3_2/tables/leveling_adjusted_epochs.csv,core_reconstruction_table,2039,13,354118,0177b382bf2e7c4a1dcbc8b0131614634ce695fe6cb1717fb2d3e1c288eb72db,ok
01_reconstruction_v3_2/tables/leveling_runs_summary.csv,core_reconstruction_table,271,13,24984,a638daf28a5a45bd67f88c74d1c84e17c9eadb1d46a3640a04ffb9dcc75cd750,ok
01_reconstruction_v3_2/tables/leveling_stations_raw.csv,core_reconstruction_table,5248,20,886403,42a04eee4416cdfc1821fbb31173d8e05fff595a39fe34dbe77c9449b368b0a0,ok
01_reconstruction_v3_2/tables/normative_requirements.csv,core_reconstruction_table,11,6,3922,570e8e63805f7e52b3d7e77500ae6b2eb937ef40e2089758f67bbdff0245f239,ok
01_reconstruction_v3_2/tables/overview_georeference.csv,core_reconstruction_table,1,7,331,d6a1fb766ae6bf5c4ae6a10f8530e661a89530b1e330ec99c03d65d2df5f3945,ok
01_reconstruction_v3_2/tables/plan_units_reconstructed.csv,core_reconstruction_table,538,37,304579,00361808b863838a705662ee7c863732cf0443c9db462cbc7c85306bb347d3e5,ok
01_reconstruction_v3_2/tables/planar_observations_raw.csv,core_reconstruction_table,2039,9,146926,f84f82574e15ec4cc726acc86d2a9e3157c95116ff43fa03fcc66815a7536f2b,ok
01_reconstruction_v3_2/tables/point_feature_lineage.csv,core_reconstruction_table,1134,12,99765,0f2849ec1a0a4912a0fe1342779b0a479d0fbf077c627f88b6de88ef109496ca,ok
01_reconstruction_v3_2/tables/profile_kinematics.csv,core_reconstruction_table,239,12,26503,cb0f6bff8a09ac7cc8c76d75cae393a6ac70a5f118e8363c93c2b2e724732a77,ok
01_reconstruction_v3_2/tables/provenance_codes.csv,core_reconstruction_table,7,5,1136,486c8b7bdebaf91a974efd67a1331754c476494edd257dfe3ced7711b680951c,ok
01_reconstruction_v3_2/tables/published_anchor_spatial_links_all.csv,core_reconstruction_table,45,5,1566,31b6b138580f076013a55f54fb895bdb95df9226012935ac31a20fb88a65a044,ok
01_reconstruction_v3_2/tables/published_anchors.csv,core_reconstruction_table,45,30,9231,9773bc973865084494ac8b2fe677af3a11ac9c50b1ba7e843a4649bd44eef3c2,ok
01_reconstruction_v3_2/tables/published_combined_rows.csv,core_reconstruction_table,14,35,5342,a06c558b637961969555871532e128909277383d9e90fcf6fcedc2d481fe2b2a,ok
01_reconstruction_v3_2/tables/settlement_rates.csv,core_reconstruction_table,1913,10,155476,70d86c144a762db3040af70e0488b21642e3932cdac279544a6c22ce493ce856,ok
01_reconstruction_v3_2/tables/source_declared_integrated_layer_metadata.csv,core_reconstruction_table,1,7,303,85b2a4875c5048ca456ee0c60ba6c6c4def5cbc6ade8040d0d8985e2d063c78e,ok
01_reconstruction_v3_2/tables/source_layer_manifest.csv,core_reconstruction_table,12,7,2044,c2a3642279d7dfa7c88b71a14a8cd3166b77950e1dff25e7e748b81fbb9efda6,ok
01_reconstruction_v3_2/tables/source_registry.csv,core_reconstruction_table,6,8,1162,bb0abaab709b3dde2677b2ce3603777f889976b7baa4dab666fcf34737381d8e,ok
01_reconstruction_v3_2/tables/stress_test_measurements.csv,core_reconstruction_table,1611,9,165321,b69973c18373296202b90ed8fdf9d2054cb892c7f57065be8b6e81324b029ca7,ok
01_reconstruction_v3_2/tables/stress_test_scenario_catalog.csv,core_reconstruction_table,72,10,9128,0356eb57e3c7bc7d39c986c47ce4326cfe650fad99d139eac80563ec7fd14861,ok
01_reconstruction_v3_2/tables/survey_campaigns.csv,core_reconstruction_table,29,13,2359,c193ece0a743a42447cffa38a3a77f855557c706d094c682c70bf121086aced3,ok
01_reconstruction_v3_2/tables/survey_points.csv,core_reconstruction_table,126,15,22322,36c1b86e6e370a50cbb3bbf94e96684ef4c6b0b35a5cd62147cb6fd9869fb7f9,ok
01_reconstruction_v3_2/tables/survey_profiles.csv,core_reconstruction_table,14,4,611,51b718e103d6993493810cc8a4df384ce57db45bb325f4cbec55c8da09bb0e49,ok
01_reconstruction_v3_2/tables/threshold_registry.csv,core_reconstruction_table,20,8,4824,79c53d4cb4e03b850fa4505d9b62f6a5b858cf9ced15994a13ba58005a2c6949,ok
01_reconstruction_v3_2/tables/tilts.csv,core_reconstruction_table,1800,10,173972,9b8e1c7e6e90232f43a6f80d975a120b3ac3af599cf67acd2435dff036cee453,ok
01_reconstruction_v3_2/tables/vzt_engineering_criteria.csv,core_reconstruction_table,8,9,2752,4d0940b2af2a81a7745ffa327163867be829e363456a618baa2f4e7a91ab632b,ok
02_eda_targets_v1/metadata/artifact_manifest.csv,other_csv,67,3,7340,11842745e779ffceeb759703da2998867aed93d10f0cb8ee44290f219ab7b4f7,ok
02_eda_targets_v1/metadata/eda_issue_register.csv,other_csv,10,4,1884,acbe9afc40e12f23f73403540b680222ef4c3f2df571e352b1c6b03cbf478fc1,ok
02_eda_targets_v1/metadata/source_feature_contract_v3_2.csv,other_csv,68,4,7329,643dce3c0030ff359bb0a469add725831d3d4e838cdb5878bddf52fb94b00d22,ok
02_eda_targets_v1/metadata/target_validation_checks.csv,other_csv,12,6,1001,036e928f894514c637fcb8db18c43e92a3bd4386048f7459f61e0eef4361b31b,ok
02_eda_targets_v1/tables/campaign_missingness_by_reason.csv,eda_summary,5,3,228,bfc74acfa9f19abed3a562649683afbb2a137f53c641b3ca9582206d33d3d75d,ok
02_eda_targets_v1/tables/campaign_summary.csv,eda_summary,29,10,2091,dd0e225e82bdcd9350180485e3a1552636bc7416d1e327714573a137e5efe586,ok
02_eda_targets_v1/tables/categorical_split_drift.csv,eda_summary,42,5,2285,45b88a8af21b35a97764d8c67611bfb63cffd0882c48b4824a851587985490af,ok
02_eda_targets_v1/tables/dataset_overview.csv,eda_summary,14,3,782,9f86a40c7fbce33431353c6f2ce78057a779eaf59b5e6c265fa89456141033e8,ok
02_eda_targets_v1/tables/early_warning_formal_balance.csv,eda_summary,3,9,355,129b25dd5ad9afd9697e2ce3f96add76a5a9619115d6c00b7fe89e6d8ebd52c8,ok
02_eda_targets_v1/tables/existing_next_available_target_summary_by_split.csv,eda_summary,3,9,483,d27ae45ac72f5f235aeeec7f3f76f1f92c42dc6907c69ec317418f2f095eb8fd,ok
02_eda_targets_v1/tables/existing_target_summary_by_family.csv,eda_summary,6,7,648,4a0465b9457059e048ddcc68fc62ffc5356fe7ff32447a76d21f3efd8dd4e0d4,ok
02_eda_targets_v1/tables/feature_lineage_summary.csv,eda_summary,8,9,821,e1aca8e384d78593aa07f0dfd31e8eeb8fcb712fc9df14ff0f0deb46ef646b89,ok
02_eda_targets_v1/tables/feature_missingness.csv,eda_summary,57,5,2400,07d35706d4bb943b3a8538523a4152bb0e1df4fa1d7d852f4e3dfffa0f1d54a7,ok
02_eda_targets_v1/tables/feature_pair_correlations.csv,eda_summary,6,4,509,e0999f47325a7804f3c3ce8de5a7f93327d800dd16a359a13e40d72690e7d336,ok
02_eda_targets_v1/tables/formal_primary_target_summary_by_split.csv,eda_summary,3,9,494,fbcd6e01fe6124d57d138b1fdd09de1c6e3239c54021b69dd6b6ca31dfc4b386,ok
02_eda_targets_v1/tables/formal_target_sanity_baselines.csv,eda_summary,12,10,1906,b353b68a6a734562e312056571455ea4fa8cef988584307c4ce0d8744e6abee1,ok
02_eda_targets_v1/tables/formal_target_sanity_predictions.csv,eda_summary,1216,8,152872,0ebc97d5b4231f2d3c8ae2d124b0a5841bc411c37dba07ab4f567c55f0626f60,ok
02_eda_targets_v1/tables/formal_target_summary_by_horizon.csv,eda_summary,10,7,1019,65e2aa1c038770f96d745fc50a9fb27fe2bd8a7b6e56ffdb4a14fc9075c20c55,ok
02_eda_targets_v1/tables/kinematic_summary.csv,eda_summary,6,15,1533,d8a3ff4ff58880e013b5bdce89a27a3f09bad2f2217725bd8419d2d83a213279,ok
02_eda_targets_v1/tables/next_planned_target_summary.csv,eda_summary,13,3,372,dba041edffee8a28d5e89b8d460a9a0a8e61f1776d1b5ea1e00ac684d262e1f0,ok
02_eda_targets_v1/tables/numeric_split_drift.csv,eda_summary,76,8,9525,2bfdc4da048af94d91ca29608b9ae3c70d6442c625ecd0d8a51359cca6b38c4a,ok
02_eda_targets_v1/tables/observed_membership_without_adjusted_leveling.csv,eda_summary,18,13,1741,5e89fcad38b964a4b9cf9d8a464da6af0a7ea858de9e4301cd946a66423c944a,ok
02_eda_targets_v1/tables/persistence_residual_correlations.csv,eda_summary,20,5,1978,9fb97a8a2820fa649ae0a52a118daf40019ec5784da377042fef0c9ea15e24cd,ok
02_eda_targets_v1/tables/point_observation_summary.csv,eda_summary,98,8,7834,13bb9160aed263e9e41e0847e66bcf1d84a6e676943e7410d74613aea6aee740,ok
02_eda_targets_v1/tables/profile_reference_threshold_exceedance.csv,eda_summary,2,4,184,239b8c36c279ab5d1c41fa8b9a2ecd700540cb1e7cef949e65a078ea5600220b,ok
02_eda_targets_v1/tables/regime_stage_summary.csv,eda_summary,17,8,1628,3fb7f9d35e72c156987721abcde7a83c1ac93c7f1b65d696110772810a066ae9,ok
02_eda_targets_v1/tables/sensor_quality_summary.csv,eda_summary,3,7,368,683f3996e3904502712c00411d592563d572e23695a7e33029b000e6f6968def,ok
02_eda_targets_v1/tables/target_correlations.csv,eda_summary,117,6,12944,7e1db42b0e69a3fc83f1771dcb61df9ee3e3cf19e6474d28b073d8d846739cb5,ok
02_eda_targets_v1/tables/target_distribution_summary.csv,eda_summary,5,15,1344,c7de5512073f7ba4f0454e265a805427728ff944f6e838330c7700fe160f3106,ok
02_eda_targets_v1/tables/target_noise_calibration.csv,eda_summary,9,3,439,f0cde7ec6138fba514c14be9b0e01428ea2d12c7afdf0a7a6bc8efa8ea7acbbf,ok
02_eda_targets_v1/tables/target_semantics_comparison.csv,eda_summary,2,8,460,95e37a4e3767e546b09bc87fcc7c7af5b0a287151e42461406801e8860101be3,ok
02_eda_targets_v1/target_tables/early_warning_labels_formal.csv,formal_target_table,1274,19,224352,6eb0c504d8bda621cfb82d59baefc8614c12fd3bec6561b9fa23a01daad30bc7,ok
02_eda_targets_v1/target_tables/fixed_horizon_targets_synthetic.csv,formal_target_table,1274,18,301652,e8ca056f908fc2443cef1ddb3d1ae27fe04ca167203f39805e45f7c97b4a7ebb,ok
02_eda_targets_v1/target_tables/formal_feature_contract.csv,formal_target_table,69,4,7427,241bad48e67659ffc953349cd2bce59e61f2a2867d57698abd6574edd4a05272,ok
02_eda_targets_v1/target_tables/next_available_targets_formal.csv,formal_target_table,1274,15,221327,a9e56ba7fcb3e161de6fbfb2e4537b2670c09559f955cef16aabcd536a54fb4c,ok
02_eda_targets_v1/target_tables/next_planned_evaluation_truth.csv,formal_target_table,1274,10,196919,cbed87cb98477830314cd4a54e20104b2749d324564109bd054a1c0d8709e615,ok
02_eda_targets_v1/target_tables/next_planned_features.csv,formal_target_table,1274,58,567264,5d360910e8eeea10a2572bb35d3de4f0b9b316ec5a6ee3b43389c07b09848ab6,ok
02_eda_targets_v1/target_tables/next_planned_operational_targets.csv,formal_target_table,1274,22,306693,289912a0b2c79ee1163529c6998d879594062cf0d453ec7665b2bb06f562ee1b,ok
02_eda_targets_v1/target_tables/profile_next_full_campaign_targets.csv,formal_target_table,179,17,37146,d07c9ef2cd227db24fc3f8af040b122ceec93579d8845c37044858c6e21b9f05,ok
02_eda_targets_v1/target_tables/target_catalog.csv,formal_target_table,8,11,2349,ce246a02bda66c7690a38ad0151ead08bdea7c41a8c7bc62a2909b7ba7e2b683,ok
03_model_ready_only_v3_2/data_dictionary_v3_2.csv,other_csv,8,5,894,87b238d697cf59e4034ee0d867ff14ff81b2f038de10d98e5b27c0a0a313ecfd,ok
03_model_ready_only_v3_2/external_validation/external_cycle_schema.csv,other_csv,6,5,451,8172166836fca791e9c0f8a811ce63e039a376dd68b970b50d1a9a3068b4406e,ok
03_model_ready_only_v3_2/external_validation/synthetic_smoke_fixture.csv,other_csv,58,6,3348,b904895888a25e66817a21795c6f2a809629e599e49a9644d19ee2ef2c940fc2,ok
03_model_ready_only_v3_2/external_validation/synthetic_smoke_output/external_predictions.csv,other_csv,49,6,3787,5d9f4bba180e810cf14ea185630e03fe761b86e3f2d882ead5279c32d126e7de,ok
03_model_ready_only_v3_2/model_ready/early_acceleration_balanced_index.csv,model_ready,215,4,10174,c32814d9667cdef03a010574d697ee16aaabcfbe458b09476c699959e1521be2,ok
03_model_ready_only_v3_2/model_ready/early_acceleration_features.csv,model_ready,1274,55,529607,f34494ce9df89561e77ffa3fbc4e590c26d40011f19584e72c6374d02adefd37,ok
03_model_ready_only_v3_2/model_ready/feature_contract.csv,model_ready,68,4,7329,643dce3c0030ff359bb0a469add725831d3d4e838cdb5878bddf52fb94b00d22,ok
03_model_ready_only_v3_2/model_ready/next_cycle_features.csv,model_ready,1274,57,550022,bd1eed0554b56a0daa2df725a06cbc9d77d07c1abfd3cc156bbee99bf60f2a58,ok
03_model_ready_only_v3_2/model_ready/point_feature_lineage_safe.csv,model_ready,1008,12,87227,58b40c88f3480b034a6de3c2e3873d719710a38b000af47f9320db8c4683e8ca,ok
03_model_ready_only_v3_2/model_ready/static_point_features.csv,model_ready,126,37,31948,42f8e0dc538acb6d107bf32a3781d080a2cc5a2e0ac69fe10f4113ce5d3a24a2,ok
03_model_ready_only_v3_2/model_ready/stress_early_acceleration_features.csv,model_ready,1328,14,182004,b0f6f5c0ec281bd7ca2dadabd6df8446f57339a401d46095bc122208d1dc00a9,ok
03_model_ready_only_v3_2/model_ready/stress_static_features.csv,model_ready,72,40,17636,3e572a25936fe5e06c060c6019738ede89a398ade499f9a1a16e75883f5892af,ok
03_model_ready_only_v3_2/source_registry.csv,other_csv,6,8,1162,bb0abaab709b3dde2677b2ce3603777f889976b7baa4dab666fcf34737381d8e,ok
05_audit_and_result_tables/v2_1_independent_audit/tables/audit_checks.csv,other_csv,30,7,10313,1b7f1cf38d8344fb485938feddd14a8c0e1b60259f9bd5b316e62592fc59254d,ok
05_audit_and_result_tables/v2_1_independent_audit/tables/issue_register.csv,other_csv,20,8,17871,130f77d8a1fb2d1b7218d8c3f99eac032291659a55aa6fa408dbfdf1a2e8b1ca,ok
05_audit_and_result_tables/v3_1_baseline_audit/tables/baseline_temporal_metrics.csv,other_csv,26,12,5066,88c5a1612b38b9546942e2be81c3e1133ef28a61a7ca80f908e0460b4a7595df,ok
05_audit_and_result_tables/v3_1_baseline_audit/tables/feature_contract.csv,other_csv,20,4,1536,272d144e4142f16c95946432549a02a52a3a681efa4032ef65993790a7f31ed2,ok
05_audit_and_result_tables/v3_1_baseline_audit/tables/issue_register.csv,other_csv,18,9,3628,318b7b119949932fbae43218703ca3a8c95c358a2330f83c961114539015a035,ok
05_audit_and_result_tables/v3_1_baseline_audit/tables/predictions_2025.csv,other_csv,686,21,223025,b83fb8f412b30a0e8351cd055514b83d2fa8d5d3937d308a0d1267522d88ab93,ok
05_audit_and_result_tables/v3_1_baseline_audit/tables/stress_test_metrics.csv,other_csv,10,9,1495,74b4843147a81ae52713584b349a57d9841a7731436e63718abb52b39c49b501,ok
05_audit_and_result_tables/v3_2_independent_audit/tables/independent_checks.csv,other_csv,18,8,3943,047b103a8620bc2a176845ac1e57f27e00fc02bcb2c0def580bbbb31fff425c4,ok
05_audit_and_result_tables/v3_2_independent_audit/tables/requirement_status.csv,other_csv,12,4,2159,c961885aee5b1572e9bbfb7a1ef0a0cf146e39e87b0aed9ace83b2e4b653bc16,ok
